Country,Code,Year,GDP_pc_2015usd,GDP_usd,Population,Employment,LF_participation_pct,RD_pct_GDP,GERD_mEUR,Researchers,Patent_apps,Tertiary_pct,Gross_savings_usd,Educ_spend_pct_GDP,GDP_growth_pct,Prod_per_hour_growth_pct,Tertiary_share,GDP_2015usd,Y_per_worker,log_Y_per_worker,log_GDP_pc,Savings_rate,Researchers_per_1000_emp,Patents_per_million,Frontier_gap,Y_per_worker_idx,GDP_pc_2015usd_idx,RD_pct_GDP_idx,Researchers_idx,Patents_per_million_idx,Tertiary_share_idx,Y by L,PIB towards research,Patents per capita,Human Capital Proxy,Labor in research,Savings Percentage,Labor,Population_idx
Austria,AUT,1998,36180.749084310075,217068085815.91818,7976789.0,5673810.247810001,71.129,1.73154997825623,3366.31,159300.0,1957.0,7.0,83379612475.08496,6.10374021530151,3.492880283813321,3.7,0.07,288606201307.4847,50866.38232550728,10.83695751921771,10.496282463110578,0.38411732503963747,28.076370735430785,245.3368140990065,0.38115109328682095,,,,,,,,,,,0.019970441740404566,0.38411732503963747,,
Austria,AUT,1999,37468.86995256933,216421809125.91553,7992324.0,5704840.9479600005,71.379,1.845370054245,3200.5810324674803,165300.0,2028.0,12.3,85331351012.29346,6.11233997344971,3.7619244555825446,2.0,0.12300000000000001,299463348574.7987,52492.847970088296,10.868432210158508,10.531265732607817,0.39428258804844923,28.975391515360265,253.74346685644875,0.37308170239816185,103.1975256942254,103.56023825061669,106.57330584840487,103.76647834274952,103.42657614932985,175.71428571428572,103.56023825061669,106.57330584840487,103.42657614932985,175.71428571428572,0.020682344709749004,0.39428258804844923,100.54691113721996,100.19475255018028
Austria,AUT,2000,38571.085851590105,196181599831.28668,8011566.0,5700549.671639999,71.154,1.88601994514465,3645.652074675407,180100.0,1961.0,6.231957344341026,87283089549.50195,5.58880996704102,3.1895226785978252,2.2,0.06231957344341026,309014799991.68036,54207.8953419205,10.900581847333957,10.560258203556579,0.44490966341677374,31.593444557809942,244.7711221501514,0.37384728273790735,103.2672019868487,102.94168439137886,102.2028042996656,108.95341802782818,96.46400956940762,50.66631987269127,102.94168439137886,102.2028042996656,96.46400956940762,50.66631987269127,0.022479999540664083,0.44490966341677374,99.92477833546725,100.24075600538718
Austria,AUT,2001,38929.75381740201,196477206829.33017,8042293.0,5666358.379009999,70.457,1.99210000038147,4085.027991883072,178200.0,1815.0,7.494289645682784,89234828086.71045,5.57547998428345,1.3169876089574615,1.4,0.07494289645682783,313084486617.41547,55253.20949998157,10.919681708190216,10.569514116859924,0.45417394478853845,31.448769753093927,225.68190440214005,0.37865751750501175,101.92834300514282,100.92988817372668,105.62454578011815,98.94503053858968,92.20119694663109,120.25579174555851,100.92988817372668,105.62454578011815,92.20119694663109,120.25579174555851,0.022157859704937385,0.45417394478853845,99.40021060074083,100.3835330071549
Austria,AUT,2002,39313.72260590573,212837224022.81332,8081957.0,5775447.29177,71.461,2.06597995758057,4663.416,191100.0,1932.0,8.756621947024541,91186566623.91943,5.52213001251221,1.4843689777327,1.7,0.08756621947024541,317731815610.85803,55014.2351854938,10.91534725228052,10.579328912632489,0.42843335813356337,33.08834629524143,239.05101202592394,0.3829880311178293,99.5674924286745,100.98631188448996,103.7086470149567,107.23905723905725,105.9238722126173,116.84392198624116,100.98631188448996,103.7086470149567,105.9238722126173,116.84392198624116,0.023645263146042473,0.42843335813356337,101.9252031986558,100.49319267527308
Austria,AUT,2003,39569.28864051011,260779834340.0967,8121423.0,5807629.5873,71.51,2.17456007003784,4945.687999999999,187400.0,2120.0,10.018954248365844,93138305161.12842,5.36183023452759,1.1415650147739171,1.0,0.10018954248365844,321358930858.67755,55333.92342401078,10.921141442903059,10.585808556975271,0.3571530191236407,32.26789814725827,261.03799789765907,0.38863869665058637,100.58110094130923,100.65006826538982,105.25562274013664,98.06384092098378,109.19761254528835,114.4157451238401,100.65006826538982,105.25562274013664,109.19761254528835,114.4157451238401,0.023074773965104392,0.3571530191236407,100.55722602777209,100.4883223209428
Austria,AUT,2004,40333.33070621804,299210411454.8228,8171966.0,5760745.71204,70.494,2.16612005233765,5227.96,140000.0,2248.0,15.4,95090043698.33691,5.30243015289307,2.5652550925735653,1.8,0.154,329602607197.9698,57215.26754932057,10.954576056950277,10.604933470775677,0.31780325836921747,24.3024092709732,275.0868028574764,0.3686647350749279,103.3999832451668,101.9308966422149,99.61187470438362,74.70651013874067,105.38190036430069,153.70865679431404,101.9308966422149,99.61187470438362,105.38190036430069,153.70865679431404,0.017131740391479848,0.31780325836921747,99.19271925739677,100.62234167583685
Austria,AUT,2005,40989.013215253966,313952317330.7765,8227829.0,5864302.841460001,71.274,2.37323999404907,6011.922,161100.0,2270.0,15.0,84403921881.92209,5.24937009811401,2.3203652667973103,2.5,0.15,337250591613.84985,57509.06812477757,10.959697920868948,10.621059339416313,0.26884312433023105,27.47129613788702,275.8929481883982,0.37314198219509365,100.51350030864357,101.62565921919968,109.56179420840036,115.07142857142858,100.29305125602097,97.40259740259741,101.62565921919968,109.56179420840036,100.29305125602097,97.40259740259741,0.0195798916093176,0.26884312433023105,101.7976341014943,100.6835931524923
Austria,AUT,2006,42120.155775690444,333905979332.4807,8268641.0,5970702.9796899995,72.209,2.35923004150391,6302.068,157700.0,2271.0,14.7,92190184923.09581,5.22652006149292,3.2693361060239283,2.5,0.147,348276446973.2608,58330.89473014506,10.97388715873762,10.648281664619288,0.2760962385501313,26.41230028297067,274.6521465861198,0.3946377084908903,101.42903829285561,102.75962379112732,99.40966979402461,97.8895096213532,99.5502597618294,98.0,102.75962379112732,99.40966979402461,99.5502597618294,98.0,0.01907205791133029,0.2760962385501313,101.8143697743193,100.49602392076937
Austria,AUT,2007,43568.83027263677,386760177589.4965,8295487.0,6080923.79048,73.304,2.41843008995056,6850.438,154500.0,2385.0,14.6,112083159742.81386,5.14690017700195,3.775224616212242,2.5,0.146,361424665131.86475,59435.81560711116,10.992652279994266,10.682097271669088,0.289800155852079,25.407323841465953,287.50572449815184,0.40682317736114193,101.89422926234506,103.43938542075009,102.50929529571916,97.9708306911858,104.67994809864037,99.31972789115646,103.43938542075009,102.50929529571916,104.67994809864037,99.31972789115646,0.0186245846687482,0.289800155852079,101.84602736335952,100.32467245826733
Austria,AUT,2008,44063.86424040445,429234399096.17255,8321496.0,6135022.925999999,73.725,2.56944990158081,7520.400000000001,138900.0,2298.0,15.0,126471673575.56752,5.26395988464355,1.453305597526807,1.05,0.15,366677270021.06866,59767.87282523494,10.998223551846436,10.693395320559684,0.29464477647149334,22.64050219133607,276.15226877474913,0.38866813724889937,100.5586820248565,101.1362112883682,106.24453906101282,89.90291262135922,96.05105055100366,102.73972602739727,101.1362112883682,106.24453906101282,96.05105055100366,102.73972602739727,0.016691710240562513,0.29464477647149334,100.88965323993526,100.31353192404498
Austria,AUT,2009,42372.47583877025,399290118782.42865,8343323.0,6185989.97189,74.143,2.59674000740051,7443.84,145900.0,2263.0,16.0,102693151650.38252,5.73024988174438,-3.586264779313126,-0.4,0.16,353527252232.55615,57149.66461941148,10.953428800778992,10.654254275681893,0.2571893137839946,23.585553915054817,271.2348545058126,0.3757896749431655,95.61937194338627,96.16150687010497,101.06209915993732,105.03959683225341,98.21931056704534,106.66666666666667,96.16150687010497,101.06209915993732,98.21931056704534,106.66666666666667,0.01748703723923909,0.2571893137839946,100.83075558974693,100.26229658705599
Austria,AUT,2010,43035.407467794954,389827789217.6341,8363404.0,6205227.5978,74.195,2.72609996795654,8027.236,146300.0,2424.0,16.2,103420224091.87663,5.70047998428345,1.808982669608497,1.5,0.162,359922498957.7862,58003.11000444094,10.968251908857237,10.669778485327235,0.26529720802982293,23.576895076639765,289.8341393050007,0.3888246170819265,101.49335151958105,101.56453361740579,104.98162928084305,100.27416038382452,106.85726207019957,101.25,101.56453361740579,104.98162928084305,106.85726207019957,101.25,0.017492877302112873,0.26529720802982293,100.31098702062917,100.2406834782736
Austria,AUT,2011,44146.195757860056,428954737064.05725,8391643.0,6237340.40904,74.328,2.66867995262146,8235.616,141500.0,2154.0,16.3,115514037794.64008,5.59226989746094,2.9274679078969257,1.0,0.163,370459114608.07605,59393.76245541392,10.991944490668772,10.695262036019692,0.2692919038154601,22.685951177992305,256.68394139264507,0.3712736585550207,102.39754808124341,102.58110322505101,97.89369370125772,96.71907040328092,88.56235570045435,100.61728395061729,102.58110322505101,97.89369370125772,88.56235570045435,100.61728395061729,0.01686201379157812,0.2692919038154601,100.51751222229764,100.33764959817798
Austria,AUT,2012,44221.46000415564,406750487603.5899,8429991.0,6313894.6591799995,74.898,2.91472005844116,9247.23,143400.0,2258.0,16.9,107999261136.36063,5.48040008544922,0.6282461794139493,1.1,0.16899999999999998,372786509841.892,59042.244124216464,10.986008468786002,10.69696547069488,0.26551722598453115,22.711813823422847,267.8531922513322,0.3627438397757601,99.4081561486169,100.17048863441916,109.21954337679244,101.34275618374558,104.35136331399934,103.680981595092,100.17048863441916,109.21954337679244,104.35136331399934,103.680981595092,0.017010694317467243,0.26551722598453115,101.22735405027832,100.45697844867804
Austria,AUT,2013,43851.36754647881,426580502769.4165,8479823.0,6384543.53493,75.291,2.95492005348206,9531.059,155900.0,2162.0,17.7,112806249601.11197,5.54711008071899,-0.2507265459267387,0.2,0.177,371851835102.0846,58242.50912656069,10.972370764472773,10.688561184234867,0.26444305088666503,24.418347082617124,254.9581518387825,0.3812282482525724,98.64548678743775,99.16309308276558,101.37920603814008,108.71687587168759,95.18578057473736,104.73372781065089,99.16309308276558,101.37920603814008,95.18578057473736,104.73372781065089,0.018384817701973262,0.26444305088666503,101.11894289600289,100.59112755873643
Austria,AUT,2014,43838.83468453633,438556021078.0341,8546356.0,6425321.36792,75.182,3.08429002761841,10226.525,166900.0,2092.0,27.4,119080037533.89151,5.44761991500854,0.7557990768927993,0.3,0.27399999999999997,374662287839.1951,58310.27996666267,10.973533685553718,10.688275340167708,0.2715275399507127,25.97535445204179,244.78268866871448,0.3830849374542975,100.11635975358601,99.97141967823649,104.37812095741477,107.0558050032072,96.00896731613341,154.80225988700565,99.97141967823649,104.37812095741477,96.00896731613341,154.80225988700565,0.019528790984134056,0.2715275399507127,100.6386961380544,100.78460364090147
Austria,AUT,2015,43915.22802085699,379546097300.6326,8642699.0,6508816.616900001,75.31,3.04969000816345,10447.807999999999,165700.0,2205.0,28.1,99986197603.39352,5.45658016204834,1.3035230979888865,2.1,0.281,379546097300.6326,58312.61189862831,10.973573676535397,10.690016418660566,0.26343624217059464,25.45777669780457,255.1286351636219,0.39033466794345983,100.00399917813287,100.17425950500369,98.87818528267015,99.28100659077292,104.22658422095749,102.55474452554748,100.17425950500369,98.87818528267015,104.22658422095749,102.55474452554748,0.019172251631116622,0.26343624217059464,101.29947195165786,101.1272991670368
Austria,AUT,2016,44362.67029181453,393687359770.2733,8736668.0,6643362.347200001,76.04,3.11654996871948,11090.529999999999,182500.0,2078.0,28.9,109148657828.24985,5.4796199798584,2.1172196709610773,1.7000000000000002,0.289,387581921933.0467,58341.22868465877,10.974064303958572,10.70015363559071,0.2772470467224066,27.47102904554331,237.84811326240163,0.4095921886216054,100.04907478004965,101.01887725766798,102.19235267771671,110.13880506940255,93.22674152584332,102.84697508896797,101.01887725766798,102.19235267771671,93.22674152584332,102.84697508896797,0.020888970486231135,0.2772470467224066,102.06713045118916,101.08726452234424
Austria,AUT,2017,45056.63869082886,414926138132.6913,8797566.0,6702425.6571,76.185,3.05656003952026,11228.23,186000.0,2073.0,29.7,111878873420.52486,5.37159013748169,2.2722501203745935,1.3,0.297,396388752620.7205,59141.08904748817,10.987681207972939,10.715675614906164,0.269635636655762,27.751147049720252,235.6333558622919,0.40034504057080866,101.37100362961627,101.56430709524349,98.0751173637088,101.91780821917808,99.06883541360433,102.76816608996539,101.56430709524349,98.0751173637088,99.06883541360433,102.76816608996539,0.021142211379829374,0.269635636655762,100.88905748043221,100.69703919160027
Austria,AUT,2018,45951.58189515824,452582294972.7754,8840521.0,6775994.13087,76.647,3.09182000160217,11847.050000000001,179100.0,2039.0,30.1,124293932733.83577,5.22655010223389,2.4842208668992782,0.4,0.301,406235924727.3662,59952.22499922794,11.00130327401595,10.735343553636485,0.2746327775400771,26.431545916496322,230.64251529972046,0.3846944209178762,101.37152691099153,101.9862626914323,101.15358316623953,96.29032258064515,97.88194649084905,101.34680134680134,101.9862626914323,101.15358316623953,97.88194649084905,101.34680134680134,0.020258986998616935,0.2746327775400771,101.09763953430901,100.48826004829064
Austria,AUT,2019,46550.56234307847,442983642371.8424,8879920.0,6827681.6888,76.889,3.13246989250183,12373.848,171800.0,2066.0,31.1,125922620712.84491,5.21779012680054,1.7549764558532956,0.1,0.311,413365269561.5494,60542.551396270566,11.011101725663075,10.748294363042094,0.28426020436922794,25.16227437518323,232.65975369147472,0.3788051341938612,100.98466136502896,101.30350343386839,101.31475606207978,95.92406476828587,100.87461688888229,103.32225913621262,101.30350343386839,101.31475606207978,100.87461688888229,103.32225913621262,0.019347021144334633,0.28426020436922794,100.76280405401359,100.44566377931798
Austria,AUT,2020,43428.69831412551,434397601557.69617,8916864.0,6820776.779519999,76.493,3.20148992538452,12131.02,175000.0,2124.0,31.3,127265791891.15875,5.57126998901367,-6.318255286702083,2.7,0.313,387247796564.0865,56774.73535372585,10.94684670564587,10.678875753035614,0.2929707517601371,25.656901795328263,238.20033590284658,0.4195940200264623,93.77658199786933,93.29360619546384,102.20337418239527,101.86263096623982,102.38140981560528,100.64308681672026,93.29360619546384,102.20337418239527,102.38140981560528,100.64308681672026,0.019625733890300447,0.2929707517601371,99.89886890463382,100.4160397841422
Austria,AUT,2021,45313.39900437539,480467037338.78296,8955797.0,6908501.8058,77.14,3.25631999969482,13159.337000000001,195000.0,1872.0,31.8,139988762942.9754,5.49411010742188,4.795329105514583,-0.2,0.318,405817602863.1881,58741.766922965246,10.980906284704789,10.721358051496779,0.29135976469550745,28.226090906756177,209.02662264452846,0.43350317300799723,103.46462481416094,104.33975864673076,101.71264241300759,111.42857142857143,87.75244663373732,101.59744408945687,104.33975864673076,101.71264241300759,87.75244663373732,101.59744408945687,0.021773606525471716,0.29135976469550745,101.28614421957633,100.43662211288633
Austria,AUT,2022,47250.96958975901,471773629830.3812,9041851.0,7021178.13852,77.652,3.450413241766512,14165.330999999998,223400.0,2149.0072463768115,32.5,129807376087.5267,4.77447128295898,5.277894212037154,2.8,0.325,427236226636.13214,60849.64919095325,11.016161333254491,10.763228453129528,0.27514758748639023,31.818021932013067,237.6733753273319,0.3962987434995764,103.58838757906672,104.27593300868148,105.96050885938367,114.56410256410257,113.70483449446544,102.20125786163523,104.27593300868148,105.96050885938367,113.70483449446544,102.20125786163523,0.024707330390646782,0.27514758748639023,101.6309807232793,100.96087483894509
Austria,AUT,2023,46338.95712494121,511685203845.0012,9131761.0,7120581.957359999,77.976,3.518338301147253,15502.470000000001,226100.0,2150.61115942029,33.6,134442012493.83556,5.30991981402688,-0.9549623668492586,-1.9,0.336,423156281454.21027,59427.20468469941,10.992507391829626,10.743738292876444,0.2627435999391542,31.75302262567146,235.50891875294258,0.4048913272839929,97.66236202645962,98.06985449666736,101.968606500767,101.20859444941807,99.08931466496473,103.38461538461539,98.06985449666736,101.968606500767,99.08931466496473,103.38461538461539,0.024759736922593572,0.2627435999391542,101.41577121216517,100.99437604092347
Belgium,BEL,1998,33566.9875682096,258528339631.0291,10203008.0,6455851.28192,63.274,1.838250041008,4193.49,171000.0,690.0,22.3,87564834548.33984,5.54697615894338,1.9618322633682368,0.7,0.223,342484242694.34314,53050.206353651745,10.878994033830073,10.421298350118256,0.33870497398200955,26.48759900633024,67.62711545457968,0.33911457867445804,,,,,,,,,,,0.016759763395265397,0.33870497398200955,,
Belgium,BEL,1999,34676.605172718206,258245733221.46774,10226419.0,6602789.69154,64.566,1.90565001964569,4563.004,158000.0,591.0,23.1,89856136840.6084,5.597084379815442,3.542718112806483,2.1,0.231,354617493993.78375,53707.22233484838,10.891302765584687,10.453820536042905,0.34794819538624905,23.929279498700634,57.79149084347121,0.35021114697198286,101.23847959575639,103.30568122103246,103.66652942386072,92.39766081871345,85.45609324751643,103.58744394618836,103.30568122103246,103.66652942386072,85.45609324751643,103.58744394618836,0.015450178601131051,0.34794819538624905,102.2760501009605,100.22945194201553
Belgium,BEL,2000,35878.31539481966,236792460312.4711,10251250.0,6686377.8125,65.225,1.93619000911713,4905.490000000001,181900.0,577.0,23.8,92147439132.87598,5.53273296356201,3.716705159952525,0.8,0.23800000000000002,367797580691.1451,55006.99945545368,10.915215718943813,10.487888363978513,0.3891485354359607,27.20456502771096,56.28581880258505,0.35921341112805116,102.42011607396408,103.46547828461277,101.60260221743751,115.12658227848101,97.39464751832708,103.03030303030303,103.46547828461277,101.60260221743751,97.39464751832708,103.03030303030303,0.017744177539324474,0.3891485354359607,101.26595158811584,100.24281226888905
Belgium,BEL,2001,36148.28811602024,236746141604.3704,10286570.0,6536703.7722000005,63.546,2.03278994560242,5311.452,201400.0,571.0,24.4,94438741425.14355,5.67605495452881,1.0996035881653654,0.2,0.244,371841896085.6103,56885.22978003373,10.948791004343944,10.49538487144544,0.398902980150618,30.810635913552588,55.50927082594101,0.3495482213512844,103.41452968381068,100.75246766251338,104.98917647702035,110.72017592083563,98.62034879626131,102.52100840336134,100.75246766251338,104.98917647702035,98.62034879626131,102.52100840336134,0.019578926697626127,0.398902980150618,97.76150788218715,100.34454334837216
Belgium,BEL,2002,36600.86254535304,258383599375.17697,10332785.0,6615358.9405499995,64.023,1.90324997901917,5135.419000000001,209500.0,601.0,24.9,68140322724.62003,5.78968381881714,1.706894106578602,0.7,0.249,378188843495.6857,57168.30286827085,10.953754878112838,10.507827085924689,0.2637176774741002,31.6687275600169,58.1643767870908,0.34458040528551237,100.49762142006232,101.25199408580632,93.62747897964141,104.02184707050645,104.7831757139728,102.04918032786885,101.25199408580632,93.62747897964141,104.7831757139728,102.04918032786885,0.02027526944574962,0.2637176774741002,101.20328488319315,100.44927512280574
Belgium,BEL,2003,36826.26992000974,318082528506.5876,10376133.0,6659920.96605,64.185,1.8411899805069,5112.352,188800.0,519.0,25.6,83414689281.90079,5.89130210876465,1.0379552849711473,0.8,0.256,382114274583.9204,57375.196572423054,10.957367373455854,10.513966726004652,0.2622422855902733,28.348684761041135,50.018634109643735,0.3524127660977907,100.36190282686708,100.61585263018704,96.73926183126757,90.11933174224343,85.9953065305516,102.81124497991969,100.61585263018704,96.73926183126757,85.9953065305516,102.81124497991969,0.018195603313874254,0.2622422855902733,100.67361462772413,100.41951903576818
Belgium,BEL,2004,37976.697319251,369214712443.20557,10421137.0,6796561.340029999,65.219,1.82050001621246,5326.112999999999,180200.0,514.0,26.8,100405532201.42009,5.62933778762817,3.5712068078027244,3.2,0.268,395760365571.4474,58229.49956186235,10.972147370630786,10.544728022166296,0.2719434757542739,26.513407440122457,49.32283300756914,0.35109342139441857,101.48897614383061,103.12393137219733,98.87627216563801,95.44491525423729,98.60891622800143,104.6875,103.12393137219733,98.87627216563801,98.60891622800143,104.6875,0.01729177919837346,0.2719434757542739,102.05168161418949,100.43372612899238
Belgium,BEL,2005,38645.26055553673,385714762230.03876,10478617.0,6993848.13048,66.744,1.79060995578766,5478.715,188200.0,517.0,27.2,105365015685.56953,5.79585981369019,2.3217379643264167,1.5,0.272,404948884226.67664,57900.725991155356,10.966485202189824,10.562179421801506,0.27316822170972616,26.909363270243546,49.33857206537847,0.36635470087421673,99.43538314225471,101.76045649958832,98.3581400626963,104.4395116537181,100.03191028748677,101.49253731343283,101.76045649958832,98.3581400626963,100.03191028748677,101.49253731343283,0.01796038542109135,0.27316822170972616,102.90274420519141,100.55157129207686
Belgium,BEL,2006,39371.08578986417,408259840868.82294,10547958.0,7015024.947480001,66.506,1.8226900100708,5844.627,195300.0,490.0,27.9,113692204427.82362,5.62658596038818,2.5523406784896423,0.5,0.27899999999999997,415284559325.8841,59199.2989953751,10.988664979507648,10.580786962675194,0.2784800096572658,27.840243115622474,46.454489105853476,0.3798598877208619,102.24275772365637,101.87817399570733,101.79157131230339,103.77258235919236,94.15450662880292,102.5735294117647,101.87817399570733,101.79157131230339,94.15450662880292,102.5735294117647,0.018515432086475884,0.2784800096572658,100.30279206246573,100.66173809005521
Belgium,BEL,2007,40520.084365261464,470922156309.4525,10625700.0,7128782.13,67.09,1.84999001026154,6277.145,204400.0,454.0,28.1,135529441645.89125,5.51823377609253,3.676924838925231,1.8,0.281,430554260439.95874,60396.60808654265,11.008688224838442,10.609553040425148,0.28779584869825514,28.67249921130638,42.726596835973154,0.39078723251696523,102.02250552200134,102.91838173204026,101.49778624120948,104.65949820788532,91.97517324668932,100.71684587813623,102.91838173204026,101.49778624120948,91.97517324668932,100.71684587813623,0.01923637972086545,0.28779584869825514,101.6216219239657,100.73703365144229
Belgium,BEL,2008,40380.907471239516,517328087920.078,10709973.0,7187569.98003,67.111,1.93684005737305,6745.836,194600.0,575.0,28.4,141889339735.30554,6.33294010162354,0.44690494771752753,-0.6,0.284,432478428732.4735,60170.32598417475,11.004934585919097,10.60611236489909,0.274273411880211,27.07451900164842,53.688277272034206,0.381957103176239,99.6253397176814,99.65652368152207,104.69462249146046,95.2054794520548,125.65540260120132,101.06761565836297,99.65652368152207,104.69462249146046,125.65540260120132,101.06761565836297,0.018169980447196272,0.274273411880211,100.82465488435399,100.79310539540924
Belgium,BEL,2009,39293.63758309615,485014525992.46063,10796493.0,7226632.589550001,66.935,1.99860000610352,6855.436,196500.0,669.0,29.4,117774282584.66335,6.45809984207153,-1.9064408937582584,-0.6,0.294,424233483110.43445,58704.172082014105,10.980266077941511,10.578817891191282,0.2428262995704465,27.191087628302405,61.964565715922745,0.34895239778064635,97.56332730763955,97.30746544287607,103.18869637662469,100.97636176772869,115.41544796074056,103.52112676056338,97.30746544287607,103.18869637662469,115.41544796074056,103.52112676056338,0.018200354504004215,0.2428262995704465,100.54347449316711,100.80784517383938
Belgium,BEL,2010,39991.564622858736,481556503720.0009,10895586.0,7375113.20754,67.689,2.06188011169434,7419.099999999999,211200.0,620.0,30.7,117413299795.05078,6.44259023666382,2.7103114134645807,1.1,0.307,435731531622.9149,59081.334667167095,10.9866703272359,10.596423826428294,0.24382040090423174,28.63684855495888,56.903777364521744,0.37040619870326275,100.64248003468317,101.77618332811933,103.16622162501596,107.48091603053436,91.83277040203551,104.42176870748298,101.77618332811933,103.16622162501596,91.83277040203551,104.42176870748298,0.019383996418366117,0.24382040090423174,102.05463078619368,100.91782581621642
Belgium,BEL,2011,40236.95961512966,527196649048.63916,11038264.0,7366716.62832,66.738,2.17332005500793,8097.5,207800.0,636.0,30.4,119266425004.88773,6.43199014663696,1.9311549785905129,-0.4,0.304,444146182789.1395,60290.92812959581,11.00693692578519,10.602541245635047,0.22622758551313213,28.20795348651674,57.61775583551906,0.3562812234386019,102.04733604825098,100.61361688292301,105.40477318159954,98.39015151515152,101.25471190853222,99.0228013029316,100.61361688292301,105.40477318159954,101.25471190853222,99.0228013029316,0.018825423997831544,0.22622758551313213,99.88614982599296,101.30950276561536
Belgium,BEL,2012,40074.49280918141,498414364944.96106,11106932.0,7434758.142160001,66.938,2.28114008903503,8773.971000000001,213300.0,755.0,31.3,118739321832.3451,6.25576496124268,0.21580367322044935,0.1,0.313,445104666566.0669,59868.076143866565,10.999898689510768,10.598495321357277,0.238234148499025,28.68956809643178,67.97556697024885,0.34885361905099366,99.29864741040257,99.5962249446721,104.96107482092445,102.64677574590952,117.97676946026525,102.96052631578947,99.5962249446721,104.96107482092445,117.97676946026525,102.96052631578947,0.01920422309238951,0.238234148499025,100.92363419516406,100.62209057511218
Belgium,BEL,2013,40007.899769786134,524097026598.5505,11159407.0,7536617.111520001,67.536,2.33072996139526,9122.789,198400.0,715.0,31.5,123276950479.99701,6.63052988052368,0.3054944785623803,0.6,0.315,446464436746.24976,59239.368292149564,10.989341604789255,10.596832207841306,0.2352178017114092,26.324808208279308,64.07150487476619,0.3642574079360905,98.94984457124332,99.8338268690951,102.1739073631908,93.01453352086263,94.25666858035717,100.63897763578275,99.8338268690951,102.1739073631908,94.25666858035717,100.63897763578275,0.017778722471543516,0.2352178017114092,101.37003742976374,100.47245269890912
Belgium,BEL,2014,40533.91348339218,537987419164.3511,11209057.0,7592342.66838,67.734,2.37001991271973,9507.539999999999,198600.0,889.0,32.6,127051595213.95764,6.59046983718872,1.7655403820308777,1.6,0.326,454346946668.4115,59842.7872019845,10.999476189136928,10.609894272656302,0.23616090393211284,26.15793420746325,79.31086441972774,0.357142433871088,101.01861131749257,101.31477462359393,101.68573588426133,100.1008064516129,123.78492525616234,103.49206349206351,101.31477462359393,101.68573588426133,123.78492525616234,103.49206349206351,0.017717815156083158,0.23616090393211284,100.73939747814467,100.44491611427023
Belgium,BEL,2015,40893.804537772005,461044767544.531,11274196.0,7620905.52816,67.596,2.42816996574402,10062.604,198600.0,949.0,32.7,111811397044.41974,6.4515700340271,1.4741643858801297,1.0,0.327,461044767544.531,60497.37342116694,11.01035522855033,10.618733852262814,0.24251744063795322,26.059895279655855,84.17451674602783,0.353553115928527,101.09384313429963,100.88787640632648,102.45356812034375,100.0,106.13239101841174,100.30674846625767,100.88787640632648,102.45356812034375,106.13239101841174,100.30674846625767,0.017615446813236173,0.24251744063795322,100.37620614647646,100.58112827867677
Belgium,BEL,2016,41172.88624645092,474271566739.72876,11331422.0,7662307.556400001,67.62,2.52338004112244,10786.645,196700.0,1054.0,33.2,114327843092.42352,6.46173000335693,1.193502639951106,-0.1,0.332,466547349016.5314,60888.62207401791,11.016801606588276,10.625535217879925,0.24105987183322858,25.67111781302812,93.01568682200698,0.3668548859919021,100.6467200652286,100.68245474304338,103.92106305248888,99.04330312185297,110.50338085415426,101.52905198776759,100.68245474304338,103.92106305248888,110.50338085415426,101.52905198776759,0.017358809865169616,0.24105987183322858,100.54326914415901,100.50758386673427
Belgium,BEL,2017,41619.32860890219,500908767351.5303,11375158.0,7733628.66946,67.987,2.66666007041931,11801.603000000001,211300.0,1001.0,35.6,121947886346.16069,6.42534017562866,1.4744676565309192,-0.2,0.35600000000000004,473426438780.1827,61216.59818627414,11.022173643923061,10.636319968363937,0.24345328789300166,27.322232425565115,87.99877768730774,0.36585260462068625,100.53864926004981,101.08431155343101,105.67809949202645,107.42247076766648,94.60638381964593,107.2289156626506,101.08431155343101,105.67809949202645,94.60638381964593,107.2289156626506,0.018575566159168954,0.24345328789300166,100.93080462426005,100.3859709752227
Belgium,BEL,2018,42208.36258522379,542638913427.9212,11427054.0,7837244.985899999,68.585,2.86017990112305,13062.911,230500.0,892.0,36.0,129034433813.50626,6.38107013702393,1.8779685721940211,0.2,0.36,482317238512.9318,61541.681978893044,11.02746997997626,10.650373645918538,0.23779060185414794,29.410845318054104,78.06036446489183,0.35852771495756564,100.53103864352234,101.41528947248707,107.25701160228158,109.08660672030288,88.70619174083217,101.12359550561796,101.41528947248707,107.25701160228158,88.70619174083217,101.12359550561796,0.020171428261387406,0.23779060185414794,101.33981499330551,100.45622223445162
Belgium,BEL,2019,43006.40426056223,536726344405.4893,11488980.0,7929464.2164,69.018,3.15659999847412,14996.336,245100.0,876.0,36.0,132917049605.2147,6.33397006988525,2.442890066486086,0.9,0.36,494099718421.5143,62311.866847144556,11.039907165724099,10.669104319877937,0.24764398280550529,30.91003292417607,76.246977538476,0.34999969413283694,101.25148491800348,101.89071934199556,110.36368716648491,106.33405639913232,97.67694278799914,100.0,101.89071934199556,110.36368716648491,97.67694278799914,100.0,0.02133348652360784,0.24764398280550529,101.17667918593732,100.5419244540194
Belgium,BEL,2020,40769.02184017676,529694473501.7913,11538604.0,7910636.13032,68.558,3.39697003364563,15518.428000000002,243700.0,862.0,37.6,129602266836.48615,6.80185985565186,-4.792983897262644,3.7,0.376,470417598481.15094,59466.46903377689,10.99316788703138,10.615677803378727,0.24467362474010756,30.806624901623668,74.70574429974371,0.3732728386409523,95.43361809340807,94.79755990100945,107.61483986845666,99.42880456956344,97.97863038183442,104.44444444444446,94.79755990100945,107.61483986845666,97.97863038183442,104.44444444444446,0.021120405900055154,0.24467362474010756,99.76255538121909,100.43192694216545
Belgium,BEL,2021,43119.894333476994,598494036474.4089,11586195.0,8072681.36625,69.675,3.42979001998901,17146.999,277300.0,799.0,39.7,158349012527.53854,6.35551977157593,6.202554015860812,-1.8,0.397,499595504127.05945,61887.18239465661,11.033068367677622,10.671739755057542,0.26457909833210075,34.350420562779384,68.96138033236969,0.38134109003516414,104.07071985307343,105.7663205718208,100.96615472077504,113.78744357816987,92.31067969241325,105.58510638297874,105.7663205718208,100.96615472077504,92.31067969241325,105.58510638297874,0.02393365552711654,0.26457909833210075,102.04844759966787,100.41245024094769
Belgium,BEL,2022,44583.5767711768,593438820508.1735,11680210.0,8236066.4773,70.513,3.0467643932155823,18454.373,287400.0,937.829710144928,40.2,143907872491.74683,6.749573459872963,4.2334318336916965,-0.2,0.402,520745539238.467,63227.45702377831,11.054493932369128,10.705120836363314,0.24249824500614175,34.89529871961613,80.29219595751515,0.3579661443849389,102.1656740172379,103.39444810875487,88.83238843949243,103.64226469527587,116.43066825306411,101.25944584382871,103.39444810875487,88.83238843949243,116.43066825306411,101.25944584382871,0.02460572198616292,0.24249824500614175,102.02392617319292,100.81143982127006
Belgium,BEL,2023,44731.042098380094,644782756682.7565,11787423.0,8319091.6564799985,70.576,3.1093209107025785,19704.028,276100.0,956.8027536231893,39.1,154132335305.56143,6.799681680745024,1.2517006320359485,0.3,0.391,527263714444.41376,63379.96216614727,11.05690303630796,10.708422993682452,0.23904537413272828,33.18871956230187,81.17149555277598,0.3404956828056598,100.24120081614481,100.33076154468306,102.05321151928565,96.06819763395964,101.09512460678755,97.2636815920398,100.33076154468306,102.05321151928565,101.09512460678755,97.2636815920398,0.023423270718290163,0.23904537413272828,101.00806834681131,100.91790301715466
Bulgaria,BGR,1998,3843.4621840687582,15031055046.757534,8256786.0,5103024.01944,61.804,0.482230007648468,64.357,76688.8260869564,274.0,14.644607566346735,3786357328.9000087,2.73942995071411,3.7891201917327635,8.5,0.14644607566346735,31734644752.948345,6218.79196179658,8.735330948509718,8.254128849809799,0.25190229941422465,15.028113878125964,33.1848251850054,2.4827776639948134,,,,,,,,,,,0.00928797550123697,0.25190229941422465,,
Bulgaria,BGR,1999,3540.5561168042527,13627325461.174295,8210624.0,5068336.088959999,61.729,0.536880016326904,68.673,78848.91304347912,282.0,15.14285714285711,2195713759.5618925,3.4796314239501953,-8.396091236285216,-5.4,0.1514285714285711,29070175025.9798,5735.644699904831,8.654455438224428,8.172039088932115,0.16112580313853334,15.557159521293421,34.34574521985174,2.587058474332242,92.23085022203944,92.11892682279903,111.33276814210083,102.81669060114889,103.498346091547,103.40227332315379,92.11892682279903,111.33276814210083,103.498346091547,103.40227332315379,0.009603279000899214,0.16112580313853334,99.32024755619693,99.44092047438313
Bulgaria,BGR,2000,3721.303481822231,13245990274.45809,8170172.0,5021877.92152,61.466,0.495169997215271,71.388,88600.0,231.0,15.1,1786062690.4748058,4.21983289718628,4.587225510389771,9.0,0.151,30403689510.6865,6054.247033843476,8.708515293810851,8.22182928423134,0.13483798896627802,17.642802430606068,28.273578573376422,2.5659138362610125,105.55477806956786,105.10505578940301,92.23103526985517,112.36679946512885,82.32046907817384,99.71698113207567,105.10505578940301,92.23103526985517,82.32046907817384,99.71698113207567,0.010844324941996325,0.13483798896627802,99.08336450810364,99.50732124622928
Bulgaria,BGR,2001,3941.2756967423197,14183446025.738909,8009142.0,5088528.27828,63.534,0.447089999914169,70.994,90000.0,283.0,17.7,2229856242.5891914,3.38423991203308,3.8237043739808456,3.9,0.177,31566236716.358177,6203.411868829791,8.732854721097041,8.279259730785322,0.15721540721081734,17.686842850841217,35.33462136143921,2.565484504598187,102.46380489848661,105.91116032311274,90.29020385494002,101.58013544018058,124.97399743629114,117.21854304635761,105.91116032311274,90.29020385494002,124.97399743629114,117.21854304635761,0.01123715873685346,0.15721540721081734,101.3271998603229,98.02905006161437
Bulgaria,BGR,2002,4264.271770800317,16403043849.82968,7837161.0,4926439.4046,62.86,0.464729994535446,81.19900000000001,88000.0,289.0,17.5,2950112600.3695354,3.38608002662659,5.871931189689363,5.7,0.175,33419784415.517185,6783.76037352898,8.822286854549688,8.358026699931017,0.17985153410415153,17.86279963533726,36.87559819174316,2.476048428848662,109.35531151196423,108.19521644540045,103.94551312368058,97.77777777777777,104.36109620233718,98.87005649717514,108.19521644540045,103.94551312368058,104.36109620233718,98.87005649717514,0.011228555850773004,0.17985153410415153,96.81462173705776,97.85269133697467
Bulgaria,BGR,2003,4523.286270757613,21144957990.468067,7775327.0,4792089.53664,61.632,0.472220003604889,88.548,91000.0,278.0,17.7,3554431860.5080385,3.99845004081726,5.23715363472283,2.9,0.177,35170029869.750984,7339.18462934452,8.900983029517699,8.416994059705267,0.1680983174386225,18.989628491750835,35.754123267098606,2.4087971100359464,108.18755712514358,106.07406173618912,101.61169047780749,103.40909090909092,96.95876140418608,101.14285714285714,106.07406173618912,101.61169047780749,96.95876140418608,101.14285714285714,0.011703687832035875,0.1680983174386225,97.27288094045056,99.21101531536739
Bulgaria,BGR,2004,4854.273415379338,26157743368.871613,7716860.0,4845030.551,62.785,0.470860004425049,99.319,94400.0,263.0,17.9,4440804104.102191,4.24988985061646,6.510425174311706,2.4,0.179,37459748348.2042,7731.581453180439,8.953068707096417,8.487614712549252,0.16977015339124635,19.483881268925355,34.081219563397546,2.3701720849287877,105.34659970628053,107.31740431202661,99.71199882057984,103.73626373626375,95.32108872813423,101.12994350282487,107.31740431202661,99.71199882057984,95.32108872813423,101.12994350282487,0.012232954854694784,0.16977015339124635,101.10475845568445,99.24804448738941
Bulgaria,BGR,2005,5236.086384115431,29868657858.008186,7658972.0,4755685.48396,62.093,0.442690014839172,105.15899999999999,95200.0,261.0,17.8,5005047222.394173,4.10879993438721,7.056349211816965,4.6,0.17800000000000002,40103039005.52133,8432.6516420779,9.039866549825152,8.563329625005888,0.16756853442118266,20.01814466517835,34.07768039888382,2.2929733532388887,109.06761693119162,107.86550192097609,94.01733225987745,100.84745762711864,99.98961549921316,99.44134078212292,107.86550192097609,94.01733225987745,99.98961549921316,99.44134078212292,0.012429866566949194,0.16756853442118266,98.15594419685219,99.24985032772396
Bulgaria,BGR,2006,5634.911189646219,34380536495.67393,7601022.0,4899618.781199999,64.46,0.44216001033783,120.15,96900.0,243.0,18.2,5138060866.104959,3.90346002578735,6.802588987458421,3.6,0.182,42831083920.54708,8741.71763829696,9.075861975461786,8.636736665860987,0.14944679140627942,19.77704885363909,31.969385169520624,2.2926628917667244,103.66511044612416,107.61684923191281,99.88027638221419,101.78571428571428,93.81326661707806,102.24719101123594,107.61684923191281,99.88027638221419,93.81326661707806,102.24719101123594,0.012748285691055756,0.14944679140627942,103.02655206542693,99.24337104248455
Bulgaria,BGR,2007,6054.232464985628,44432811756.47305,7545338.0,5009048.08468,66.386,0.430029988288879,138.601,100300.0,211.0,18.5,4279205626.6953216,3.680340051651,6.654387649002189,3.3,0.185,45681230278.88973,9119.742814728448,9.118196882531322,8.708512887421534,0.0963073336467823,20.02376465635538,27.964287352004643,2.2812785748240856,104.32438099779593,107.44148862736087,97.25664425426372,103.50877192982458,87.47208369420125,101.64835164835165,107.44148862736087,97.25664425426372,87.47208369420125,101.64835164835165,0.013292976404768083,0.0963073336467823,102.23342485133506,99.26741430297137
Bulgaria,BGR,2008,6470.589715445263,54480684188.44424,7492561.0,5093368.0421899995,67.979,0.447310000658035,164.86200000000002,102600.0,249.0,18.9,8054690310.343219,4.2190899848938,6.129558799011818,1.3,0.18899999999999997,48481288148.94627,9518.51265162074,9.160993881506146,8.775022529468943,0.14784488172877386,20.143841786050277,33.23296266790487,2.22589780758919,104.3725995896318,106.87712691687375,104.01832728873501,102.29312063808574,118.84072799560379,102.16216216216213,106.87712691687375,104.01832728873501,118.84072799560379,102.16216216216213,0.013693582207739117,0.14784488172877386,101.6833529262354,99.3005349793475
Bulgaria,BGR,2009,6294.4334314921925,52023801230.120026,7444443.0,5012641.24962,67.334,0.493380010128021,183.20600000000002,92400.0,242.0,19.2,10210813612.03522,4.27429008483887,-3.347141367042056,1.2,0.192,46858550898.03803,9348.075907405164,9.142925815801771,8.74742093948786,0.1962719634205334,18.433395768549104,32.50746899398652,2.1862926599203867,98.20941831509195,97.27758532529754,110.2993470752303,90.05847953216374,97.81694553937858,101.58730158730161,97.27758532529754,110.2993470752303,97.81694553937858,101.58730158730161,0.012411942706794854,0.1962719634205334,98.4150606847706,99.35778967965693
Bulgaria,BGR,2010,6434.5524796671825,50760929302.51474,7395599.0,4945215.18333,66.867,0.563069999217987,214.125,93300.0,243.0,19.7,10751039899.003592,3.85746002197266,1.5553596346203165,5.7,0.19699999999999998,47587369884.074135,9622.911869333426,9.171902186978542,8.769437572882616,0.21179753890894537,18.86672198097835,32.85737909802843,2.1851743389606213,102.94002706707322,102.22607879962553,114.12501270002467,100.97402597402598,101.07639910110086,102.60416666666666,102.22607879962553,114.12501270002467,101.07639910110086,102.60416666666666,0.012615610987020794,0.21179753890894537,98.65487947506494,99.34388643985857
Bulgaria,BGR,2011,6611.303866826362,57737040780.015656,7348328.0,4858861.44016,66.122,0.529510021209717,218.13600000000002,90900.0,262.0,20.1,12946934379.759447,3.54690003395081,2.0901752701553846,4.5,0.201,48582029321.10842,9998.644727664561,9.210204835557994,8.796536170099142,0.22423965975479523,18.70808647653198,35.654369266042565,2.1530133136657987,103.90456509872581,102.7469103363086,94.03982132685469,97.42765273311898,108.51251756772639,102.03045685279189,102.7469103363086,94.03982132685469,108.51251756772639,102.03045685279189,0.012370160940012476,0.22423965975479523,98.25379199956569,99.36082256487947
Bulgaria,BGR,2012,6699.50303013555,54288135058.79262,7305888.0,4917958.5072,67.315,0.600359976291656,250.09300000000002,93800.0,245.0,20.7,12091737191.092426,3.47650003433228,0.7488148967965742,3.3,0.207,48945818793.830956,9952.466805519647,9.205575719578244,8.809788628021352,0.2227325948477949,19.072954735725144,33.53459565763942,2.1431765889835184,99.53815818640751,101.33406609476457,113.38028597080665,103.19031903190319,94.05465963347716,102.98507462686565,101.33406609476457,113.38028597080665,94.05465963347716,102.98507462686565,0.01283895948035338,0.2227325948477949,101.21627397216031,99.42245365204167
Bulgaria,BGR,2013,6700.535996706343,55852123989.95043,7265115.0,4979291.867550001,68.537,0.634329974651337,265.137,98800.0,282.0,22.2,13342631185.57751,4.05766010284424,-0.5427516030301547,-0.1,0.222,48680164577.711205,9776.523624766683,9.18773924224852,8.809942801687678,0.23889209993120894,19.84217889372557,38.81562783245689,2.1658597704768248,98.23216510849969,100.01541855516965,105.65827165386825,105.33049040511726,115.74801207902566,107.24637681159422,100.01541855516965,105.65827165386825,115.74801207902566,107.24637681159422,0.013599234148392696,0.23889209993120894,101.24713049653036,99.44191589030655
Bulgaria,BGR,2014,6802.710364656322,57157782909.93072,7223938.0,4974114.74928,68.856,0.790050029754639,337.356,97000.0,218.0,23.6,13248847119.956528,4.07005310058594,0.9494489850904841,0.6,0.23600000000000002,49142357906.23466,9879.618863506916,9.198229213429693,8.825076394788775,0.2317942797192479,19.50095743449439,30.177446151946484,2.158389409578323,101.05451838196416,101.52486857768099,124.54874612994513,98.17813765182186,77.74560875893569,106.30630630630631,101.52486857768099,124.54874612994513,77.74560875893569,106.30630630630631,0.013427579251095455,0.2317942797192479,99.89602701734076,99.43322301161096
Bulgaria,BGR,2015,7078.860322989693,50811995688.67711,7177991.0,4989995.78338,69.518,0.949169993400574,432.45799999999997,112800.0,280.0,24.1,11202231629.22623,3.91208434104919,3.3975532586942165,3.0,0.24100000000000002,50811995688.67711,10182.77327165582,9.228452676545787,8.86486820240135,0.22046431118080498,22.60522952257774,39.00812915480112,2.135455667933069,103.06848282648522,104.05941078673753,120.14049207685645,116.28865979381445,129.26252592214482,102.11864406779661,104.05941078673753,120.14049207685645,129.26252592214482,102.11864406779661,0.01571470345950559,0.22046431118080498,100.31927357731942,99.3639618723195
Bulgaria,BGR,2016,7344.443541211725,53964253211.83995,7127822.0,4898952.0606,68.73,0.769760012626648,374.309,116100.0,230.0,24.4,12775478359.273304,3.39370822906494,3.026628931389183,2.6,0.244,52349886250.80684,10685.935604847555,9.276683726376366,8.901699325521788,0.23673964891392804,23.69894593044469,32.26792139309876,2.1069727662038122,104.94130940332637,103.75177932752126,81.09822455183638,102.92553191489363,82.72101762441798,101.2448132780083,103.75177932752126,81.09822455183638,82.72101762441798,101.2448132780083,0.016288285537994635,0.23673964891392804,98.17547495564554,99.30107184586885
Bulgaria,BGR,2017,7601.438453733891,59309748166.11794,7075947.0,5056259.44779,71.457,0.739950001239777,385.405,114800.0,202.0,24.5,14835042565.124472,4.07755994796753,2.7459264470779345,1.0,0.245,53787375622.382965,10637.77999878793,9.27216709439542,8.936092778593217,0.2501282339552966,22.70453112333407,28.54741563214083,2.1158591541483265,99.54935526620822,103.49917473093906,96.12736295755994,98.88027562446166,88.46995529822492,100.40983606557377,103.49917473093906,96.12736295755994,88.46995529822492,100.40983606557377,0.016223976804800828,0.2501282339552966,103.21104157060752,99.27221807727523
Bulgaria,BGR,2018,7851.725989081676,66289266348.650444,7025037.0,5023674.20907,71.511,0.753790020942688,421.345,122600.0,180.0,24.8,15517094593.92549,4.04709005355835,2.5494643471817966,2.6,0.248,55158665587.16037,10979.745758109488,9.303807559796304,8.968488657828916,0.2340815557123962,24.40444879539594,25.622640848724355,2.0821901351375214,103.21463462640253,103.29263384649047,101.87039930802379,106.79442508710801,89.75467754733097,101.22448979591836,103.29263384649047,101.87039930802379,89.75467754733097,101.22448979591836,0.01745186537807559,0.2340815557123962,99.35554654470427,99.2805203317662
Bulgaria,BGR,2019,8206.781294466266,68631726289.27937,6975761.0,5112046.933630001,73.283,0.832360029220581,509.17,118500.0,186.0,24.7,16504114998.569056,4.19902992248535,3.788850364780032,5.2,0.247,57248544889.46729,11198.751817565144,9.323557606212491,9.012716078616931,0.24047355196931836,23.180538351562944,26.663757545592517,2.0663492536444448,101.99463689124042,104.52200326244593,110.42332826051924,96.6557911908646,104.06326850934258,99.59677419354838,104.52200326244593,110.42332826051924,104.06326850934258,99.59677419354838,0.016987393920175876,0.24047355196931836,101.75912531112085,99.2985659719657
Bulgaria,BGR,2020,7990.6925498111395,70716821234.59674,6934015.0,5013015.4844,72.296,0.849240005016327,519.949,122400.0,239.0,25.8,14624610269.228523,4.50513982772827,-3.215737434450162,0.9,0.258,55407582000.77869,11052.745034042186,9.31043409546525,8.986032712076813,0.20680525529721824,24.41644163695414,34.46776506829016,2.056006630207081,98.69622270498085,97.36694890601225,102.02796568830345,103.29113924050633,129.26822114007572,104.45344129554657,97.36694890601225,102.02796568830345,129.26822114007572,104.45344129554657,0.017652110645852367,0.20680525529721824,98.0627828633866,99.40155633199016
Bulgaria,BGR,2021,8682.882238264665,84417951260.8091,6877743.0,4944684.552420001,71.894,0.772599995136261,545.94,128500.0,165.0,26.1,17270285473.18135,4.73032999038696,7.780614814069779,6.9,0.261,59718632534.04913,12077.339191399371,9.399086181614138,9.069108807635919,0.2045807226454103,25.987502061604765,23.990428255315734,2.0153232760986484,109.27004245733943,108.66244927005589,90.97545930156781,104.98366013071896,69.60250601622725,101.16279069767442,108.66244927005589,90.97545930156781,69.60250601622725,101.16279069767442,0.018683454732170132,0.2045807226454103,98.6369295647971,99.18846440337957
Bulgaria,BGR,2022,9352.32652776208,90642851835.89964,6643324.0,4893406.025160001,73.659,0.8381751153780073,643.921,141200.0,201.608695652174,26.3,18204186525.25035,4.300197800864339,4.03877758301681,3.1,0.263,62130535277.71849,12696.787259889597,9.449104268781719,9.143380417829173,0.20083422086285765,28.855157179683072,30.347563305985677,1.9633558079723485,105.12901110644763,107.70993169235021,108.48759004071454,109.88326848249028,126.49863096654536,100.76628352490422,107.70993169235021,108.48759004071454,126.49863096654536,100.76628352490422,0.02125442022698276,0.20083422086285765,98.9629565502838,96.59162896898007
Bulgaria,BGR,2023,9819.573529492653,102407653020.6062,6446596.0,4756491.92668,73.783,0.8571993242528109,746.9449999999999,150300.0,198.27739130434747,26.7,21029445941.874504,4.332490125635388,1.886814839071775,-1.6,0.267,63302823436.93322,13308.720883526901,9.49617480485724,9.192132971636886,0.20535033585471404,31.598918345039305,30.75691284273863,1.901223914256379,104.81959421002873,104.99605098628201,102.26971769094146,106.44475920679888,101.34887118489743,101.52091254752851,104.99605098628201,102.26971769094146,101.34887118489743,101.52091254752851,0.02331462992252035,0.20535033585471404,97.2020695242528,97.03871134389954
Croatia,HRV,1998,8577.212514260778,25890228429.72135,4532135.0,2882619.1454000003,63.604,0.8227544158343729,119.88246504799372,28156.70186096304,267.0,8.5,4447885924.713867,4.936914472779208,2.2516778528097063,2.6,0.085,38873085038.319275,13485.335064242467,9.50935808244664,9.056864257908698,0.17179786330536206,9.767749550229237,58.91263168462546,1.7087505300578911,,,,,,,,,,,0.006212679423927804,0.17179786330536206,,
Croatia,HRV,1999,8541.239417765124,23777026779.30045,4512597.0,2863694.0562,63.46,0.831789970397949,141.98990440429225,31806.74716110616,246.0,9.0,3559700734.371956,4.903994151524131,-0.8486943218049561,-0.9,0.09,38543171372.88865,13459.249003726954,9.507421806971035,9.052661407137993,0.1497117687343029,11.106894289997012,54.514063631208366,1.7340921055856349,99.80655978964379,99.58059688464238,101.09820796943556,112.96332687744089,92.5337437360399,105.88235294117645,99.58059688464238,101.09820796943556,92.5337437360399,105.88235294117645,0.007048435116432103,0.1497117687343029,99.34347590696466,99.56890074986734
Croatia,HRV,2000,8879.964980493614,22134411297.473034,4468302.0,2831965.12458,63.379,1.04250001907349,164.09734376058532,34043.7451876187,337.0,9.5,3940729789.827051,6.112708568573,2.945252995396814,3.2,0.095,39678365282.26958,14010.894745094769,9.547590502038023,9.091552892340333,0.17803634968493348,12.02124450337912,75.42014841431936,1.7268386280338408,104.09863686462046,103.96576592881786,125.33212183055444,107.03309274344149,138.3498924691107,105.55555555555556,103.96576592881786,125.33212183055444,138.3498924691107,105.55555555555556,0.007618944553796654,0.17803634968493348,98.89202788435777,99.01841445181122
Croatia,HRV,2001,9515.409055526869,23066883849.646683,4299642.0,2719566.56142,63.251,0.917620003223419,186.20478311688385,35607.7922077925,362.0,9.7,4212145638.9885,5.68086528778076,3.111234878937182,3.8,0.09699999999999999,40912852422.323654,15043.887140957246,9.618727017631567,9.160667769402803,0.18260575058355868,13.093186507338205,84.1930560730405,1.679612208063661,107.37277964509818,107.15592996626808,88.02110181628036,104.59422725541559,111.63204772619555,102.10526315789473,107.15592996626808,88.02110181628036,111.63204772619555,102.10526315789473,0.008281571397756489,0.18260575058355868,96.03107530582075,96.2254118007243
Croatia,HRV,2002,10061.694309434004,26757722428.678143,4302174.0,2710068.46782,62.993,0.940869987010956,270.606,45000.0,328.0,9.9,4675536148.263076,3.82300996780396,5.803328516825076,5.0,0.099,43287159653.99493,15972.718094762917,9.678637426774445,9.216490849893479,0.1747359537316963,16.604746534761297,76.24052397694747,1.6196978566239046,106.17414199603314,105.74105906240399,102.53372678296728,126.37683273761658,90.55440856168244,102.06185567010311,105.74105906240399,102.53372678296728,90.55440856168244,102.06185567010311,0.010459827984642183,0.1747359537316963,99.65074972847728,100.05888862375055
Croatia,HRV,2003,10618.943310219642,35245317001.822365,4303399.0,2718285.01234,63.166,0.940689980983734,291.856,39700.0,387.0,10.0,6385348997.498747,3.86901998519897,5.568372671082656,3.1,0.1,45697550022.2559,16811.16947443188,9.729798794145285,9.27039478986616,0.18116872085924468,14.604796708136494,89.92891433027707,1.5799813454083598,105.2492717563448,105.53832171449646,99.9808681295283,88.22222222222223,117.95421862193459,101.01010101010101,105.53832171449646,99.9808681295283,117.95421862193459,101.01010101010101,0.009225265888661498,0.18116872085924468,100.30318586476929,100.02847397618042
Croatia,HRV,2004,11058.71844847551,41836292157.33347,4304600.0,2782364.3019999997,64.637,1.02002000808716,344.95200000000006,36100.0,385.0,10.4,8348807956.481984,3.82214999198914,4.170484873091908,3.3,0.10400000000000001,47603359433.307686,17108.959958654505,9.74735757945453,9.31097439571117,0.19955898398177058,12.974577043721718,89.43920457185337,1.575883212570675,101.7713847015553,104.14142090609553,108.43317444717184,90.93198992443325,99.4554479367724,104.0,104.14142090609553,108.43317444717184,99.4554479367724,104.0,0.008386377363750407,0.19955898398177058,102.35734256595993,100.02790817212161
Croatia,HRV,2005,11522.395005981878,45013119281.80604,4310145.0,2785215.6990000005,64.62,0.847760021686554,311.952,42700.0,363.0,11.0,8463551362.65748,5.36704969406128,4.32707652205913,3.4,0.11,49663193223.05776,17831.004342280838,9.788694038058264,9.352047812466525,0.18802410269928535,15.330949059109116,84.21990443476959,1.5441458650057776,104.22027046279392,104.19285977544972,83.1120973084004,118.2825484764543,94.16441574802835,105.76923076923077,104.19285977544972,83.1120973084004,94.16441574802835,105.76923076923077,0.009906859281996314,0.18802410269928535,100.10248108049515,100.1288156855457
Croatia,HRV,2006,12105.053757831987,49590197656.5482,4311159.0,2763496.03059,64.101,0.733129978179932,297.077,41100.0,317.0,11.4,10070162668.790348,5.00697135925293,5.081465904072701,1.8,0.114,52186811453.561195,18884.344640227122,9.846088531882353,9.401378310323222,0.20306760498383736,14.872465726402814,73.53011104438505,1.522436335346157,105.90735259622257,105.05675036784992,86.47847969068249,96.25292740046838,87.30728387531708,103.63636363636364,105.05675036784992,86.47847969068249,87.30728387531708,103.63636363636364,0.009533399255281468,0.20306760498383736,99.22018002347902,100.02352589066028
Croatia,HRV,2007,12719.003284482385,59298265769.99456,4310217.0,2827157.5346399997,65.592,0.784929990768433,347.56600000000003,54500.0,344.0,11.6,12055679814.797623,3.96751999855042,5.048886208760337,1.8,0.11599999999999999,54821664179.83182,19391.08928601413,9.872568924379992,9.450852475685776,0.2033057739253127,19.27731275397069,79.81036685623948,1.5269065329754152,102.68341134119925,105.07184469340478,107.06559738794199,132.60340632603408,108.54106667683865,101.75438596491226,105.07184469340478,107.06559738794199,108.54106667683865,101.75438596491226,0.012644374981584454,0.2033057739253127,102.30365824105809,99.97814972725432
Croatia,HRV,2008,12970.929107582664,68478776205.98263,4309705.0,2834406.7844,65.768,0.878009974956512,425.02000000000004,50000.0,330.0,12.4,12881681349.188202,4.27542018890381,1.9685900928191131,-0.2,0.124,55900878029.59454,19722.249585790454,9.889502698008956,9.470465909870697,0.18811202627862963,17.640375501212407,76.57136625360668,1.49738899108638,101.70779627122431,101.98070412803209,111.85838040115594,91.74311926605505,95.9416292266052,106.89655172413795,101.98070412803209,111.85838040115594,95.9416292266052,106.89655172413795,0.011601722159637376,0.18811202627862963,100.25641477955077,99.98812124772373
Croatia,HRV,2009,12099.797127600408,62321642125.17209,4305181.0,2824930.6167700007,65.617,0.835070013999939,380.226,44700.0,250.0,13.4,11085019914.729662,4.37821006774902,-6.813956177894255,-6.1,0.134,52091816697.59985,18440.034027158214,9.822279342399458,9.40094396513026,0.1778679048999634,15.823397479089083,58.069567806789074,1.5069391333226996,93.49863435682279,93.28396622356834,95.10939941670938,89.4,75.83718385598725,108.06451612903227,93.28396622356834,95.10939941670938,75.83718385598725,108.06451612903227,0.010382838723853887,0.1778679048999634,99.66567368938877,99.8950276178996
Croatia,HRV,2010,11965.485479212719,58981738868.75296,4295427.0,2797740.46791,65.133,0.732339978218079,334.643,45000.0,257.0,14.5,10700939394.7943,4.21689987182617,-1.3340815240057111,1.9,0.145,51396869395.51825,18370.8496141936,9.818520427231862,9.389781574463981,0.18142800805866693,16.084408298821376,59.831071509305126,1.5385560987073017,99.62481407104391,98.88996776581223,87.6980332116359,100.67114093959732,103.03343690860069,108.2089552238806,98.88996776581223,87.6980332116359,103.03343690860069,108.2089552238806,0.010476257657271325,0.18142800805866693,99.03749321492754,99.77343577424503
Croatia,HRV,2011,11995.132531912152,62903737379.78343,4280622.0,2747217.5871599996,64.178,0.738470017910004,335.866,44500.0,230.0,15.8,10821930051.537958,4.11441993713379,-0.09775145274466013,4.2,0.158,51346628209.01886,18690.411873090707,9.8357659372903,9.39225622414249,0.17203954013416073,16.198207309091565,53.73050925776674,1.5274522119334915,101.73950723895867,100.24777141513346,100.83704834834234,98.88888888888889,89.80368878971254,108.96551724137933,100.24777141513346,100.83704834834234,89.80368878971254,108.96551724137933,0.010395685486828784,0.17203954013416073,98.19415412796518,99.65533112307577
Croatia,HRV,2012,11780.533006743915,57551963753.210396,4260368.0,2722119.5299199997,63.894,0.739560008049011,330.0,41100.0,217.0,17.0,9099227377.930223,5.22161388397217,-2.253745580785832,2.3,0.17,50189405844.875565,18437.62013137997,9.822148428661219,9.374203702934429,0.15810455081860947,15.098528756085846,50.93456715476222,1.5266038799005432,98.64747902064859,98.21094494289821,100.14760113648104,92.35955056179776,94.79636031441416,107.59493670886076,98.21094494289821,100.14760113648104,94.79636031441416,107.59493670886076,0.009647053963413489,0.15810455081860947,99.08641902420457,99.52684446325792
Croatia,HRV,2013,11839.245815692067,59852401272.32039,4233922.0,2697304.6885400005,63.707,0.79816997051239,354.683,43300.0,230.0,18.1,10677172165.740005,4.52116012573242,-0.1254498262114936,3.6,0.18100000000000002,50126443322.46659,18583.90100882488,9.830050947747772,9.379175208410212,0.1783917092509005,16.053062223177115,54.32315474871762,1.5235480649775734,100.79338264050656,100.49838839137874,107.92497726019481,105.35279805352798,106.65282495414037,106.47058823529412,100.49838839137874,107.92497726019481,106.65282495414037,106.47058823529412,0.010226924350519447,0.1783917092509005,99.08840000935857,99.37925550093325
Croatia,HRV,2014,11863.858404491088,59612144078.413345,4201598.0,2778264.6615199996,66.124,0.772589981555939,339.85699999999997,50900.0,170.0,19.1,11010420725.565067,5.17615127563477,-0.5571501973061004,-2.2,0.191,49847163744.59294,17941.834136608628,9.794890367656068,9.381251948858742,0.18470096816316564,18.320788766089837,40.460796106624194,1.561728255351948,96.54503717001423,100.20788983675293,96.7951702141801,117.55196304849883,74.48167598841326,105.52486187845302,100.20788983675293,96.7951702141801,74.48167598841326,105.52486187845302,0.012114438363689244,0.18470096816316564,103.0015138194796,99.2365471069141
Croatia,HRV,2015,12285.303258210532,51005200669.69412,4151725.0,2781614.23275,66.999,0.828159987926483,374.809,50800.0,169.0,19.8,11346508270.382566,4.96908521652222,2.323175158038552,4.6,0.198,51005200669.69412,18336.54719952616,9.81665146197527,9.416158969893626,0.22245786942123233,18.2627768444287,40.70597161420855,1.5472568825035857,102.19995937936,103.55234224272185,107.1926905211261,99.80353634577604,100.6059581895973,103.66492146596859,103.55234224272185,107.1926905211261,100.6059581895973,103.66492146596859,0.012235877857998784,0.22245786942123233,100.12056343214502,98.81299924457313
Croatia,HRV,2016,12849.346400340024,52654855638.1057,4106867.0,2695829.6361399996,65.642,0.849950015544891,402.35699999999997,57100.0,175.0,20.6,11679496798.13963,4.89622449874878,3.4611294735676665,2.8,0.20600000000000002,52770556703.12524,19574.885592060004,9.882002676247287,9.46104822524299,0.22181234107661887,21.180863669767405,42.61155766670798,1.5016538163328903,106.75338916895893,104.591202433302,102.63113745364167,112.4015748031496,104.68134275373562,104.04040404040404,104.591202433302,102.63113745364167,104.68134275373562,104.04040404040404,0.013903542530108719,0.22181234107661887,96.91601388862644,98.91953344694073
Croatia,HRV,2017,13485.881666703674,56186190437.99587,4041407.0,2687414.41279,66.497,0.847270011901855,423.517,54300.0,148.0,21.4,13719784760.890425,3.86269998550415,3.2809581214065844,1.4,0.214,54501936568.98789,20280.436210210497,9.917411966853011,9.509398614727163,0.24418428539003473,20.205294628760747,36.62090950008252,1.470614281690736,103.60436649722583,104.95383381015245,99.68468691169822,95.09632224168126,85.94125984907166,103.88349514563106,104.95383381015245,99.68468691169822,85.94125984907166,103.88349514563106,0.013435914769287034,0.24418428539003473,99.68784290976009,98.40608424864989
Croatia,HRV,2018,14060.718951074887,61668130122.58781,3988775.0,2648626.3755,66.402,0.951250016689301,501.75600000000003,61900.0,121.0,21.7,14722289338.989227,3.91209006309509,2.90468149344008,1.0,0.217,56085044234.07373,21175.14374728907,9.960583308035067,9.55114029855768,0.23873416154703134,23.370604692522818,30.335127952817594,1.4254143868987583,104.41167797282445,104.26251170355789,112.27235749251216,113.99631675874771,82.8355394962248,101.4018691588785,104.26251170355789,112.27235749251216,82.8355394962248,101.4018691588785,0.015518548927929001,0.23873416154703134,98.55667822925265,98.6976812778322
Croatia,HRV,2019,14641.229881793537,61467582193.682434,3949390.0,2632742.3618000005,66.662,1.07963001728058,600.754,66700.0,195.0,21.6,15161693476.500914,3.92007994651794,3.1004391144375774,-5.4,0.21600000000000003,57823926882.856575,21963.382259448463,9.99713190286431,9.591596792306031,0.2466616212221735,25.3347995488618,49.374713563360416,1.3927749569926249,103.722470655059,104.12860062660076,113.49592623799245,107.75444264943457,162.7641513171016,99.53917050691246,104.12860062660076,113.49592623799245,162.7641513171016,99.53917050691246,0.016888684075262256,0.2466616212221735,99.40029239884764,99.01260412031263
Croatia,HRV,2020,13544.971510262818,57963370885.07977,3914206.0,2631755.5461600004,67.236,1.24260997772217,626.586,65900.0,117.0,22.1,13095034513.503302,4.38901996612549,-8.311642578846872,-6.4,0.221,53017808755.29978,20145.415417726836,9.910732018794157,9.513770651177214,0.22591913329999352,25.04031960573041,29.891119680466485,1.455708706878175,91.72273732594371,92.51252537948385,115.09590858284129,98.80059970014993,60.53932777171156,102.31481481481481,92.51252537948385,115.09590858284129,60.53932777171156,102.31481481481481,0.0168361092901089,0.22591913329999352,99.96251757656509,99.1091282451214
Croatia,HRV,2021,15394.470732808459,69006802298.6956,3878981.0,2668932.8770500002,68.805,1.24485003948212,723.357,56200.0,77.0,23.4,15590682313.944826,4.05666017532349,12.631700327771185,11.6,0.23399999999999999,59714859477.62009,22374.05818299318,10.015657449876954,9.641763680606108,0.22592964453649997,21.05710506369814,19.85057415852256,1.3987520078358315,111.06277889561545,113.65450803011512,100.18027070441333,85.28072837632777,66.40960382455893,105.88235294117648,113.65450803011512,100.18027070441333,66.40960382455893,105.88235294117648,0.014488341139077505,0.22592964453649997,101.41264377477025,99.10007291389364
Croatia,HRV,2022,16616.391535634768,71198635101.95143,3855641.0,2699334.2641000003,70.01,0.968309929483965,956.0459999999999,67000.0,115.15579710144812,23.5,16374882292.930378,4.146826762657653,7.287936432065649,5.4,0.235,64066840476.846375,23734.311577824265,10.074677026049265,9.718144929050279,0.22998871073136024,24.820934884231107,29.866835916893745,1.337783050704802,106.07960068623147,107.93740053837753,77.78526720269048,119.21708185053382,150.45829746980314,100.42735042735043,107.93740053837753,77.78526720269048,150.45829746980314,100.42735042735043,0.017377136512450198,0.22998871073136024,101.13908398788969,99.39829558329882
Croatia,HRV,2023,17147.16602266228,84393795502.44211,3859686.0,2697032.7862199997,69.877,0.9743747425526994,1081.451,76600.0,104.2949275362298,23.5,20481912007.72458,4.113906441402591,3.302544880863252,0.5,0.235,66182676637.34529,24539.070112715606,10.10802182482958,9.749588192447385,0.24269452375953268,28.401582802913563,27.021609409736907,1.2893768942840396,103.3906967651139,103.19428250044082,100.62632974051671,114.32835820895522,90.47362594727525,100.0,103.19428250044082,100.62632974051671,90.47362594727525,100.0,0.019846174015191908,0.24269452375953268,99.91473905582538,100.10491121969083
Cyprus,CYP,1998,20562.203125,10248618778.280542,914548.0,622304.1866,68.045,0.203309997916222,,2886.9999999999436,14.221052631578914,,2560471766.2559595,5.9638423146937685,6.110846746425665,4.1,,18805121743.5625,30218.536446469247,10.316210804689344,9.931209869713534,0.24983578974390747,4.639210312521371,15.549815462478639,0.9018978078151871,,,,,,,,,,,0.003156750657155167,0.24983578974390747,,
Cyprus,CYP,1999,21349.654296875,10497907227.615965,931234.0,631972.64176,67.864,0.218060001730919,,4300.0,13.652631578947194,,1858051143.6050441,4.7720799446106,4.997960422480048,2.7,,19881523969.496094,31459.469375331544,10.356455309824494,9.968790826341834,0.17699252844578628,6.804092006300777,14.660795867576994,0.8850586027321761,104.1065288885203,103.82960506268708,107.25493284436266,148.9435400069305,94.28276433860691,,103.82960506268708,107.25493284436266,94.28276433860691,,0.004617528999155959,0.17699252844578628,101.55365420451761,101.82450784431217
Cyprus,CYP,2000,22383.865234375,9985847313.854855,947667.0,641674.8023699999,67.711,0.226899996399879,,5100.0,13.084210526315701,,1602688708.936889,4.98954010009766,5.965310314885542,3.9,,21212450415.064453,33057.945140929834,10.406017213996517,10.016095676264149,0.16049601586770107,7.947951175834483,13.806759680684987,0.8684119160753472,105.08106397640549,104.84415777004585,104.053927634041,118.6046511627907,94.17469423484202,,104.84415777004585,104.053927634041,94.17469423484202,,0.005381637220669286,0.16049601586770107,101.53521845233364,101.76464776844487
Cyprus,CYP,2001,23019.1484375,10397898907.103825,964127.0,669499.43007,69.441,0.236939996480942,,5800.0,12.51578947368398,,1630959740.649141,5.11552000045776,3.952560540862919,0.5,,22193382525.601562,33149.21795121038,10.408774404120358,10.04408168930233,0.15685474106070338,8.663188853489505,12.981473886411209,0.8895648215748704,100.2760994668345,102.83813003908455,104.4248568710283,113.72549019607843,94.02259608075663,,102.83813003908455,104.4248568710283,94.02259608075663,,0.006015804971751647,0.15685474106070338,104.33625063618376,101.73689703239641
Cyprus,CYP,2002,23604.080078125,11420228846.153845,981440.0,680481.4239999999,69.335,0.279670000076294,,6100.0,11.947368421052488,,1977517934.60165,5.58166980743408,3.7229564988305697,3.1,,23165988351.875,34043.52791249009,10.435395217519448,10.069174860737183,0.17315922134674624,8.964241763049216,12.17330496113108,0.8629400658789024,102.6978312507884,102.54106550558622,118.03410324554005,105.17241379310344,93.77444400881085,,102.54106550558622,118.03410324554005,93.77444400881085,,0.006215357026410173,0.17315922134674624,101.64032909316319,101.79571778406786
Cyprus,CYP,2003,23930.669921875,14547329558.323896,999590.0,705150.7695999999,70.544,0.318340003490448,,7000.0,12.0,,2609313606.0064163,6.6702299118042,2.6232861229859026,-0.6,,23920858347.20703,33923.04082824195,10.431849732946802,10.082916175574292,0.1793671887025741,9.92695505951271,12.004922018027392,0.8779304066068434,99.64607932362986,101.38361606412556,113.8270116221278,114.75409836065573,98.61678530488368,,101.38361606412556,113.8270116221278,98.61678530488368,,0.007002871177182645,0.1793671887025741,103.6252783294199,101.849323443104
Cyprus,CYP,2004,24799.546875,17320551250.0,1017875.0,723108.57875,71.041,0.335640013217926,,7700.0,9.0,,2959187303.292629,6.11772012710571,5.026343925759875,3.0,,25242838775.390625,34908.7806689095,10.460493671643473,10.118580660816798,0.17084833274533504,10.648469989542354,8.841950141225592,0.8627471203817318,102.9058121459645,103.63080914977128,105.43444415963799,110.00000000000001,73.65270784723074,,103.63080914977128,105.43444415963799,73.65270784723074,,0.007564779565270785,0.17084833274533504,102.54666234856225,101.82924999249691
Cyprus,CYP,2005,25631.265625,18433412510.88173,1036151.0,735459.9798000001,70.98,0.367269992828369,,7600.0,20.0,,3129460679.378422,6.28667020797729,4.853003838356656,2.9,,26557861508.609375,36110.54610453649,10.494340237517337,10.151568198747597,0.16977109786541253,10.333669008158314,19.30220595260729,0.8384996655467045,103.44258783205598,103.35376591432177,109.42378094530287,98.7012987012987,218.30258760011276,,103.35376591432177,109.42378094530287,218.30258760011276,,0.007334838261990772,0.16977109786541253,101.70809770661984,101.79550534201154
Cyprus,CYP,2006,26395.41015625,20072754986.827248,1054418.0,751146.29484,71.238,0.383459985256195,,7500.0,12.0,,3385054561.2096562,6.3302698135376,4.7138286656310555,3.6,,27831795586.132812,37052.430102262835,10.520089218377981,10.180945416301599,0.16863926070094012,9.984739393006736,11.380685838064222,0.8484356488505291,102.60833495843482,102.9812984751899,104.40819907533037,98.68421052631578,58.960545058980415,,102.9812984751899,104.40819907533037,58.960545058980415,,0.007112928648790138,0.16863926070094012,102.13285773132968,101.7629669806814
Cyprus,CYP,2007,27156.68359375,23968727073.638103,1072714.0,770369.5591,71.815,0.400070011615753,,9200.0,3.0,,3080439217.4445195,6.28082990646362,5.098068452611841,-0.9,,29131354684.585938,37814.77907644643,10.540455286052952,10.209378467948646,0.1285190994073493,11.94232026866182,2.7966447720454846,0.8590201713024559,102.05748711239599,102.88411293097388,104.33161920362058,122.66666666666666,24.57360489375546,,102.88411293097388,104.33161920362058,24.57360489375546,,0.008576377300939486,0.1285190994073493,102.55919045225335,101.7351752341102
Cyprus,CYP,2008,27449.04296875,27844646257.506958,1091026.0,780443.6285799999,71.533,0.385939985513687,,10900.0,11.0,,3865308179.0132065,6.72276020050049,3.6468119905756,-0.2,,29947619554.023438,38372.55947429858,10.55509788610619,10.220086581803484,0.13881692528132275,13.966415511434581,10.082252851902705,0.8317938029891465,101.47503280853375,101.07656508936638,96.4681116575073,118.47826086956522,360.5124595258653,,101.07656508936638,96.4681116575073,360.5124595258653,,0.009990596007794499,0.13881692528132275,101.30769308846644,101.70707196885655
Cyprus,CYP,2009,26183.4609375,26048179949.17415,1109371.0,795130.5705400001,71.674,0.444370001554489,,9400.0,6.0,,4127177961.19008,7.2054500579834,-2.0152623590686716,-1.0,,29047172243.695312,36531.32368432067,10.505925354674055,10.172883228492006,0.1584440052718897,11.821957736596822,5.408470205188346,0.8232931210481027,95.20168626955639,95.38934004842781,115.13966373891824,86.23853211009175,53.64346921896199,,95.38934004842781,115.13966373891824,53.64346921896199,,0.008473269988128408,0.1584440052718897,101.8818709541806,101.68144480516506
Cyprus,CYP,2010,26090.048828125,25799940077.607452,1127816.0,815377.13352,72.297,0.442919999361038,,8400.0,4.0,,3364223553.839727,6.52559995651245,2.2835449970291677,1.8,,29424774509.140625,36087.31873815649,10.493696801115666,10.16930924965547,0.13039656463232013,10.301981322111677,3.546677826879562,0.8633797248234973,98.78459113608648,99.64324002240203,99.67369485150243,89.36170212765957,65.57635879138677,,99.64324002240203,99.67369485150243,65.57635879138677,,0.00744802343644708,0.13039656463232013,102.54631927511602,101.66265388224498
Cyprus,CYP,2011,25538.78125,27641547909.70109,1146493.0,828822.71956,72.292,0.452630013227463,,10100.0,4.0,,4519016222.745523,6.52042007446289,0.416712762832276,1.0,,29280033931.65625,35327.25785702429,10.47241012219873,10.14795340918403,0.16348636615822543,12.185959387505475,3.488900499174439,0.8908080270250629,97.8938283371866,97.88705808196598,102.19227261817774,120.23809523809524,98.37094513442297,,97.88705808196598,102.19227261817774,98.37094513442297,,0.008809473760415458,0.16348636615822543,101.64900209820149,101.65603254431575
Cyprus,CYP,2012,24285.49609375,25047436974.68195,1165397.0,850355.2289900001,72.967,0.437649995088577,,11300.0,4.0,,3024002502.5315995,5.89526700973511,-3.447381423936193,0.2,,28302244291.16797,33282.84853940822,10.41279748440352,10.097634582561726,0.12073101553617137,13.288564137391674,3.4323067589842777,0.9359548241582427,94.21294082351322,95.09261955775591,96.69044966062425,111.88118811881189,98.37789182570404,,95.09261955775591,96.69044966062425,98.37789182570404,,0.009696266594130584,0.12073101553617137,102.5979632220303,101.64885437590985
Cyprus,CYP,2013,22738.490234375,23959712860.83313,1183895.0,868730.3120500002,73.379,0.484849989414215,,9600.0,2.0,,2649661187.537413,6.46747016906738,-6.587476957000732,0.9,,26919984896.02539,30987.735229936352,10.341346767438033,10.031814372592752,0.11058818621607132,11.050610145450372,1.6893390038812564,1.0122522452873124,93.10421610471722,93.62991864196206,110.78487258204699,84.95575221238938,49.21876517765511,,93.62991864196206,110.78487258204699,49.21876517765511,,0.00810882721863003,0.11058818621607132,102.16087141391779,101.58727026069228
Cyprus,CYP,2014,22581.828125,23225918259.98236,1201801.0,894668.7364400001,74.444,0.512049973011017,,10500.0,4.0,,2131702731.084569,6.42111015319824,-1.7760618111108926,1.1,,27138863622.453125,30333.980072269085,10.320023817667403,10.02490079656103,0.09178120353404653,11.73618745389587,3.3283380526393307,1.0365948053406129,97.89027770885401,99.31102677547973,105.60997920813908,109.375,197.020138941472,,99.31102677547973,105.60997920813908,197.020138941472,,0.008736887388178242,0.09178120353404653,102.98578558042844,101.5124652101749
Cyprus,CYP,2015,23487.228515625,19909278416.857502,1219502.0,904138.7828,74.14,0.47529000043869,,10500.0,6.0,,2588775966.4837055,6.30491018295288,3.4189229903339253,1.3,,28642722149.26172,31679.56368441462,10.363427073245598,10.064212084980092,0.13002861843007568,11.613261370652488,4.92004113154386,1.0004812712332587,104.43589535214224,104.00942025425589,92.8210185509499,100.0,147.82275879826355,,104.00942025425589,92.8210185509499,147.82275879826355,,0.008610071980201755,0.13002861843007568,101.05849751693374,101.47287279674421
Cyprus,CYP,2016,24916.6328125,21046462280.59786,1237112.0,913099.99608,73.809,0.519699990749359,,10700.0,3.0,,2763846106.599115,6.11811017990112,6.573591005131135,1.0,,30824665451.9375,33758.25822392933,10.426980354485845,10.123290843888247,0.1313211726394049,11.71832224940951,2.425002748336448,0.9566761380943323,106.56162616449596,106.08587895299814,109.3437670200675,101.9047619047619,49.288261693363246,,106.08587895299814,109.3437670200675,49.288261693363246,,0.008649176469066665,0.1313211726394049,100.99113249541716,101.44403207210813
Cyprus,CYP,2017,26105.5859375,22946570628.7576,1254275.0,936930.8822499999,74.699,0.542590022087097,,11700.0,8.0,,3528025627.8976545,5.69961977005005,5.750832460144167,1.3,,32743583801.757812,34947.704704882264,10.461608071825296,10.169904591005514,0.15374958136342107,12.48758069741809,6.37818660182177,0.9264181767184514,103.52342372957442,104.77172471074635,104.40447022227816,109.34579439252337,263.0177061117645,,104.77172471074635,104.40447022227816,263.0177061117645,,0.009328097905164338,0.15374958136342107,102.6098878843837,101.38734407232329
Cyprus,CYP,2018,27406.4765625,25754001367.544785,1270737.0,965150.1662399999,75.952,0.614049971103668,,12800.0,4.0,,3879540588.8029027,5.0253529548645,6.271667304384266,1.1,,34826423807.60156,36083.94323059301,10.493603259518252,10.218534635339124,0.15063836230481464,13.262184940469748,3.147779595620494,0.8923944354155733,103.25125365258113,104.98318876318078,113.17015538577306,109.40170940170941,49.35226565371119,,104.98318876318078,113.17015538577306,49.35226565371119,,0.010072894705985581,0.15063836230481464,103.01188535084174,101.31247134798988
Cyprus,CYP,2019,28625.779296875,26196667099.53027,1286671.0,988999.66415,76.865,0.709500014781952,,12100.0,4.0,,3663207353.1187606,5.21260023117065,5.8755912300326685,0.7,,36831960073.68945,37241.63051697782,10.525182514454471,10.262062964830942,0.1398348629312637,12.234584538913264,3.1087978201109685,0.8647243454024647,103.20831700401105,104.44895837520158,115.54434462503534,94.53125,98.7616103883588,,104.44895837520158,115.54434462503534,98.7616103883588,,0.00940411340583568,0.1398348629312637,102.47106603140443,101.25391800191544
Cyprus,CYP,2020,27391.58984375,25555093854.29683,1302247.0,998979.7186400001,76.712,0.843869984149933,,14100.0,2.0,,2800878794.9329076,5.63694000244141,-3.220634335750475,2.1,,35670615699.25391,35707.04693366096,10.483103341388023,10.217991305251312,0.1096015851439328,14.114400659900868,1.5358069552089582,0.8833373842843084,95.87938669168292,95.68853850116935,118.938684505775,116.5289256198347,49.40195677164163,,95.68853850116935,118.938684505775,49.40195677164163,,0.010827439034223155,0.1096015851439328,101.0091059533956,101.2105658711512
Cyprus,CYP,2021,30227.91796875,30372874319.628525,1317309.0,1021744.37967,77.563,0.830590009689331,,17200.0,1.0,,4399294774.208115,5.23585987091064,11.38776335519998,2.7,,39819508391.49609,38972.084587690006,10.570600889016294,10.316521212386432,0.1448428860539242,16.833956067911235,0.7591233340089532,0.8438085686964918,109.14395878240802,110.3547407842308,98.42630088638839,121.98581560283688,49.42830421715786,,110.3547407842308,98.42630088638839,49.42830421715786,,0.013056921344953993,0.1448428860539242,102.27879111109397,101.15661621796788
Cyprus,CYP,2022,32015.3515625,30976176886.85206,1331370.0,1052474.6124,79.052,0.7359602136024535,,21800.0,0.5789473684210407,,4830561342.889745,5.961027305587947,7.3656225242867635,2.1,,42624278609.765625,40499.103833552595,10.60903512528321,10.373970803073306,0.15594440077400554,20.713088698917485,0.4348508441838412,0.8034249514708574,103.91823855977395,105.91318791984902,88.60691857800308,126.74418604651163,57.283293070097166,,105.91318791984902,88.60691857800308,57.283293070097166,,0.01637411087826825,0.15594440077400554,103.00762434728783,101.06740331994999
Cyprus,CYP,2023,32341.302734375,33886930712.33943,1344976.0,1072766.30736,79.761,0.7592848308600395,,29300.0,0.010526315789320506,,3783828211.474763,5.960910013541871,2.611900909147451,1.0,,43498275986.46875,40547.76486550445,10.610235937568254,10.384100414767989,0.11166039921393463,27.31256546647627,0.007826396745607733,0.7871627815453657,100.12015335487878,101.01810898824172,103.16927692917179,134.40366972477065,1.7997887897163594,,101.01810898824172,103.16927692917179,1.7997887897163594,,0.021784775341716134,0.11166039921393463,101.9279985209076,101.02195482848495
Czechia,CZE,1998,11850.839621115158,67187217327.73255,10294373.0,7426051.851009999,72.137,1.06022000312805,632.691,156860.0,624.0,21.2,19598294372.63194,3.58012008666992,-0.39315020580917803,0.1,0.212,121996963422.93811,16428.240183422044,9.70675709533858,9.380153998155789,0.2916967713818748,21.122933578583332,60.615639242914554,1.5113515171659522,,,,,,,,,,,0.015237450595582654,0.2916967713818748,,
Czechia,CZE,1999,12026.468807455498,65586562604.86213,10283860.0,7423404.341,72.185,1.04956996440887,637.585,164050.0,596.0,22.3,18162047364.37876,3.66753005981445,1.378360608428892,2.0,0.223,123678521510.2393,16660.62036081665,9.720803151571188,9.394865233664873,0.27691720137552006,22.09902525367505,57.95489242366193,1.520710760985482,101.41451655685619,101.48199783268869,98.99548785273261,104.58370521484126,95.61046150385415,105.18867924528304,101.48199783268869,98.99548785273261,95.61046150385415,105.18867924528304,0.015952181379365337,0.27691720137552006,99.96434835006384,99.89787624753833
Czechia,CZE,2000,12543.936433864543,62175642238.08475,10255063.0,7334626.158860001,71.522,1.10996997356415,740.27,176790.0,555.0,22.0,17463909433.151623,3.64034008979797,4.01066961867447,4.3,0.22,128638858397.27621,17538.570557121642,9.772157766431956,9.43699267512395,0.28088024191657435,24.103477964782588,54.11960901654139,1.5022713636399079,105.26961287930072,104.30273952141509,105.75473872190099,107.7659250228589,93.3822957014848,98.65470852017937,104.30273952141509,105.75473872190099,93.3822957014848,98.65470852017937,0.017239289509971806,0.28088024191657435,98.80407723920317,99.71997868504627
Czechia,CZE,2001,12958.466762481496,68135304463.96412,10216605.0,7257978.35805,71.041,1.09870994091034,827.853,187650.0,568.0,24.1,19159354499.08695,3.73283004760742,2.917219545774131,7.6,0.24100000000000002,132391536317.90227,18240.828201294316,9.811417668370225,9.469504657543553,0.2811956980278863,25.85430690791091,55.595767870050764,1.4869215573250028,104.00407571349946,103.30462714637054,98.98555520221383,106.1428813846937,102.72758595328764,109.54545454545455,103.30462714637054,98.98555520221383,102.72758595328764,109.54545454545455,0.01836715817044899,0.2811956980278863,98.95498694616613,99.62498523899853
Czechia,CZE,2002,13179.987809911141,82607869609.57402,10196916.0,7216255.4840400005,70.769,1.09818994998932,956.2719999999999,191120.0,526.0,25.1,21634052509.506165,3.95878005027771,1.51345948276807,1.5,0.251,134395228578.68787,18623.95654864579,9.83220401744456,9.486454883163137,0.2618885175438399,26.484649888393644,51.58422409285318,1.4661312659537895,102.10038899069444,101.70946958069926,99.9526725934063,101.8491873168132,92.78444397678948,104.14937759336098,101.70946958069926,99.9526725934063,92.78444397678948,104.14937759336098,0.0187429218795173,0.2618885175438399,99.42514468972308,99.80728431802932
Czechia,CZE,2003,13618.93496372139,100435924704.88142,10193998.0,7173618.332579999,70.371,1.14209997653961,1008.43,187460.0,625.0,27.2,24997502505.201035,4.11728000640869,3.3008368306920204,4.9,0.272,138831395782.30594,19353.050210628517,9.870605319659266,9.519216380149771,0.24889005182809948,26.13186139951494,61.31058687670921,1.4391748198943795,103.91481616743646,103.33040637169762,103.9983999626583,98.08497279196317,118.8553049985753,108.36653386454185,103.33040637169762,103.9983999626583,118.8553049985753,108.36653386454185,0.018389252185452655,0.24889005182809948,99.40915130354931,99.97138350458118
Czechia,CZE,2004,14259.63342943867,120147899983.65746,10197101.0,7147963.85898,70.098,1.13935005664825,1095.933,183770.0,623.0,27.9,30575857325.852158,3.99238991737366,4.736339704433476,4.1,0.27899999999999997,145406922302.9625,20342.42550349321,9.92046391045243,9.565187987427406,0.25448515812603545,25.709419301152373,61.09579575606832,1.402776881572775,105.11224474745246,104.70446820859335,99.75922248946262,98.03158007041503,99.64966715932304,102.5735294117647,104.70446820859335,99.75922248946262,99.64966715932304,102.5735294117647,0.01802178874172179,0.25448515812603545,99.64237749472277,100.03043948017253
Czechia,CZE,2005,15147.721442947275,137264185596.09975,10211216.0,7187164.381600001,70.385,1.16100001335144,1274.334,183940.0,586.0,28.5,36279805851.43884,3.86591005325317,6.375028858316554,5.0,0.285,154676655561.7663,21521.235267382643,9.976795413529032,9.62560539982087,0.264306422639568,25.592847225104293,57.38787623334969,1.3560444895350088,105.79483387409729,106.22798627961339,101.9002023633439,100.09250693802034,93.93097433819683,102.15053763440861,106.22798627961339,101.9002023633439,93.93097433819683,102.15053763440861,0.01801352551938966,0.264306422639568,100.5484152325526,100.13842169455809
Czechia,CZE,2006,16107.304250437173,156236258386.58853,10238905.0,7198052.604049999,70.301,1.22541999816895,1519.466,191680.0,641.0,29.3,40747084395.9674,4.1955099105835,6.623172984539494,6.0,0.293,164921158026.32242,22911.913415793766,10.039412290763783,9.687028128242208,0.2608042769121074,26.629424726925564,62.604350758210956,1.329112576464727,106.46188813575594,106.33483267502702,105.54866357249641,104.20789387843863,109.08985463000951,102.80701754385966,106.33483267502702,105.54866357249641,109.08985463000951,102.80701754385966,0.01872075187727594,0.2608042769121074,100.15149538638457,100.27116261177905
Czechia,CZE,2007,16892.542856671054,190040702286.91663,10298828.0,7190229.75648,69.816,1.29571998119354,1793.918,198650.0,716.0,26.0,52478343547.66524,3.84717988967896,5.488825961139952,4.2,0.26,173973393363.48386,24195.804481309522,10.093934528573786,9.734627552446705,0.276142652158985,27.627768058589794,69.52247381935109,1.305540928781621,105.60359600796474,104.8750467118827,105.73680722769612,103.63626878130216,111.05054677087722,88.73720136518773,104.8750467118827,105.73680722769612,111.05054677087722,88.73720136518773,0.01928860254778505,0.276142652158985,99.89131994443056,100.58524812956074
Czechia,CZE,2008,17190.647031768625,236506264753.94952,10384603.0,7230072.14669,69.623,1.23357999324799,1990.855,159140.0,712.0,26.0,63623431122.48087,3.7271900177002,2.6122680524294424,-0.4,0.26,178518044738.04556,24691.04610799395,10.114195951145744,9.752120737678338,0.2690137243876894,22.01084536519541,68.56304473074223,1.2726957379495918,102.04680785491958,101.76470870979526,95.20421164700183,80.11074754593506,98.61997274276824,100.0,101.76470870979526,95.20421164700183,98.61997274276824,100.0,0.015324610868609999,0.2690137243876894,100.5541184573983,100.83286175863894
Czechia,CZE,2009,16272.808474942152,206971882704.71594,10443936.0,7316081.607360001,70.051,1.28656005859375,1914.1580000000001,164420.0,789.0,26.6,47801944628.23527,4.1460599899292,-4.798324168327937,-2.5,0.266,169952170252.55344,23229.944576011978,10.053197439881798,9.697250802092315,0.23095864038901204,22.473778837375594,75.54623084630163,1.27602103584036,94.08246404145297,94.66082599956657,104.29482203308635,103.31783335427924,110.18505835466242,102.30769230769229,94.66082599956657,104.29482203308635,110.18505835466242,102.30769230769229,0.01574310681336998,0.23095864038901204,101.1896072255569,100.57135549620915
Czechia,CZE,2010,16665.93178332874,211168667286.26968,10474410.0,7348322.335499999,70.155,1.32669997215271,2082.32,162780.0,868.0,27.3,44516346407.91905,4.03350019454956,2.714665115018505,2.7,0.273,174565802530.61636,23755.871688872838,10.075585007911904,9.721121901769774,0.21080943011100556,22.15199504975499,82.86862935477988,1.2814915180272592,102.26400502652922,102.41582950473449,103.1199409068267,99.00255443376719,109.69260600621578,102.63157894736842,102.41582950473449,103.1199409068267,109.69260600621578,102.63157894736842,0.01554073212715561,0.21080943011100556,100.44068300314699,100.29178654484285
Czechia,CZE,2011,16926.284665531344,231429378717.31192,10496088.0,7402995.827280001,70.531,1.54477000236511,2537.946,166220.0,783.0,27.8,48846954766.435715,4.24209022521973,1.77238083691023,1.9,0.278,177659773362.46756,23998.361947982223,10.08574085483339,9.736622998328691,0.21106635223742123,22.45307222617635,74.59922211018048,1.277477294390403,101.02075925600728,101.56218617469106,116.43702681764276,102.11328172994226,90.02106429298335,101.83150183150182,101.56218617469106,116.43702681764276,90.02106429298335,101.83150183150182,0.015836376371844443,0.21106635223742123,100.74402685788391,100.20696153769042
Czechia,CZE,2012,16772.353922825838,210363223087.72824,10510785.0,7523725.01085,71.581,1.76967000961304,2862.575,168780.0,867.0,28.5,47612666826.74047,4.22070980072021,-0.7706681764955192,0.4,0.285,176290606026.72897,23431.293112454194,10.061827720437897,9.727487210072889,0.22633550735664693,22.43303679448698,82.48670294369069,1.2869245881238651,97.6370519089712,99.09058162646306,114.55880208080156,101.54012754181205,110.57314085911068,102.51798561151078,99.09058162646306,114.55880208080156,110.57314085911068,102.51798561151078,0.016057792067861724,0.22633550735664693,101.63081523192426,100.14002359736314
Czechia,CZE,2013,16759.78086543773,213024360541.11862,10514272.0,7659436.86656,72.848,1.87924003601074,2986.371,163370.0,984.0,28.9,48679434821.75929,4.04676008224487,-0.0418124078092319,0.3,0.289,176216894679.6077,23006.50788688465,10.043532406491712,9.726737299096047,0.22851581245499403,21.32924428338197,93.58707859184163,1.310066606233633,98.18710293311229,99.92503701361204,106.19155129501566,96.79464391515582,113.45716976435412,101.40350877192984,99.92503701361204,106.19155129501566,113.45716976435412,101.40350877192984,0.015537927875558098,0.22851581245499403,101.80378543227309,100.03317544788518
Czechia,CZE,2014,17118.042556968372,210911285077.68277,10525347.0,7733603.961719999,73.476,1.95833003520966,3077.92,164840.0,910.0,29.4,50447552803.06321,3.96522998809814,2.245212186064876,1.1,0.294,180173337872.85938,23297.461153258715,10.056099670237398,9.747888306533124,0.23918849474783857,21.314771329890885,86.45795715808704,1.3005189527706182,101.26465636507977,102.13762754064079,104.20861612584696,100.8997980045296,92.38236566305632,101.73010380622839,102.13762754064079,104.20861612584696,92.38236566305632,101.73010380622839,0.015661241382350626,0.23918849474783857,100.96831002660002,100.10533301782567
Czechia,CZE,2015,17931.59876707676,189107698561.9188,10546059.0,7798810.630500001,73.95,1.91689002513885,3237.687,162770.0,880.0,30.2,48439067477.26685,5.75182008743286,4.95875849031782,4.8,0.302,189107698561.91876,24248.274194829963,10.096100726609615,9.794319729778334,0.2561454020414015,20.87113121626912,83.44349296737293,1.2678076178692415,104.08118736765553,104.75262406551973,97.88391081555498,98.74423683571949,96.51337564545712,102.72108843537416,104.75262406551973,97.88391081555498,96.51337564545712,102.72108843537416,0.015434201534431013,0.2561454020414015,100.84316017606751,100.19678211084158
Czechia,CZE,2016,18359.097811740547,198160659303.93896,10566332.0,7914922.31124,74.907,1.67002999782562,2955.98,167040.0,792.0,31.1,48665704883.276306,5.55373001098633,2.5808701467578317,0.2,0.311,193988322699.32413,24509.18847603101,10.106803366060957,9.817880524173043,0.24558711630360905,21.104439618161013,74.95505535885111,1.276853126519221,101.07601175697971,102.38405426207,87.12184715472402,102.62333353812127,89.82732229121703,102.98013245033113,102.38405426207,87.12184715472402,89.82732229121703,102.98013245033113,0.01580870258477587,0.24558711630360905,101.48883831447199,100.19223294692358
Czechia,CZE,2017,19257.693067378103,221563575696.2173,10594438.0,8026346.2288,75.76,1.76855003833771,3423.752,170370.0,794.0,32.2,55764594204.96222,3.80615997314453,5.17356528805017,3.6,0.322,204024435225.36713,25419.341430013337,10.143265636855256,9.865665899744986,0.25168665034283555,21.22634572985168,74.94498528378759,1.2447606116884913,103.71351729932805,104.89455018352214,105.89929765575248,101.99353448275863,99.98656518227448,103.53697749196142,104.89455018352214,105.89929765575248,99.98656518227448,103.53697749196142,0.01608107952493563,0.25168665034283555,101.40777019885294,100.26599580630251
Czechia,CZE,2018,19736.62952759398,251992360762.23602,10629928.0,8124560.269679999,76.431,1.89906001091003,3997.605,173820.0,678.0,32.6,62207194895.53393,4.26605987548828,2.8303058941211248,1.2,0.326,209798950840.99805,25822.806881493092,10.159013368077499,9.8902315551262,0.24686143146310965,21.394388647552766,63.78218177959437,1.2269843268563267,101.58723801948453,102.48698771208053,107.37948996314452,102.02500440218347,85.1053363184688,101.24223602484473,102.48698771208053,107.37948996314452,85.1053363184688,101.24223602484473,0.016351945187211052,0.24686143146310965,101.22364570478643,100.33498709417148
Czechia,CZE,2019,20360.05992187777,256794209028.76953,10671870.0,8170490.3907,76.561,1.92734003067017,4336.002,176200.0,765.0,33.4,62492861372.56089,4.54246997833252,3.565776572048435,3.7,0.33399999999999996,217279912678.48975,26593.25233719227,10.1884127910556,9.921330413777897,0.2433577517535047,21.565413038189035,71.68378175521254,1.2014940688013365,102.98358524398579,103.15874801932196,101.4891588258229,101.3692325394086,112.38841280613907,102.45398773006133,103.15874801932196,101.4891588258229,112.38841280613907,102.45398773006133,0.016510695876167908,0.2433577517535047,100.56532439289553,100.3945652312979
Czechia,CZE,2020,19233.146956549666,251109660602.53552,10697858.0,8151553.838839999,76.198,1.98599004745483,4273.348,221900.0,673.0,33.7,60487398027.929825,4.72159004211426,-5.30487954551279,3.3,0.337,205753475034.3005,25241.01283045443,10.136225443839521,9.86439047348042,0.2408804101076431,27.221803890039364,62.90978997851719,1.2302152818328107,94.9151029381741,94.46508031090228,103.04305497999056,125.93643586833143,87.76014384026644,100.89820359281438,94.46508031090228,103.04305497999056,87.76014384026644,100.89820359281438,0.02074247012813219,0.2408804101076431,99.76823237095346,100.24351870852999
Czechia,CZE,2021,20373.878303218477,290972714482.31274,10505772.0,8036600.40684,76.497,1.99600994586945,4742.947,223540.0,541.0,34.8,70835800344.70515,4.80319976806641,4.029018306338543,0.1,0.348,214043320209.36017,26633.565111335705,10.18992754560167,9.92200888399084,0.24344482083391714,27.815243844865513,51.495501710869036,1.2244819121111163,105.51702219809935,105.93106967489969,100.50452913535297,100.73907165389815,81.8561017743884,103.26409495548961,105.93106967489969,100.50452913535297,81.8561017743884,103.26409495548961,0.021277827084006773,0.24344482083391714,98.5897973040149,98.20444429155818
Czechia,CZE,2022,20627.34864963044,301831228325.55554,10672118.0,8212301.522179999,76.951,2.083628686441898,5407.608,228440.0,826.1920289855079,35.0,70152436382.37567,4.811319982659995,2.847170657171489,-1.5,0.35,220137498815.9967,26805.82273086827,10.196374408977267,9.934373078641215,0.23242272435345612,27.816806212366075,77.41593833440633,1.2160856677768006,100.64676891288298,101.24409473071174,104.38969458813403,102.19200143151114,150.33534146161418,100.57471264367817,101.24409473071174,104.38969458813403,150.33534146161418,100.57471264367817,0.02140531054847782,0.23242272435345612,102.18626168336624,101.58337721397342
Czechia,CZE,2023,20245.655795590388,343207874553.7345,10864042.0,8397795.82558,77.299,2.1318424144862433,5764.281000000001,245810.0,835.3007246376801,35.5,86194872977.8891,4.861477447454476,-0.08533027592737596,-0.8,0.355,219949654880.8374,26191.355380522888,10.173184687996311,9.91569552090731,0.25114479989704885,29.270775939950045,76.88673558493976,1.2242140311173078,97.70770941629114,98.14957869514224,102.3139309013199,107.6037471546139,99.31641628216063,101.42857142857142,98.14957869514224,102.3139309013199,99.31641628216063,101.42857142857142,0.022626017093821987,0.25114479989704885,102.25873712623694,101.79836842133867
Denmark,DNK,1998,46437.19210361662,176877077513.13275,5304219.0,4195372.01805,79.095,2.00619006156921,3143.912,136000.0,1543.0,20.4909090909091,41415952131.041245,8.10674953460693,2.3263027649989283,1.2570000000000014,0.20490909090909099,246313036662.65323,58710.65440750568,10.980376495436337,10.745855971098788,0.23415104270911644,32.41667232724037,290.90050769019905,0.23773211706819453,,,,,,,,,,,0.025639966977230765,0.23415104270911644,,
Denmark,DNK,1999,47657.173193571,177887720535.5351,5321799.0,4276012.278510001,80.349,2.12764000892639,3513.2960000000003,148900.0,1656.0,20.2,43130527514.52471,7.93115997314453,2.967305377234169,1.0,0.20199999999999999,253621896644.37296,59312.714773763204,10.990578976399691,10.77178843696696,0.2424592736625061,34.82216380629408,311.17296989232403,0.2509349361569786,101.02547037217245,102.6271637768972,106.0537607918456,109.48529411764707,106.9688644970378,98.5803016858917,102.6271637768972,106.0537607918456,106.9688644970378,98.5803016858917,0.02797926039671923,0.2424592736625061,101.92212419096703,100.3314342790145
Denmark,DNK,2000,49266.98827023726,164043817223.58997,5339616.0,4260960.17184,79.799,2.18619990348816,3857.361,164800.0,1730.0,22.1,40837446747.504105,8.08434009552002,3.7240089756295163,2.3,0.221,263066798839.57123,61738.85420899669,11.030668739558655,10.805009526619488,0.2489423096747566,38.67672856675279,323.9933358503682,0.2437603905132093,104.0904204848615,103.3779071833061,102.7523403543873,110.67830758898589,104.12001272555275,109.40594059405942,103.3779071833061,102.7523403543873,104.12001272555275,109.40594059405942,0.030863642628983057,0.2489423096747566,99.64798729073703,100.33479280220843
Denmark,DNK,2001,49557.151007505796,164881594415.34097,5358783.0,4230759.1785,78.95,2.32466006278992,4246.874,161300.0,1757.0,23.6,42624940267.15782,8.21545028686523,0.9500322803592809,-0.2,0.23600000000000002,265566018347.45493,62770.29893287624,11.047237293652893,10.810881848366453,0.2585184866649488,38.12554513140318,327.87295175042544,0.2511019320423351,101.6706573795295,100.58895976282727,106.33337139393528,97.87621359223301,101.19743694415028,106.78733031674209,100.58895976282727,106.33337139393528,101.19743694415028,106.78733031674209,0.03010011788124281,0.2585184866649488,99.2912162488729,100.35895839700832
Denmark,DNK,2002,49624.59653343374,178788209558.31128,5375931.0,4279778.6691000005,79.61,2.44145011901855,4607.496,159500.0,1815.0,25.7,44998851555.93555,8.2130298614502,0.45652999079793233,0.8,0.257,266778406866.57898,62334.62697328694,11.040272360535404,10.8122418876478,0.25168802611259045,37.268282388430485,337.61594038316343,0.25806292286294585,99.30592658152673,100.13609645541916,105.02396277623771,98.88406695598265,102.97157437986964,108.89830508474576,100.13609645541916,105.02396277623771,102.97157437986964,108.89830508474576,0.02966927960942951,0.25168802611259045,101.15864525802152,100.31999802940332
Denmark,DNK,2003,49708.09089995916,218421193436.2524,5390574.0,4281786.83394,79.431,2.51084995269775,4821.84,148000.0,1772.0,26.1,54950786752.78163,8.12193012237549,0.44109099465686086,1.7,0.261,267955142394.95645,62580.21540703146,11.044204459323556,10.81392299360288,0.2515817530720496,34.56500889461932,328.72195057520776,0.26557568023008926,100.39398396311854,100.16825198058623,102.84256611014024,92.78996865203762,97.36564873155521,101.55642023346303,100.16825198058623,102.84256611014024,97.36564873155521,101.55642023346303,0.027455332215085074,0.2515817530720496,100.04692216573017,100.27238072810087
Denmark,DNK,2004,50956.304550674395,251986155630.85242,5404523.0,4327887.97317,80.079,2.41915988922119,4863.177,138900.0,1877.0,25.7,64894970314.61011,8.2076301574707,2.776351846684321,3.3,0.257,275394519939.12445,63632.543551585804,11.060880309521652,10.83872377095007,0.25753387185952437,32.09417638836466,347.3016952652436,0.2623604825035528,101.6815668302032,102.51108748720073,96.34824600418497,93.85135135135135,105.65211561245742,98.46743295019157,102.51108748720073,96.34824600418497,105.65211561245742,98.46743295019157,0.025700695510038535,0.25753387185952437,101.0766799240115,100.25876650612717
Denmark,DNK,2005,52015.184129348294,265150087711.98453,5419432.0,4320642.162,79.725,2.3933699131012,5059.804,143400.0,1658.0,25.7,69530813527.57594,8.08557033538818,2.359608832737223,1.4,0.257,281892753356.4823,65243.2538467837,11.085877930518572,10.859290957426603,0.2622319084544403,33.1895108697502,305.9361202428594,0.2469619725454688,102.53126812995008,102.07801485608297,98.93392841726171,103.23974082073435,88.08944051056467,100.0,102.07801485608297,98.93392841726171,88.08944051056467,100.0,0.026460337540908346,0.2622319084544403,99.83257858764091,100.27586153301596
Denmark,DNK,2006,53823.15904146961,283386151543.6874,5437272.0,4375644.642,80.475,2.40300011634827,5387.269,145300.0,1503.0,27.6,77810251149.05765,7.72990989685059,3.816487697235033,1.2,0.276,292651155607.72955,66881.83788936888,11.110682727784246,10.893459118981028,0.27457323064377853,33.206535696552116,276.4253839057527,0.25784213944426426,102.51149957424441,103.47585987127404,100.40237003040586,101.32496513249652,90.35395483420515,107.39299610894942,103.47585987127404,100.40237003040586,90.35395483420515,107.39299610894942,0.026722959601800315,0.27457323064377853,101.27301632344717,100.32918578921186
Denmark,DNK,2007,54113.97714437983,320213157595.0181,5461438.0,4372044.9621399995,80.053,2.51540994644165,5842.498,145400.0,1660.0,29.7,84987345266.88521,7.61560010910034,0.9871737884371612,0.3,0.297,295540131107.4475,67597.68796219984,11.121329059703557,10.898847789033098,0.2654086606096646,33.25674856025053,303.9492529256947,0.27814639765185056,101.0703205764397,100.5403215048863,104.67789532462461,100.06882312456986,109.95707001688608,107.6086956521739,100.5403215048863,104.67789532462461,109.95707001688608,107.6086956521739,0.02662302492493735,0.2654086606096646,99.91773372486767,100.44445082019071
Denmark,DNK,2008,53572.534659728415,354979471960.142,5493621.0,4355177.92017,79.277,2.77345991134644,6679.907,140000.0,1634.0,31.0,95457147502.75136,7.47604990005493,-0.41717842951331363,-1.5,0.31,294307201429.91187,67576.38994882301,11.121013939913103,10.888791802665686,0.2689089230305394,32.14564423456097,297.4358806331926,0.2658777491822324,99.96849298545723,98.9994406007032,110.25876379593046,96.28610729023383,97.85708560563748,104.37710437710439,98.9994406007032,110.25876379593046,97.85708560563748,104.37710437710439,0.0254841023798329,0.2689089230305394,99.6142070331833,100.5892770365607
Denmark,DNK,2009,50635.911799331356,322619152194.5942,5523095.0,4344411.29605,78.659,3.05514001846313,7035.85,136200.0,1518.0,30.5,72976825462.94041,8.44888019561768,-4.974479074740003,-1.0,0.305,279666951279.328,64373.95822389219,11.072464454905262,10.832416322898249,0.2262011568951213,31.350622839010427,274.84589709211957,0.2567540208168957,95.26101982163284,94.51841717206526,110.15627108812048,97.28571428571429,92.40509131145085,98.38709677419355,94.51841717206526,110.15627108812048,92.40509131145085,98.38709677419355,0.02466008641893721,0.2262011568951213,99.75278566530802,100.53651316681658
Denmark,DNK,2010,51209.44926363677,322345594075.47015,5547683.0,4325140.09729,77.963,2.91706991195679,7062.090999999999,144600.0,1626.0,32.1,78078474990.68764,8.55955028533936,1.5828970207819566,3.6,0.321,284093791119.24023,65684.29801782483,11.092615180746323,10.843679349929655,0.2422197679314558,33.43244305325553,293.09533367353544,0.26446134519284037,102.03551223209746,101.13266937223986,95.48072737511404,106.16740088105728,106.6398795741525,105.24590163934427,101.13266937223986,95.48072737511404,106.6398795741525,105.24590163934427,0.026064935577609607,0.2422197679314558,99.55641403525671,100.44518517244407
Denmark,DNK,2011,51667.53131819515,344315595263.17456,5570572.0,4331064.02428,77.749,2.94464993476868,7272.3099999999995,145600.0,1574.0,33.7,87233807161.04454,8.48486042022705,1.3108037793961387,0.4,0.337,287817703270.261,66454.27120373915,11.10426933903191,10.852584842284116,0.2533542144507517,33.61760509282813,282.5562617268029,0.25894881019188176,101.17223325688185,100.89452642265313,100.94547006565875,100.69156293222683,96.40421708027891,104.98442367601245,100.89452642265313,100.94547006565875,96.40421708027891,104.98442367601245,0.026137351783622937,0.2533542144507517,100.13696497354412,100.41258666005248
Denmark,DNK,2012,51470.689833800534,326792574244.9627,5591572.0,4315016.1124,77.17,2.98125004768372,7558.298000000001,144800.0,1406.0,35.0,82619786074.44531,7.23782014846802,-0.005432318693266325,1.7,0.35,287802068095.3637,66697.79685603283,11.107927200714006,10.848767795195426,0.25282026761267157,33.55723274911774,251.44986061164911,0.24082510784775657,100.36645598226043,99.61902285754208,101.24293595931005,99.45054945054946,88.99107706017506,103.85756676557862,99.61902285754208,101.24293595931005,88.99107706017506,103.85756676557862,0.025896116512494162,0.25282026761267157,99.62946953011928,100.37698103534072
Denmark,DNK,2013,51970.39094050238,344631016965.12024,5614932.0,4295647.577280001,76.504,2.97047996520996,7653.857,145600.0,1341.0,35.4,92125974547.21434,8.49442958831787,1.3926734701729515,1.2,0.354,291810211144.3369,67931.59957714939,11.126256589341489,10.85842943040064,0.2673177108621605,33.894773111762994,238.82746932643175,0.22734242338385613,101.84984029349533,100.97084594808305,99.63873937772756,100.55248618784532,94.98015578353731,101.14285714285714,100.97084594808305,99.63873937772756,94.98015578353731,101.14285714285714,0.025930857221423163,0.2673177108621605,99.55113643575189,100.417771603406
Denmark,DNK,2014,52368.36258529854,352832602064.45154,5643475.0,4318499.9395,76.522,2.9140899181366,7712.615000000001,149500.0,1377.0,36.4,100724984971.53255,7.634850025177,1.277999793806444,1.5,0.364,295539545041.0677,68435.6950750092,11.133649825311975,10.86605792051203,0.28547527746070706,34.61850227959231,243.99860015327434,0.2229687976960406,100.74206334165193,100.76576611719503,98.10165199786579,102.67857142857142,102.16521610408836,102.82485875706216,100.76576611719503,98.10165199786579,102.16521610408836,102.82485875706216,0.026490770314389626,0.28547527746070706,100.53198875859526,100.5083409736752
Denmark,DNK,2015,53094.01336075736,301758922337.6373,5683483.0,4370314.25285,76.895,3.05497002601624,8311.099,154500.0,1462.0,36.4,85998366149.44022,7.01041460037231,2.1044145871258735,1.1,0.364,301758922337.6373,69047.41967716673,11.142548789235029,10.879819458138824,0.2849903011425023,35.352148852739,257.2366276102172,0.22135955524382744,100.89386774180792,101.38566634440184,104.83444615084923,103.34448160535116,105.42545221514675,100.0,101.38566634440184,104.83444615084923,105.42545221514675,100.0,0.02718403486031365,0.2849903011425023,101.19982202329263,100.70892490885493
Denmark,DNK,2016,54300.20395308929,312181849372.233,5728010.0,4434281.6614,77.414,3.09282994270325,8725.219000000001,154000.0,1552.0,37.6,89803805281.1652,7.69106006622314,3.0730454747985476,1.0,0.376,311032111245.33496,70142.61497027578,11.158285805153124,10.902283261957132,0.28766504350509753,34.72941318557984,270.9492476444699,0.2253706874270538,101.58614948716355,102.2718015007384,101.23928930119096,99.67637540453075,105.33074164501603,103.29670329670331,102.2718015007384,101.23928930119096,105.33074164501603,103.29670329670331,0.02688542792348477,0.28766504350509753,101.46367983740036,100.78344564415869
Denmark,DNK,2017,55601.01456499063,331610593961.98785,5764980.0,4488959.3268,77.866,2.93124008178711,8614.927,143500.0,1490.0,38.1,97093683893.79222,7.11585998535156,3.056477243935163,2.1,0.381,320538736946.8797,71406.02389360007,11.176137513026578,10.925956727643962,0.29279427636416816,31.967320163334033,258.4570978563672,0.21188873551716902,101.80120020312854,102.39559065565413,94.77533961098085,93.18181818181817,95.389487183779,101.32978723404256,102.39559065565413,94.77533961098085,95.389487183779,101.32978723404256,0.024891673518381677,0.29279427636416816,101.2330670348698,100.64542485086443
Denmark,DNK,2018,56355.07330090536,355293374912.39276,5793636.0,4530449.54292,78.197,2.96602988243103,8935.758999999998,146800.0,1262.0,39.4,102456918637.62799,7.29690980911255,1.8600074888522613,2.0,0.39399999999999996,326500781458.7641,72068.07588642192,11.185366449718634,10.939427547374567,0.28837272483026605,32.402965447305995,217.82521373451837,0.2006312452151917,100.92716546409075,101.3561960007642,101.18686288646508,102.29965156794425,84.2790604480016,103.41207349081363,101.3561960007642,101.18686288646508,84.2790604480016,103.41207349081363,0.02533814689082987,0.28837272483026605,100.92427248944527,100.49707024135384
Denmark,DNK,2019,57114.62272853769,345401473012.6152,5814422.0,4595893.58146,79.043,2.89685010910034,9070.868,157300.0,1351.0,40.5,101309027806.54558,7.25505018234253,1.7114009439059004,0.9,0.405,332088518914.5096,72257.66067651492,11.187993630478656,10.952815452675473,0.2933080363639487,34.22620589705424,232.3532760436033,0.20191322937827927,100.2630634823549,101.3477924579687,97.66759688631362,107.15258855585832,106.66959626023436,102.79187817258885,101.3477924579687,97.66759688631362,106.66959626023436,102.79187817258885,0.027053419927208586,0.2933080363639487,101.44453741113337,100.35877297089426
Denmark,DNK,2020,55934.55560669945,355631021931.62103,5831404.0,4602202.35084,78.921,2.96872997283936,9222.048999999999,162800.0,1261.0,41.0,106647311249.79428,7.38354015350342,-1.7801059882174997,1.7,0.41,326176991303.1296,70874.10905424341,11.16866047028781,10.931937636433156,0.29988191319906815,35.37436809363359,216.24294938234428,0.19778025538452226,98.08525267865309,97.93386165317588,102.48131111489724,103.4965034965035,93.0664516827231,101.23456790123456,97.93386165317588,102.48131111489724,93.0664516827231,101.23456790123456,0.027917805043176567,0.29988191319906815,100.13726970105334,100.29206686408384
Denmark,DNK,2021,59803.92020997407,408378204639.99896,5856733.0,4660963.82339,79.583,2.81261992454529,9437.003,168700.0,1090.0,42.8,131815251532.34286,6.99992990493774,7.382066289775551,1.3,0.428,350255593023.1221,75146.60192500167,11.227196176926611,10.998826493140802,0.3227773912384552,36.194230719710156,186.1105841772196,0.1872132807861746,106.02828441552374,106.91766397588252,94.74152079433608,103.62407862407863,86.06550396616774,104.39024390243902,106.91766397588252,94.74152079433608,86.06550396616774,104.39024390243902,0.028804454633666928,0.3227773912384552,101.27681201456242,100.43435508841438
Denmark,DNK,2022,60248.67123024346,401945576107.9633,5903037.0,4743739.56357,80.361,3.2022249690000564,10932.108,181700.0,1257.5,44.0,146117806847.66418,5.29643440246582,1.5401731070956686,-2.1,0.44,355650135472.96265,74972.52551641151,11.224876998956677,11.006235796839885,0.3635263466823595,38.303114571335755,213.0259390208803,0.18758307779738992,99.7683509245516,100.74368205078838,113.85203315438197,107.705986959099,114.46202265317223,102.80373831775702,100.74368205078838,113.85203315438197,114.46202265317223,102.80373831775702,0.03078076590067113,0.3635263466823595,101.77593612215159,100.79061142107723
Denmark,DNK,2023,61295.98186233943,407091920305.4043,5946952.0,4802401.61808,80.754,3.243045167784757,11209.630000000001,192100.0,1235.050000000003,46.0,132955018618.28171,7.2154523603466885,2.495184331488943,1.5,0.46,364524261928.2032,75904.57669259656,11.237232260546003,11.023469571037545,0.32659704599034434,40.00081943933743,207.67781545907937,0.16016645856761613,101.24319031507218,101.73831324527245,101.27474487832275,105.72372041827187,97.48944960112266,104.54545454545455,101.73831324527245,101.27474487832275,97.48944960112266,104.54545454545455,0.03230226173004255,0.32659704599034434,101.23662047049338,100.74393909440174
Estonia,EST,1998,9199.935570437236,5674080542.885749,1386156.0,998836.2904800001,72.058,0.565010011196136,28.505,20680.0,20.0,25.3,1232735856.8548315,6.23536014556885,4.339837530926147,4.2,0.253,12752545890.574997,12767.403439503227,9.45465059550148,9.126951759799265,0.21725737721514282,20.704093550767997,14.428390455331146,1.7634580170030514,,,,,,,,,,,0.014918955730812405,0.21725737721514282,,
Estonia,EST,1999,9133.895896577998,5756912265.758092,1390244.0,976243.2392400001,70.221,0.677079975605011,36.449,20110.0,13.0,24.7,1219190075.7345939,6.65249013900757,-0.4250282586543932,6.2,0.247,12698343966.842182,13007.356626333998,9.473270370719241,9.119747596327027,0.21177847072401865,20.59937440965586,9.350876536780595,1.7682435418374283,101.87942041596602,99.28217243095216,119.8350404750565,97.24371373307544,64.80886808358821,97.62845849802372,99.28217243095216,119.8350404750565,64.80886808358821,97.62845849802372,0.014465086704204442,0.21177847072401865,97.73806263795815,100.29491630090696
Estonia,EST,2000,10006.769260884543,5686579747.535244,1396985.0,982820.85705,70.353,0.600000023841858,36.308,19980.0,13.0,24.1,1351754392.8230708,5.33945989608765,10.087634989408457,11.6,0.24100000000000002,13979306555.916794,14223.656789169678,9.562661828467194,9.211017069053515,0.2377095640677451,20.329238901147512,9.305754893574376,1.7117673016046702,109.3508634980702,109.55641901539042,88.61582759196541,99.35355544505221,99.51746081740318,97.57085020242916,109.55641901539042,88.61582759196541,99.51746081740318,97.57085020242916,0.01430222944412431,0.2377095640677451,100.67376833412136,100.48487891334183
Estonia,EST,2001,10662.945494185233,6250218422.701638,1388115.0,961172.46945,69.243,0.698390007019043,47.940000000000005,22410.0,18.0,24.8,1446596377.5998745,5.22845983505249,5.880749702825483,5.7,0.248,14801394584.660934,15399.311835398861,9.64207810139021,9.27452997232784,0.23144733187973734,23.31527453426064,12.967225337958311,1.6562611243050185,108.26549082036598,106.55732350965279,116.39832987791974,112.16216216216218,139.34630222113609,102.90456431535269,106.55732350965279,116.39832987791974,139.34630222113609,102.90456431535269,0.016144195545758095,0.23144733187973734,97.79732110437918,99.36506118533842
Estonia,EST,2002,11474.66218915414,7370119619.478195,1379350.0,941130.505,68.23,0.712029993534088,53.194,21230.0,19.0,24.4,1617690686.7691667,5.43460988998413,6.933000131030127,6.8,0.244,15827575290.609762,16817.62009256066,9.730182430802504,9.347896595641744,0.21949313855013106,22.55797669633501,13.77460398013557,1.568152852595846,109.21020544503483,107.61249971137484,101.9530615240709,94.73449352967425,106.22630224381047,98.38709677419355,107.61249971137484,101.9530615240709,106.22630224381047,98.38709677419355,0.015391307499909378,0.21949313855013106,97.91484201982311,99.36856816618219
Estonia,EST,2003,12424.044020938527,9876595528.455284,1370720.0,965658.5328,70.449,0.764649987220764,64.794,20650.0,18.0,24.8,2165265067.1633964,5.27309989929199,7.596301440337513,5.0,0.248,17029885620.380857,17635.515083164453,9.777670050248396,9.427388908040092,0.21923192672263328,21.38437066374152,13.131784755456986,1.5321100893052488,104.86332183806194,108.27372358448812,107.39013723642483,97.26801695713613,95.33330159178733,101.63934426229508,108.27372358448812,107.39013723642483,95.33330159178733,101.63934426229508,0.015065075288899265,0.21923192672263328,102.60623023796258,99.37434298763911
Estonia,EST,2004,13348.527560524153,12148595031.0559,1362550.0,962369.065,70.63,0.845839977264404,80.803,20480.0,27.0,25.6,2702084123.775133,4.87674999237061,6.800695160426031,6.8,0.256,18188036227.592186,18899.231998476786,9.846876565220882,9.499161362653622,0.22241947458678935,21.280817042887804,19.81578657663939,1.476364226804323,107.16574996167097,107.44108390172775,110.61792864716276,99.17675544794189,150.89941653517303,103.2258064516129,107.44108390172775,110.61792864716276,150.89941653517303,103.2258064516129,0.015030641077391655,0.22241947458678935,99.65935496987098,99.40396288082177
Estonia,EST,2005,14703.61755465535,14109491356.796417,1354775.0,955847.9535000001,70.554,0.917050004005432,101.735,22050.0,23.0,27.7,3421556933.8713474,4.81026983261108,9.523058032996403,5.9,0.27699999999999997,19920093472.6082,20840.232381800248,9.944640646563304,9.595848834644546,0.24250037420542547,23.068522477094994,16.976988798878043,1.3881992565007373,110.27026063006105,110.15160651979797,108.41885328845935,107.666015625,85.6740595848566,108.20312499999997,110.15160651979797,108.41885328845935,85.6740595848566,108.20312499999997,0.016275765348489603,0.24250037420542547,99.32238974244252,99.42937873839493
Estonia,EST,2006,16234.514605117833,17025671810.312382,1346810.0,980585.4248,72.808,1.11276996135712,148.24899999999997,22240.0,36.0,27.4,4186348028.2561235,5.85676240921021,9.762570368380509,5.0,0.27399999999999997,21864806615.31875,22297.70712712591,10.012239132750539,9.694894786037501,0.2458844546574937,22.680328951999325,26.729828260853424,1.3562857344779715,106.99356282897531,110.41170341089143,121.34234300167222,100.86167800453514,157.4474047047726,98.91696750902527,110.41170341089143,121.34234300167222,157.4474047047726,98.91696750902527,0.016513093903371672,0.2458844546574937,102.58801320957163,99.41207949659537
Estonia,EST,2007,17543.4654204,22450264166.43854,1340680.0,981565.4552,73.214,1.05874001979828,169.5,23790.0,44.0,27.5,5466302076.972865,4.61990976333618,7.570918113418628,7.5,0.275,23520173219.821873,23961.899937716833,10.084220345317528,9.772436818840047,0.24348497801395924,24.236794269774542,32.81916639317361,1.31525511203788,107.46351542381854,108.0627653312747,95.14455427131176,106.96942446043165,122.78105969441708,100.36496350364965,108.0627653312747,95.14455427131176,122.78105969441708,100.36496350364965,0.017744726556672735,0.24348497801395924,100.0999433986284,99.54485042433603
Estonia,EST,2008,16688.996845909012,24342935403.544746,1337090.0,992642.2451000001,74.239,1.25188004970551,203.70600000000002,19120.0,62.0,28.3,5704875318.798213,5.48403978347778,-5.125312708621806,-3.4,0.28300000000000003,22314690792.69648,22480.093813102292,10.020385477179627,9.722504909751175,0.23435445332396052,19.261723037058356,46.369354344135395,1.3665062119157092,93.81599068326744,95.12941967840977,118.2424416094169,80.36990332072298,141.28742268658056,102.9090909090909,95.12941967840977,118.2424416094169,141.28742268658056,102.9090909090909,0.014299710565481755,0.23435445332396052,101.12848204277351,99.73222543783751
Estonia,EST,2009,14274.850690064308,19633984440.122257,1334515.0,988608.712,74.08,1.39679002761841,193.111,19740.0,76.0,30.2,4662986243.809794,5.96005010604858,-14.630220308111248,2.1,0.302,19050002368.65117,19269.50687103713,9.866279170579523,9.566254574929356,0.2374956676791967,19.967455030883848,56.94952848038426,1.4629393051426351,85.7180892181424,85.53450409191919,111.57538838860705,103.24267782426779,122.81716941264031,106.71378091872789,85.53450409191919,111.57538838860705,122.81716941264031,106.71378091872789,0.014791890686878754,0.2374956676791967,99.59365691719138,99.80741760090945
Estonia,EST,2010,14657.938769881905,19524355419.03797,1331475.0,983973.3397499999,73.901,1.57898998260498,229.857,20940.0,84.0,30.0,4559978865.7630625,5.51778984069824,2.4497459157554147,5.3,0.3,19516679023.62851,19834.560790627875,9.895181189553677,9.592737363227917,0.23355336285861095,21.28106438871633,63.087928800766065,1.4618953363854867,102.93237353385543,102.68365735050551,113.04419070754888,106.07902735562308,110.77866750467675,99.33774834437085,102.68365735050551,113.04419070754888,110.77866750467675,99.33774834437085,0.015726919393905255,0.23355336285861095,99.5311216466399,99.77220188607846
Estonia,EST,2011,15820.921516512477,23303915794.756855,1327439.0,992512.86591,74.769,2.30521988868713,380.94899999999996,22120.0,62.0,31.3,6151018027.787429,5.01449012756348,7.6069766353788,-1.3,0.313,21001308236.957806,21159.73400274509,9.959855315134485,9.66908848972078,0.2639478309980568,22.286864744789934,46.706477661120395,1.4033628340893074,106.68113212137966,107.93414930222104,145.9933194056135,105.63514804202482,74.03393731409558,104.33333333333334,107.93414930222104,145.9933194056135,74.03393731409558,104.33333333333334,0.016663665901031986,0.2639478309980568,100.8678615380138,99.69687752304775
Estonia,EST,2012,16460.683875320683,23237406116.398834,1322696.0,989971.8212,74.845,2.12480998039246,376.682,21500.0,20.0,32.1,6100905813.359019,4.71772003173828,3.672021159311683,3.8,0.321,21772480719.151165,21993.030764006522,9.998480898699727,9.708730021078834,0.2625467654521715,21.717789880058053,15.12063240532972,1.3502714098620352,103.93812493651069,104.0437743031623,92.17385251706219,97.19710669077757,32.373737354029814,102.555910543131,104.0437743031623,92.17385251706219,32.373737354029814,102.555910543131,0.01625467983572945,0.2625467654521715,99.74397866291937,99.64269544589243
Estonia,EST,2013,16809.532320525952,25451032780.757328,1317997.0,991146.9239699999,75.201,1.72412002086639,322.644,22690.0,25.0,32.3,6555952335.987177,4.84388017654419,1.7564946118826583,1.6,0.32299999999999995,22154913169.856243,22352.804245323805,10.014707061760497,9.729701404512124,0.2575908173339006,22.892670552934877,18.968176710569143,1.3388919509648485,101.63585221690357,102.11928281867009,81.14231563181659,105.53488372093022,125.44565731181481,100.62305295950154,102.11928281867009,81.14231563181659,125.44565731181481,100.62305295950154,0.017215517182512553,0.2575908173339006,100.11870062812247,99.64474074163678
Estonia,EST,2014,17413.6860003066,27055689003.003826,1314545.0,990115.2939999999,75.32,1.43023002147675,283.312,23820.0,44.0,32.6,6993207921.833383,4.39433002471924,3.3227875359873167,2.9,0.326,22891073863.273037,23119.604355160118,10.048436209973806,9.765011727774667,0.25847458259358946,24.057804322735773,33.471657493657496,1.30818241303421,103.43044255843974,103.59411355569317,82.95420296540858,104.98016747465843,176.4621766466724,100.92879256965945,103.59411355569317,82.95420296540858,176.4621766466724,100.92879256965945,0.018120338215884584,0.25847458259358946,99.89591553532065,99.73808741598046
Estonia,EST,2015,17722.155766952314,23311847750.93944,1315407.0,1003971.23868,76.324,1.4677699804306,297.37999999999994,22920.0,30.0,32.0,5726588208.054257,5.14418983459473,1.8381570483746685,-0.6,0.32,23311847750.93944,23219.637030229434,10.05275362335664,9.782570874036644,0.24565140735459215,22.82933924495161,22.806629431043014,1.3111547211222163,100.43267468392895,101.7714214362214,102.62474975284668,96.22166246851386,68.13713792143282,98.15950920245399,101.7714214362214,102.62474975284668,68.13713792143282,98.15950920245399,0.017424264885316863,0.24565140735459215,101.3994273963816,100.06557401990803
Estonia,EST,2016,18264.98673281444,24561027787.789555,1315790.0,1016000.4063999999,77.216,1.24305999279022,266.15999999999997,24200.0,29.0,33.1,5874723574.845818,5.15763998031616,3.0930158344115455,2.6,0.331,24032886893.16991,23654.406771672246,10.071304709402536,9.812741212857066,0.23918883304087216,23.818888110240035,22.039991184003526,1.3123517831776415,101.87242264328589,103.0630075313658,84.69038128341766,105.58464223385688,96.63852894458843,103.4375,103.0630075313658,84.69038128341766,96.63852894458843,103.4375,0.01839199264320294,0.23918883304087216,101.19815859822991,100.02911646357364
Estonia,EST,2017,19270.813824856916,27469461919.11887,1317384.0,1031827.84416,78.324,1.27684998512268,300.02000000000004,24360.0,37.0,33.6,7193714768.861311,4.96131992340088,5.634674322293947,2.8,0.336,25387061799.845303,24603.970462255395,10.11066310980142,9.86634699325441,0.26188043981503883,23.60858949278619,28.08596430501661,1.2773631387423272,104.01432045939242,105.50685914397863,102.71829135588328,100.6611570247934,127.43183094102693,101.51057401812689,105.50685914397863,102.71829135588328,127.43183094102693,101.51057401812689,0.018491191634329853,0.26188043981503883,101.55781805403814,100.12114395154241
Estonia,EST,2018,19914.344586733594,31222632740.72468,1321977.0,1039933.2070500001,78.665,1.40998995304108,359.50000000000006,26190.0,24.0,34.1,8252891004.331761,5.23997020721436,3.69969444001093,6.4,0.341,26326305513.736317,25315.381156465508,10.1391674408368,9.899195584541095,0.26432399448388766,25.184309744559183,18.154627501083606,1.2468302540970253,102.89144670898334,103.33940625302812,110.42722085363911,107.51231527093597,64.63950215104737,101.48809523809523,103.33940625302812,110.42722085363911,64.63950215104737,101.48809523809523,0.019811237260557484,0.26432399448388766,100.7855344218394,100.34864549744039
Estonia,EST,2019,20579.875480866005,31873748770.031322,1326898.0,1039465.35524,78.338,1.63145995140076,447.71000000000004,25770.0,31.0,34.7,8465053563.729944,5.26041984558105,3.7266531817839734,3.2,0.34700000000000003,27307395615.81014,26270.616406936613,10.176206346695762,9.932068958877316,0.2655807330604628,24.79159105216164,23.362760362891496,1.2137005131611733,103.77333939618421,103.34196735038807,115.7072040039726,98.3963344788087,128.68763273439254,101.75953079178885,103.34196735038807,115.7072040039726,128.68763273439254,101.75953079178885,0.01942123659844238,0.2655807330604628,99.95501135968846,100.37224550805345
Estonia,EST,2020,19946.944991504985,31820771493.897366,1329522.0,1045349.96772,78.626,1.75092005729675,473.02,26410.0,21.0,35.2,8166593698.530018,5.52696990966797,-2.8838100414032795,3.3,0.35200000000000004,26519902198.99569,25369.400696340886,10.141299029781432,9.900831277334019,0.2566434852183335,25.264266337141166,15.795150437525667,1.2251416958908994,96.56949156945642,96.92451740075161,107.32228246200113,102.48350795498642,67.60823717823203,101.44092219020173,96.92451740075161,107.32228246200113,67.60823717823203,101.44092219020173,0.019864282050240614,0.2566434852183335,100.56611915446103,100.19775446191042
Estonia,EST,2021,21351.39486800003,37204563051.47227,1330932.0,1049519.73792,78.856,1.75215005874634,544.221,29750.0,25.0,36.0,10137932572.197332,5.2632098197937,7.154447483343972,7.8,0.36,28417254674.457012,27076.43662879176,10.206419131543377,9.968872349918422,0.27249164459132524,28.346298716554205,18.783829677248725,1.2079903261694085,106.72871997601851,107.0409272051092,100.07024886398806,112.64672472548276,118.92149904835752,102.27272727272725,107.0409272051092,100.07024886398806,118.92149904835752,102.27272727272725,0.022352757315925984,0.27249164459132524,100.39888748541263,100.10605315293768
Estonia,EST,2022,21080.651971668405,38376046174.97097,1348840.0,1090847.3732,80.873,1.9180494546890259,637.501,27730.0,39.75,36.7,9428607666.06848,4.9297772749610616,0.060427832332578646,-2.9,0.36700000000000005,28434426605.46521,26066.365748356562,10.168401093617964,9.956110930624291,0.24568991873419882,25.42060482636912,29.469766614275972,1.244058983136103,96.2695575703594,98.7319662344993,109.46833264163382,93.21008403361346,156.88902167788618,101.94444444444446,98.7319662344993,109.46833264163382,156.88902167788618,101.94444444444446,0.0205584057412295,0.24568991873419882,103.93776636939727,101.34552328744068
Estonia,EST,2023,20123.42218930595,41291245222.19485,1370286.0,1114522.1180999998,81.335,1.9705074113607424,695.655,27340.0,40.260000000000105,36.0,9654518627.799377,4.901448818911675,-3.023035840661919,-6.3,0.36,27574843698.095295,24741.405531820194,10.116233456451575,9.9096396986819,0.23381514836491019,24.53069307104315,29.380727818864166,1.2811652626620447,94.91697373800602,95.45920219332432,102.7349637176181,98.5935809592499,99.69786392753896,98.0926430517711,95.45920219332432,102.7349637176181,99.69786392753896,98.0926430517711,0.01995203920933294,0.23381514836491019,102.1703077333862,101.58995877939563
Finland,FIN,1998,34457.45562172344,133990876724.52158,5153498.0,3757415.3918,72.91,2.78442001342773,3312.456,19300.0,2471.0,24.3,37089066968.846016,5.805905163052515,5.454269919813399,4.0,0.243,177576428631.6405,47260.26007642771,10.7634250538241,10.447480671654347,0.27680292774782905,5.136509538476735,479.4801511517032,0.454683558680431,,,,,,,,,,,0.0037450291045033877,0.27680292774782905,,
Finland,FIN,1999,35886.494964117745,135234241918.14702,5165474.0,3828855.9477599994,74.124,3.0561900138855,3850.5280000000002,21600.0,2511.0,26.3,39462662873.026505,5.86992979049683,4.389280782760281,2.3,0.263,185370756688.28113,48414.13707317164,10.787547138343914,10.488116318857585,0.2918096948915645,5.641371807846852,486.11221351612653,0.45396677421275555,102.44153755158756,104.14725729630882,109.76038094637921,111.91709844559585,101.38317766616476,108.23045267489712,104.14725729630882,109.76038094637921,101.38317766616476,108.23045267489712,0.0041816104388484,0.2918096948915645,101.90132174674933,100.23238584743798
Finland,FIN,2000,37872.60215069741,125967821110.5885,5176209.0,3860520.1963799996,74.582,3.24137997627258,4393.17,27600.0,2579.0,27.1,39410312727.89444,5.70930004119873,5.753737864658774,4.3,0.271,196036504105.85928,50779.81570713766,10.835254226010997,10.541983231254992,0.31286016047936327,7.149295586092375,498.24108725130696,0.43917490406086657,104.88633853039786,105.53441395869262,106.05950420444042,127.77777777777777,102.49507693860444,103.04182509505704,105.53441395869262,106.05950420444042,102.49507693860444,103.04182509505704,0.005332087634019414,0.31286016047936327,100.82698981241445,100.20782216694926
Finland,FIN,2001,38784.1309690781,129519672868.8978,5188008.0,3910668.55032,75.379,3.19372010231018,4589.418000000001,25200.0,2390.0,27.0,41416058330.22707,5.84025001525879,2.6402621585062747,2.0,0.27,201212381740.62494,51452.169661415115,10.84840791066295,10.565766446307517,0.31976654521162334,6.443910977302832,460.67777844598544,0.4499313150322788,101.32405749196711,102.4068291234747,98.52964248834516,91.30434782608695,92.46081670772065,99.63099630996311,102.4068291234747,98.52964248834516,92.46081670772065,99.63099630996311,0.004857355655581101,0.31976654521162334,101.29900509229364,100.22794674635433
Finland,FIN,2002,39343.070005783455,140360963811.76495,5200598.0,3942261.30792,75.804,3.25307989120483,4801.165,19500.0,2162.0,26.9,43429947641.639595,6.01677989959717,1.6873263046451257,0.9,0.26899999999999996,204607491185.9374,51901.047445759395,10.857094250949544,10.580075126666015,0.30941614008779933,4.946399661743506,415.72142280560814,0.4412410324488061,100.87241760123655,101.44115395327793,101.85864092635144,77.38095238095238,90.24125804547604,99.62962962962962,101.44115395327793,101.85864092635144,90.24125804547604,99.62962962962962,0.0037495687995880472,0.30941614008779933,100.80786078373774,100.2426750305705
Finland,FIN,2003,40038.983975519,171612867735.6859,5213014.0,3957980.8795,75.925,3.29821991920471,4974.818,21900.0,1972.0,27.5,48129960318.85365,6.16743993759155,2.0117996659653414,2.1,0.275,208723784010.1562,52734.91468622851,10.87303303292669,10.597608857870412,0.2804565936919269,5.533124253689311,378.2840406720565,0.4367471066269548,101.60664819210166,101.7688349425534,101.38760895857256,112.3076923076923,90.99459876739203,102.23048327137549,101.7688349425534,101.38760895857256,90.99459876739203,102.23048327137549,0.004201024589613609,0.2804565936919269,100.39874504382598,100.23874177546506
Finland,FIN,2004,41521.96286599132,197458297639.76886,5228172.0,3969907.8447600002,75.933,3.30907011032104,5220.617,21900.0,2011.0,28.3,58465029208.65332,6.15757989883423,4.005379487779209,3.4,0.28300000000000003,217083963641.01556,54682.368490631634,10.909296605383185,10.633977791914802,0.2960879836780191,5.516500849989872,384.64687083745525,0.41394418664201993,103.6929116430555,103.70383746845091,100.32897112327628,100.0,101.68202447930253,102.9090909090909,103.70383746845091,100.32897112327628,101.68202447930253,102.9090909090909,0.004188844590422809,0.2960879836780191,100.30133963814163,100.29077228643546
Finland,FIN,2005,42529.35071883393,204859368790.66138,5246096.0,4011060.07968,76.458,3.32369995117188,5442.0,22100.0,1830.0,28.6,58630101498.543526,6.02507019042969,2.7773092708157634,1.9,0.28600000000000003,223113056688.67178,55624.46142827948,10.926378337233434,10.65794972170354,0.28619682782707184,5.50976538894504,348.8308258179034,0.40646156583060744,101.72284588918134,102.42615662485386,100.44211335399662,100.91324200913243,90.68859056579014,101.0600706713781,102.42615662485386,100.44211335399662,90.68859056579014,101.0600706713781,0.004212656421079599,0.28619682782707184,101.03660428728385,100.34283493351022
Finland,FIN,2006,44069.39589546025,217044068234.11734,5266268.0,4039859.5081600007,76.712,3.33214998245239,5725.53,23400.0,1816.0,29.0,62217087461.47178,5.92838001251221,4.0195732280410255,2.4,0.29,232081249383.59366,57447.85156880311,10.958632886038089,10.693520849901377,0.2866564747319449,5.792280635684233,344.8362293753375,0.40989198119042136,103.27803648557507,103.62113493527734,100.25423568326408,105.88235294117648,98.85486139787108,101.39860139860137,103.62113493527734,100.25423568326408,98.85486139787108,101.39860139860137,0.0044433743212460896,0.2866564747319449,100.71800042651813,100.38451450373765
Finland,FIN,2007,46213.68991686254,256360251537.6479,5288720.0,3986266.9256,75.373,3.33703994750977,6206.286999999999,23900.0,1804.0,30.0,76777848558.77669,5.67125988006592,5.312801782248272,3.3,0.3,244411266137.10925,61313.32163621262,11.023752417012426,10.741031351722969,0.2994920160136504,5.99558445183714,341.10332935001287,0.3757230403429812,106.72865905660542,104.8657213874429,100.14675104911639,102.13675213675214,98.91748612607014,103.44827586206897,104.8657213874429,100.14675104911639,98.91748612607014,103.44827586206897,0.004519051868883208,0.2994920160136504,98.67340479410855,100.4263360694898
Finland,FIN,2008,46359.87329619124,285698662071.0937,5313399.0,4025696.75235,75.765,3.53696990013123,6834.672,21300.0,1799.0,30.2,80667871183.66702,5.83010005950928,0.7844312192730314,-1.2,0.302,246328504412.10922,61189.03622542234,11.021723305808315,10.74418956440835,0.28235298898107375,5.2910095594175415,338.57799875371677,0.3651683832870205,99.79729460503266,100.31632050933756,105.99123641809129,89.1213389121339,99.25965818008629,100.66666666666666,100.31632050933756,105.99123641809129,99.25965818008629,100.66666666666666,0.0040087333926927,0.28235298898107375,100.98914165774448,100.46663464883751
Finland,FIN,2009,42412.51348519247,253480783439.45294,5338871.0,3987068.8628000002,74.68,3.73401999473572,6747.268,20900.0,1806.0,30.9,60286572893.38345,6.45955991744995,-8.076030898813144,-4.5,0.309,226434938283.203,56792.33192982387,10.94715659436026,10.655198727045692,0.23783488466210953,5.2419460809920775,338.2737661202153,0.38206188136189745,92.81455540597034,91.48539560110689,105.57115554184328,98.12206572769952,99.91014400385693,102.31788079470199,91.48539560110689,105.57115554184328,99.91014400385693,102.31788079470199,0.003914685333284883,0.23783488466210953,99.04046698183487,100.47939181680125
Finland,FIN,2010,43556.53864113044,249429613683.3338,5363352.0,3978266.3459999994,74.175,3.70531988143921,6923.91,19500.0,1731.0,31.6,60052082850.721634,6.50444984436035,3.1682877232525755,3.6,0.316,233609048633.98425,58721.319367887365,10.98055813183515,10.681815112023942,0.24075763083593368,4.901632596723076,322.7459245635938,0.3765183941040142,103.39656318470436,102.6973764625796,99.23138833383399,93.30143540669856,95.4096820055791,102.2653721682848,102.6973764625796,99.23138833383399,95.4096820055791,102.2653721682848,0.003635785978619341,0.24075763083593368,99.77922335673382,100.4585426394457
Finland,FIN,2011,44391.45370027717,275126915515.56476,5388272.0,4033337.1228799997,74.854,3.61806011199951,7112.981,24500.0,1650.0,32.5,63580142171.78495,6.44504976272583,2.3903947262183607,1.4,0.325,239193227012.49985,59304.05015133082,10.990432882001429,10.700802245664859,0.23109386463567586,6.074374458068063,306.2206213791731,0.3727852672223637,100.9923666390952,101.91685355447026,97.64501386569067,125.64102564102564,94.87977944051016,102.84810126582278,101.91685355447026,97.64501386569067,94.87977944051016,102.84810126582278,0.004546912256842268,0.23109386463567586,101.3842908465737,100.46463480301125
Finland,FIN,2012,43507.93459968256,257443384492.9688,5413971.0,4058583.3601500005,74.965,3.3983199596405,6785.503000000001,22600.0,1698.0,32.8,55817142835.11651,7.14803981781006,-1.5228402849933218,-1.4,0.32799999999999996,235550696192.57797,58037.663709307744,10.968847453074709,10.680698605033484,0.216813273120409,5.568445438845127,313.6330061612816,0.37990485548705344,97.86458692316707,98.0097090161544,93.92657541453696,92.24489795918367,102.42060274997948,100.92307692307692,98.0097090161544,93.92657541453696,102.42060274997948,100.92307692307692,0.00417438512323025,0.216813273120409,100.62593917891927,100.47694325750444
Finland,FIN,2013,42883.63855891848,270268036626.27527,5438972.0,4080751.9121600003,75.028,3.27136993408203,6636.9,25600.0,1596.0,33.6,55949188293.78068,7.12404012680054,-0.9797410280686307,0.3,0.336,233242909380.07797,57156.84618931396,10.953554455387135,10.666245646597138,0.20701370754821008,6.273353673796247,293.4378040556194,0.40004455733821054,98.48233463633974,98.56509842053353,96.26432981396196,113.27433628318585,93.5608811225445,102.43902439024393,98.56509842053353,96.26432981396196,93.5608811225445,102.43902439024393,0.004706771794375849,0.20701370754821008,100.54621403684018,100.46178673657468
Finland,FIN,2014,42502.488125083284,273478528954.901,5461512.0,4103397.8109599994,75.133,3.14751005172729,6462.1,28100.0,1419.0,34.7,57587054682.111534,7.10236978530884,-0.47806831857901955,0.3,0.34700000000000003,232127848924.99985,56569.66729011658,10.943228206936073,10.657317897318475,0.2105724895558735,6.84798337732357,259.81816024573413,0.4133904160719428,98.9726884208192,99.11119847418841,96.21382219527258,109.765625,88.54283826240983,103.27380952380953,99.11119847418841,96.21382219527258,88.54283826240983,103.27380952380953,0.005145095350884517,0.2105724895558735,100.55494426731795,100.41441654783294
Finland,FIN,2015,42560.34567671027,233210733506.24988,5479531.0,4139402.103330001,75.543,2.87195992469788,6024.0,30700.0,1289.0,35.5,49923771257.82788,7.03208017349243,0.46650351789539,0.3,0.355,233210733506.2499,56339.23153265063,10.939146401519283,10.658678246085696,0.21407149879956086,7.416530028649053,235.23911079251124,0.4247619429595737,99.59265138279112,100.13612744613141,91.24545680550905,109.2526690391459,90.53990320384987,102.30547550432276,100.13612744613141,91.24545680550905,90.53990320384987,102.30547550432276,0.005602669279542355,0.21407149879956086,100.8774263190821,100.32992695063199
Finland,FIN,2016,43529.67619673904,238777818792.60757,5495303.0,4158130.92101,75.667,2.72442007064819,5874.9,33900.0,1260.0,35.9,52980904921.12506,6.85153007507324,2.571934231559723,2.0,0.359,239208760192.96866,57527.953000302696,10.960026247793794,10.681198195895636,0.22188369585175774,8.15270145264348,229.28671994974619,0.4236302447863842,102.10993553748273,102.27754381365189,94.86274676812523,110.42345276872965,97.46964234700953,101.12676056338029,102.27754381365189,94.86274676812523,97.46964234700953,101.12676056338029,0.006168904608171742,0.22188369585175774,100.45245224340329,100.28783485301935
Finland,FIN,2017,44862.22049470117,253846138440.00043,5508214.0,4212682.0672,76.48,2.72786998748779,6122.6,33900.0,1390.0,36.4,61540606449.171455,6.36311006546021,3.3033701611332162,3.1,0.364,247110710999.9999,58658.76110708834,10.979492222415614,10.711351305170668,0.24243270678595458,8.047129942215639,252.3503988770226,0.40853402612813383,101.9656672066529,103.06123181789704,100.12662940185943,100.0,110.05888126984911,101.39275766016713,103.06123181789704,100.12662940185943,110.05888126984911,101.39275766016713,0.006154444979806522,0.24243270678595458,101.3119150701669,100.23494609851357
Finland,FIN,2018,45337.24110585856,273869255596.07825,5515525.0,4287769.135,77.74,2.75748991966248,6385.7,34600.0,1387.0,37.3,67737553788.374756,6.27557992935181,1.192977729885044,-1.3,0.373,250058686750.3905,58319.06496765958,10.97368433376354,10.721884073199526,0.24733537045238438,8.069464308973341,251.47198136170172,0.41231336117028583,99.42089445290429,101.05884328934074,101.08582638874107,102.06489675516224,99.651905636278,102.47252747252746,101.05884328934074,101.08582638874107,99.651905636278,102.47252747252746,0.006273201553795876,0.24733537045238438,101.78240528485709,100.13272904792734
Finland,FIN,2019,45898.570988888336,267014821129.41135,5521606.0,4303926.22882,77.947,2.79960989952087,6655.6,36800.0,1321.0,38.5,66971618913.38642,6.41695022583008,1.3497384382612267,0.5,0.385,253433824963.67175,58884.33292992461,10.98333033985833,10.734189262424303,0.2508161106192977,8.550332427535448,239.24198865330123,0.40657651999860533,100.96926787591416,101.23812095605713,101.5274753883251,106.35838150289017,95.13663802934387,103.2171581769437,101.23812095605713,101.5274753883251,95.13663802934387,103.2171581769437,0.0066647276172910564,0.2508161106192977,100.37681818473186,100.11025242383997
Finland,FIN,2020,44690.98017973918,270000311606.22644,5529543.0,4317411.87897,78.079,2.91243004798889,6875.8,36400.0,1588.0,39.8,71108092528.87685,6.6349401473999,-2.491036209772389,0.3,0.39799999999999996,247120696616.0155,57238.156456587785,10.954976025894346,10.707526974552028,0.2633630017160211,8.430976941834864,287.1846733084452,0.4114646997779854,97.20438970532985,97.3690012932178,104.02985246220653,98.91304347826086,120.03941069250197,103.37662337662337,97.3690012932178,104.02985246220653,120.03941069250197,103.37662337662337,0.006582822486415243,0.2633630017160211,100.31333367332593,100.1437444105936
Finland,FIN,2021,45818.07629047383,294223210496.1193,5541017.0,4360337.097639999,78.692,2.98934006690979,7432.9529999999995,42400.0,1557.0,35.5,76024043381.7414,6.53825998306274,2.7347134858954263,0.6,0.355,253878739632.81244,58224.56703409983,10.972062658642452,10.73243397106838,0.25838900762978423,9.724018820230366,280.9953479659059,0.44234679907033403,101.72334442368036,102.52197670805533,102.64075077010033,116.4835164835165,97.84482741671532,89.19597989949749,102.52197670805533,102.64075077010033,97.84482741671532,89.19597989949749,0.007652024890015678,0.25838900762978423,100.99423496931314,100.20750358573936
Finland,FIN,2022,46356.22563786691,280241515774.3201,5556106.0,4425660.67324,79.654,2.985851941765219,7882.244,46200.0,1160.4528985507204,35.9,71776319441.64511,6.8994904525666385,1.4500480727209037,-1.1,0.359,257560103403.9062,58196.98400314725,10.971588811124997,10.744110879943232,0.25612307742242924,10.439119356653535,208.86082780831043,0.4408712656290703,99.95262647305488,101.1745350109886,99.8833145421231,108.96226415094338,74.32892726524861,101.12676056338029,101.1745350109886,99.8833145421231,74.32892726524861,101.12676056338029,0.008315176132348806,0.25612307742242924,101.49813131730932,100.27231463105058
Finland,FIN,2023,45588.51306430876,295532341254.90717,5583911.0,4450600.42344,79.704,2.9703078982449966,8384.800000000001,45400.0,1109.8324637681071,35.7,65287353825.30496,6.945056506296396,-1.1639628152219785,-1.4,0.35700000000000004,254562199573.4374,57197.27123395157,10.954261470529788,10.727411057284252,0.22091441345498053,10.200870822033716,198.7553998923169,0.44313724858383097,98.28219144630998,98.3438846390224,99.47941010393728,98.26839826839827,95.16164518639744,99.44289693593316,98.3438846390224,99.47941010393728,95.16164518639744,99.44289693593316,0.008130502079993754,0.22091441345498053,100.56352603693273,100.50044041636355
France,FRA,1998,31256.50738711783,1496906382032.466,60190684.0,40824331.423,67.825,2.09475994110107,27719.98,142500.0,13251.0,18.5,360102727839.44946,5.68792009353638,3.452594347871866,2.2,0.185,1881350559081.6748,46084.05069976827,10.738222197317226,10.34998286987413,0.24056462859788869,3.490565430784177,220.15034751889513,0.47988641518730546,,,,,,,,,,,0.0023674760034293678,0.24056462859788869,,
France,FRA,1999,32152.720741324352,1486915879701.9338,60501986.0,41385778.50344,68.404,2.10767006874084,29080.046000000002,147000.0,13592.0,19.2,366296799576.9181,5.644069671630859,3.3993080536281184,1.2,0.192,1945303460153.5156,47004.15288773223,10.757991236102193,10.378252352564909,0.24634668616919048,3.551944781896064,224.6537824394723,0.4835226764544771,101.99657402939317,102.86728566025228,100.6163058299169,103.15789473684211,102.04561790218871,103.78378378378379,102.86728566025228,100.6163058299169,102.04561790218871,103.78378378378379,0.0024296723086081836,0.24634668616919048,101.37527562820952,100.51719299285584
France,FRA,2000,33255.1379678188,1360959069477.4932,60918661.0,41712225.55992,68.472,2.09346008300781,30514.21,150600.0,13870.0,19.8,326000943365.23785,5.60021924972534,4.140999996468935,2.8,0.198,2025858476369.7825,48567.499076730346,10.790709842902904,10.411964559494121,0.23953765449419276,3.610452282956269,227.6806445236871,0.4837192871689595,103.32597460639725,103.42869032877073,99.32579648286605,102.44897959183675,101.34734525782147,103.125,103.42869032877073,99.32579648286605,101.34734525782147,103.125,0.0024721488871858165,0.23953765449419276,100.78879042097242,100.68869640080906
France,FRA,2001,33640.67380106276,1370376677298.8599,61364377.0,41944392.61081,68.353,2.13804006576538,32431.480000000003,158300.0,13499.0,20.7,331880273555.4932,5.61780023574829,1.8994670033224565,1.7,0.207,2064338989662.4382,49216.08971232099,10.803975875692023,10.4234911436444,0.2421817877181478,3.774044398945536,219.98104861392142,0.49436335000320497,101.33544170056183,101.15932711996878,102.1294880718967,105.11288180610889,96.6182474905263,104.54545454545455,101.15932711996878,102.1294880718967,96.6182474905263,104.54545454545455,0.002579672568011242,0.2421817877181478,100.55659233659564,100.73165757861946
France,FRA,2002,33753.57829196828,1492427756382.434,61812142.0,42507591.93198001,68.769,2.17448997497559,34059.325999999994,161800.0,13519.0,21.5,344366989751.6097,5.78097534179688,1.0677502502836091,2.8,0.215,2086380974391.261,49082.54924743457,10.801258838132755,10.426841714146313,0.23074282040045746,3.806378876011369,218.711074597609,0.4970764452655949,99.72866502465557,100.33561899376093,101.70482816453497,102.2109917877448,99.42268935241722,103.8647342995169,100.33561899376093,101.70482816453497,99.42268935241722,103.8647342995169,0.002617608689244259,0.23074282040045746,101.34272851772053,100.72968230411597
France,FRA,2003,33840.61756436194,1835095983049.0942,62249855.0,43303489.132199995,69.564,2.11994004249573,34105.67,154600.0,13511.0,22.2,412249765553.8131,5.76206302642822,0.967827177709708,0.7,0.222,2106573536491.9841,48646.739066703965,10.792340056934016,10.42941706309152,0.22464752217965278,3.5701511147987643,217.0446822727539,0.517440082619629,99.11208731532342,100.25786680049377,97.49136886775153,95.55006180469717,99.23808507277421,103.25581395348837,100.25786680049377,97.49136886775153,99.23808507277421,103.25581395348837,0.002483539921498612,0.22464752217965278,101.87236482719032,100.70813433386598
France,FRA,2004,34557.14711909525,2109792297237.0325,62707588.0,43560453.080079995,69.466,2.09460997581482,35234.169,155300.0,14230.0,22.7,481153440352.54596,5.54923391342163,2.8682505718858664,1.1,0.22699999999999998,2166995343999.6118,49746.850429123966,10.814702432625399,10.450369670873375,0.22805725520121614,3.565160346576331,226.92628522085718,0.5085383593998056,102.26142878952594,102.11736548061079,98.80515174141009,100.45278137128074,104.55279661525425,102.25225225225225,102.11736548061079,98.80515174141009,104.55279661525425,102.25225225225225,0.0024765742863527137,0.22805725520121614,100.59340240943524,100.73531576900862
France,FRA,2005,34946.037244147235,2192146403028.1702,63180854.0,44006096.61954,69.651,2.05151009559631,35761.192,159500.0,14327.0,23.4,494556393953.2256,5.51722764968872,1.8885658021711151,1.1,0.23399999999999999,2207920477001.029,50173.05888522381,10.823233486024778,10.461560357661227,0.22560372485617708,3.6244977912714327,226.7617338632365,0.5096064170392633,100.85675465365807,101.12535367491924,97.942343409219,102.70444301352222,99.92748686761405,103.08370044052863,101.12535367491924,97.942343409219,99.92748686761405,103.08370044052863,0.002524498956598466,0.22560372485617708,101.02304615298823,100.75471887070509
France,FRA,2006,35645.416247825015,2317861544690.8203,63622342.0,44271606.6807,69.585,2.05094003677368,37443.119999999995,167400.0,14529.0,24.0,535209484702.6912,5.47531032562256,2.714064517932499,2.6,0.24,2267844863251.48,51225.71854253793,10.843997000193452,10.481375841077178,0.2309065810805722,3.7812045360661655,228.3631746847672,0.5245278670350579,102.09805756456308,102.00131133264591,99.97221272155308,104.95297805642633,100.70622181011217,102.56410256410258,102.00131133264591,99.97221272155308,100.70622181011217,102.56410256410258,0.002631151176421641,0.2309065810805722,100.60334835751394,100.69876864912273
France,FRA,2007,36322.168511678145,2655816911866.5576,64016890.0,44625533.8501,69.709,2.0245099067688,38842.238,170700.0,14722.0,24.4,627093200214.0548,5.30452871322632,2.5304818619649865,-0.4,0.244,2325232266173.5635,52105.421841768126,10.86102428838777,10.500183536650924,0.23612064424023946,3.8251643234878068,229.97055933207625,0.5384511689676383,101.71730787631547,101.89856743191889,98.71131629735716,101.97132616487454,100.70387208862721,101.66666666666666,101.89856743191889,98.71131629735716,100.70387208862721,101.66666666666666,0.0026664837982601154,0.23612064424023946,100.79944505279114,100.620140641789
France,FRA,2008,36257.365886945845,2926802941585.859,64375116.0,44981468.55384,69.874,2.06117010116577,40553.588,147000.0,14658.0,24.8,681214748037.5593,5.38727569580078,0.38017142552236294,-0.6,0.248,2334072134826.5815,51889.63833034583,10.856874402407756,10.498397836522395,0.23275046582686906,3.2680124666016677,227.69667708249256,0.5300172866875794,99.58587128979094,99.8215893285351,101.81081822689033,86.11599297012302,99.01122897809705,101.63934426229508,99.8215893285351,101.81081822689033,99.01122897809705,101.63934426229508,0.0022834910309132493,0.23275046582686906,100.79760323974072,100.55958044822233
France,FRA,2009,35052.85108368215,2700075882518.9824,64706436.0,45438153.48792,70.222,2.21206998825073,42322.628000000004,144600.0,14100.0,25.9,560020255673.2584,5.66921901702881,-2.8245515028896193,-1.0,0.259,2268145065263.8096,49917.19273686615,10.81812076622299,10.464612232483567,0.2074090803517709,3.182347628594607,217.9072264156227,0.5110977094991682,96.19876789095643,96.67787558804054,107.32107878916024,98.36734693877551,95.70066160283787,104.43548387096774,96.67787558804054,107.32107878916024,95.70066160283787,104.43548387096774,0.002234708151751705,0.2074090803517709,101.0152735087637,100.51467091725318
France,FRA,2010,35578.19679588139,2646230027988.3384,65026211.0,45643848.28722999,70.193,2.17857003211975,42927.53,144300.0,14748.0,26.2,550278372095.9442,5.64279174804688,2.000324726999807,1.4,0.262,2313515331848.5073,50686.24620101919,10.833409874690313,10.47948827966239,0.20794804921561008,3.161433696211183,226.80085112140395,0.5236666512488508,101.54065848255335,101.49872462854755,98.48558335365006,99.79253112033194,104.08138126122451,101.15830115830116,101.49872462854755,98.48558335365006,104.08138126122451,101.15830115830116,0.0022191051543815157,0.20794804921561008,100.45269180968077,100.49419349877344
France,FRA,2011,36269.956158998386,2870408553990.278,65340830.0,45802615.0134,70.098,2.19161009788513,44548.971,143100.0,14655.0,26.7,620858216580.9486,5.48011541366577,2.437576568770794,1.3,0.267,2369909039492.5664,51741.78458586319,10.854020946561192,10.498745023536168,0.2162961142649422,3.1242757636902323,224.28548887426132,0.5091972026625999,102.08249468831798,101.9443350855743,100.59856077946192,99.16839916839916,98.89093791548595,101.90839694656488,101.9443350855743,100.59856077946192,98.89093791548595,101.90839694656488,0.002190054824831579,0.2162961142649422,100.3478381690582,100.48383412651862
France,FRA,2012,36161.29183342091,2683007095787.227,65657659.0,46445571.400010005,70.739,2.22707009315491,45850.295,144800.0,14540.0,27.7,564286136746.4562,5.48835611343384,0.18383527101957498,0.2,0.27699999999999997,2374265768198.235,51119.31442827988,10.841917677934099,10.495744539349745,0.21031854057802546,3.1176277013133875,221.4516968995194,0.5068346306276634,98.79696813210927,99.70040127674508,101.61798831388842,101.18798043326345,98.73652460131711,103.74531835205991,99.70040127674508,101.61798831388842,98.73652460131711,103.74531835205991,0.0022053786596320773,0.21031854057802546,101.40375475597168,100.48488670866287
France,FRA,2013,36256.08668896232,2816077607875.2627,65997932.0,47016266.77748,71.239,2.23703002929688,46663.94,144700.0,14690.0,28.9,587238424275.8276,5.4928936958313,0.7817564459134019,1.6,0.289,2392826743884.24,50893.592960263784,10.837492319571753,10.49836255484877,0.20853062523333668,3.0776582216712467,222.5827318346884,0.516106693153592,99.55844191077175,100.26214454942067,100.4472214939522,99.93093922651933,100.51073663060808,104.33212996389891,100.26214454942067,100.4472214939522,100.51073663060808,104.33212996389891,0.002192492940536379,0.20853062523333668,101.22874013661047,100.5182533236526
France,FRA,2014,36444.39491358274,2861236112552.4214,66312067.0,47080904.449329995,70.999,2.27591991424561,47179.835999999996,143600.0,14500.0,29.8,595525503201.4493,5.48920440673828,0.9978329379986661,1.0,0.298,2416703157283.958,51330.856650914444,10.84604734450362,10.503542950950616,0.20813574265641405,3.050068848072938,218.66306776412202,0.5105712785043952,100.85917237360715,100.51938375543918,101.7384605677803,99.23980649619904,98.23900801366861,103.11418685121107,100.51938375543918,101.7384605677803,98.23900801366861,103.11418685121107,0.002165518381443305,0.20813574265641405,100.13747937954307,100.47597703515922
France,FRA,2015,36702.432373337935,2442483452642.4985,66548272.0,47397675.76656,71.223,2.2270200252533,48191.551,142700.0,14306.0,30.5,525846577800.09766,5.44642734527588,1.0667547348890878,0.8,0.305,2442483452642.4985,51531.713594397785,10.849952695075544,10.510598309049094,0.21529176675943884,3.010696151069029,214.97177267052103,0.5139556494033126,100.39129863904144,100.70803057745108,97.85142312406371,99.3732590529248,98.31187994783697,102.34899328859062,100.70803057745108,97.85142312406371,98.31187994783697,102.34899328859062,0.0021443081196758948,0.21529176675943884,100.67282334724672,100.35620213738777
France,FRA,2016,36920.53428710446,2470407619777.1265,66724104.0,47564277.53639999,71.285,2.22237992286682,48835.03,138100.0,14206.0,30.9,527775082819.0244,5.40805816650391,0.860031082016107,-0.1,0.309,2463489569508.324,51792.85163373006,10.855007419375948,10.51652315999378,0.2136388661506148,2.9034394539960124,212.90656821708689,0.5286490732042299,100.50675209714095,100.59424375896396,99.79164523291827,96.77645409950945,99.03931366068261,101.31147540983608,100.59424375896396,99.79164523291827,99.03931366068261,101.31147540983608,0.0020697168147810574,0.2136388661506148,100.35149776259182,100.26421722866073
France,FRA,2017,37580.59793194857,2588868323334.7104,66918020.0,47802887.587,71.435,2.1988799571991,49715.278,140300.0,14415.0,31.4,572118832077.4539,5.45160007476807,2.083614850620762,1.9,0.314,2514819204022.0933,52608.10237551421,10.87062542442054,10.534243183749568,0.22099186232095033,2.934969142704145,215.41282901078065,0.5174008241232073,101.57406035016079,101.7877954845162,98.94257658531194,101.59304851556843,101.17716461952375,101.61812297734627,101.7877954845162,98.94257658531194,101.17716461952375,101.61812297734627,0.002096595207090706,0.22099186232095033,100.50165809922669,100.29062361032229
France,FRA,2018,38062.443597151716,2781576320884.39,67158348.0,48267376.29108,71.871,2.19666004180908,51095.8,146300.0,14303.0,32.8,620114785182.1346,5.40716981887817,1.6459087293270898,0.1,0.32799999999999996,2556210832827.8867,52959.390570816766,10.877280683196053,10.546983342602925,0.22293646251093044,3.0310327853274432,212.97426791975286,0.5087170117377724,100.66774542216915,101.28216604237026,99.89904335692579,104.27655024946543,98.86795921012404,104.45859872611463,101.28216604237026,99.89904335692579,98.86795921012404,104.45859872611463,0.0021784335731426865,0.22293646251093044,100.97167499188129,100.35913794221646
France,FRA,2019,38705.2072997191,2722793515171.7603,67382061.0,48289354.015650004,71.665,2.19179010391235,52548.509999999995,155600.0,14103.0,33.8,622906100918.8159,5.35443019866943,2.0274464763963493,0.5,0.33799999999999997,2608036639287.3174,54008.522011747846,10.896897128127296,10.563729425514385,0.22877463805018705,3.2222423176249553,209.2990299005547,0.49300973172963936,101.98101116652427,101.68870845332559,99.77830261378455,106.3568010936432,98.27432766639068,103.04878048780488,101.68870845332559,99.77830261378455,98.27432766639068,103.04878048780488,0.0023092199569259243,0.22877463805018705,100.04553329030661,100.33311272040224
France,FRA,2020,35709.20458586796,2647926055110.0464,67601110.0,48058305.11009999,71.091,2.28188991546631,51677.562000000005,167800.0,12771.0,35.3,517096643667.2383,5.65981006622314,-7.44064593044142,0.2,0.353,2413981867221.7646,50230.274698439986,10.8243732055414,10.48316376607181,0.19528364195417383,3.491592132006647,188.9170163034305,0.5420675201309315,93.00434973486958,92.25943245659124,104.11078649333857,107.84061696658098,90.26177349851626,104.43786982248523,92.25943245659124,104.11078649333857,90.26177349851626,104.43786982248523,0.0024822077625648456,0.19528364195417383,99.52153241587135,100.32508504006728
France,FRA,2021,38030.85717284936,2966433692008.092,67842811.0,49531357.882989995,73.009,2.2191801071167,54350.679,160200.0,13386.0,36.3,660988630439.2257,5.43038988113403,6.882337865903551,-1.4,0.363,2580120255345.614,52090.64248633644,10.860740604822059,10.546153140054292,0.22282265476555363,3.23431472196759,197.3090413367453,0.553668852890727,103.7036783076845,106.50155222975815,97.25184778088672,95.47079856972587,104.44217529872265,102.8328611898017,106.50155222975815,97.25184778088672,104.44217529872265,102.8328611898017,0.002361340835361318,0.22282265476555363,103.06513675319029,100.35753998713926
France,FRA,2022,38881.22306531859,2796302210398.8438,68065015.0,50076112.18565,73.571,2.2549515357915926,57762.306,170500.0,14262.612318840578,36.9,577185643237.9232,5.403548218201902,2.5708404744396915,-1.4,0.369,2646451031159.256,52848.57221638769,10.875185975160276,10.568266715520922,0.20641032328032877,3.4048170386689707,209.54395321650304,0.5372741015937912,101.45502089026846,102.23598928786784,101.611920932428,106.4294631710362,106.20088760092679,101.65289256198346,102.23598928786784,101.611920932428,106.20088760092679,101.65289256198346,0.0025049579435191486,0.20641032328032877,101.09981701682173,100.3275277022351
France,FRA,2023,39117.48450093621,3051831611384.76,68287487.0,50319683.420559995,73.688,2.2624437569189784,60502.07399999999,176200.0,14275.517971014495,37.6,628288208075.6912,5.393341776115307,0.9364875026714827,0.2,0.376,2671234714330.383,53085.2845794922,10.879655042260133,10.574324819957976,0.20587250152724096,3.5016118548950743,209.05027550676297,0.5177436768534864,100.44790682733166,100.60764918639703,100.33225641475951,103.34310850439883,99.76440374338551,101.8970189701897,100.60764918639703,100.33225641475951,99.76440374338551,101.8970189701897,0.002580267743635082,0.20587250152724096,100.48640204736141,100.32685220153115
Germany,DEU,1998,33461.31922021569,2247760364565.9663,82047195.0,58310121.01455,71.069,2.21613001823425,44340.667,1121800.0,46523.0,18.808300395256992,520095044537.9001,4.46187019348145,2.0961614080930957,1.1,0.18808300395256994,2745407383018.285,47082.86203579014,10.759664350431153,10.418145400548289,0.23138367093608236,19.238512636941355,567.027306661733,0.4584442620733782,,,,,,,,,,,0.013672618545947854,0.23138367093608236,,
Germany,DEU,1999,34152.003225622415,2213873468586.8774,82100243.0,58723840.81061,71.527,2.34779000282288,48352.314,1191100.0,50029.0,20.7,481202972932.1164,4.265011310577394,2.1301166851895914,1.4,0.207,2803887763760.3843,47747.00913728021,10.773671708078691,10.438576522886798,0.21735793836459397,20.2830738514092,609.3648224646546,0.46784220447797864,101.410592034497,102.06412664384565,105.94098647215353,106.17757175967195,107.46657441458612,110.05779132079391,102.06412664384565,105.94098647215353,107.46657441458612,110.05779132079391,0.014507874233697458,0.21735793836459397,100.70951627069469,100.06465547054961
Germany,DEU,2000,35087.089155951464,1966980701145.1023,82211508.0,58730257.08504,71.438,2.40982007980347,50825.217,1222900.0,51736.0,21.4,422274605394.58295,4.06815242767334,2.877245948412636,2.5,0.214,2884562510841.217,49115.44158004348,10.801928756805466,10.46558851147302,0.21468162099849303,20.822316480400726,629.3036249864192,0.4725003732663975,102.8660066200771,102.73801195248045,102.64206240362246,102.66980102426328,103.27206326763654,103.38164251207729,102.73801195248045,102.64206240362246,103.27206326763654,103.38164251207729,0.014875046447268671,0.21468162099849303,100.01092618320165,100.13552335039984
Germany,DEU,2001,35601.362835165324,1966381496641.7346,82349925.0,59000427.2655,71.646,2.40437006950378,52235.953,1298700.0,49989.0,20.0,423725736573.3779,4.14708137512207,1.6365410128923656,2.4,0.2,2931769559373.652,49690.6496317524,10.813572058202844,10.480139197994056,0.2154850100537631,22.01170500267553,607.0315182436415,0.48476716749238413,101.17113484721807,101.46570630846028,99.77384160977967,106.19838089786573,96.46083291777346,93.45794392523365,101.46570630846028,99.77384160977967,96.46083291777346,93.45794392523365,0.01577050616621691,0.2154850100537631,100.4600187260696,100.16836693957735
Germany,DEU,2002,35460.41213364216,2102350798305.886,82488495.0,59277057.391950004,71.861,2.4362199306488,53551.061,1284700.0,47598.0,18.9,440863851414.6317,4.16305732727051,-0.2283102492953617,0.9,0.18899999999999997,2925076028983.8804,49345.837288156516,10.806608690506666,10.476172202054798,0.20970042286467516,21.672803214662707,577.0259234333224,0.4917265928916841,99.3060820372621,99.60408621946365,101.32466551422317,98.92199892199892,95.05699557460608,94.49999999999999,99.60408621946365,101.32466551422317,95.05699557460608,94.49999999999999,0.015574293118088771,0.20970042286467516,100.46886122570804,100.16826973430759
Germany,DEU,2003,35252.974513497706,2534715518349.014,82534176.0,59728332.487679996,72.368,2.47461009025574,54727.818,1319600.0,47818.0,20.3,501715337143.1686,4.17101860046387,-0.5299289936313585,0.9,0.203,2909575203020.534,48713.484569834334,10.79371116129458,10.470305188041976,0.1979375332305381,22.09336750313916,579.3721136805194,0.5160689782590655,98.71852874918397,99.4150163304288,101.5758084532506,102.71658753016268,100.40660049261514,107.40740740740745,99.4150163304288,101.5758084532506,100.40660049261514,107.40740740740745,0.015988528194671746,0.1979375332305381,100.76129807312479,100.05537863189285
Germany,DEU,2004,35670.48702761519,2852317768061.7837,82516260.0,59701339.2726,72.351,2.43518996238708,55096.623,1235700.0,48448.0,21.1,633332502160.0131,4.10064888000488,1.1623682674253786,0.9,0.21100000000000002,2943395181897.3223,49301.99586407263,10.805719843269593,10.482078931963544,0.22204135501717862,20.698028135645625,587.1327663178142,0.517520948755612,101.20810756905436,101.18433272618634,98.40701660338797,93.64201273113065,101.33949364390263,103.94088669950739,101.18433272618634,98.40701660338797,101.33949364390263,103.94088669950739,0.014975230336420967,0.22204135501717862,99.9548066822633,99.97829262874085
Germany,DEU,2005,36006.85781059231,2893393187361.866,82469422.0,60937480.61002001,73.891,2.44193005561829,55878.889,1296700.0,48367.0,20.6,629679566837.6947,4.10731077194214,0.8856972362646189,1.8,0.20600000000000002,2969464751675.733,48729.69348173972,10.794043845683143,10.491464694035104,0.21762668467876742,21.27918625810044,586.484042533971,0.5387960573808979,98.83919023499419,100.94299464629319,100.27677895093667,104.93647325402607,99.88950986539012,97.6303317535545,100.94299464629319,100.27677895093667,99.88950986539012,97.6303317535545,0.015723403517973,0.21762668467876742,102.07054205564086,99.94323785396962
Germany,DEU,2006,37437.39187833371,3046308753670.584,82376451.0,62032762.66104,75.304,2.47232007980347,58966.702000000005,1270300.0,48012.0,20.1,731606902708.6792,4.02527379989624,3.8557361522142912,1.6,0.201,3083959477633.3545,49715.01099321909,10.814062198538943,10.53042526679577,0.24016177015121834,20.477888546431263,582.8364710686553,0.5544626686895668,102.0220063806652,103.97294891786022,101.24450838037968,97.96406262049818,99.37806125985016,97.57281553398059,103.97294891786022,101.24450838037968,99.37806125985016,97.57281553398059,0.015420669191004599,0.24016177015121834,101.79738650179753,99.88726609481998
Germany,DEU,2007,38570.91464081522,3484056680854.913,82266372.0,62454161.63124,75.917,2.4604799747467,61500.941999999995,1214300.0,47853.0,20.4,898203174643.2871,3.92246603965759,2.8901071896247856,1.1,0.204,3173089212221.5513,50806.68972801246,10.835783312455828,10.560253764709419,0.257803835275977,19.443059810326535,581.6836070028711,0.56369214489958,102.195873465546,103.0277824004549,99.52109335868393,95.59159253719594,99.80219767927865,101.49253731343282,103.0277824004549,99.52109335868393,99.80219767927865,101.49253731343282,0.014760587716205597,0.257803835275977,100.67931678700594,99.86637079084653
Germany,DEU,2008,38996.14340762695,3808786022312.499,82110097.0,62459508.58596,76.068,2.61512994766235,66594.101,998600.0,49240.0,21.4,944054542269.5421,4.54924011230469,0.9104031961453529,-0.95,0.214,3201977117826.1597,51264.84646319997,10.844760542136282,10.57121803323822,0.24786232062896532,15.987958000432792,599.6826431711559,0.5421311469590542,100.9017645858059,101.10245964030564,106.28535791808551,82.23667956847567,103.09430005446171,104.90196078431373,101.10245964030564,106.28535791808551,103.09430005446171,104.90196078431373,0.012161719891769219,0.24786232062896532,100.00856140660662,99.81003781229103
Germany,DEU,2009,36927.19202870133,3479800820863.279,81902307.0,62585647.89405001,76.415,2.74266004562378,67078.121,1026400.0000000001,47859.0,22.3,759324243007.2012,4.34005403518677,-5.545164537717056,-3.0,0.223,3024422218182.649,48324.53317895874,10.78569464399798,10.516703469989688,0.2182091108360696,16.399926093879735,584.3425143079303,0.543523831724178,94.2644648582886,94.69447181661309,104.87662565584661,102.78389745643904,97.44195883640953,104.20560747663552,94.69447181661309,104.87662565584661,97.44195883640953,104.20560747663552,0.012532003524638203,0.2182091108360696,100.20195373121838,99.74693733463742
Germany,DEU,2010,38517.43978601087,3468154343000.007,81776930.0,62646852.7651,76.607,2.73024010658264,70014.208,1011700.0,47047.0,22.7,806475362043.653,5.09588003158569,4.146767545324366,2.3,0.22699999999999998,3149837977159.826,50279.26923911767,10.825348128770358,10.558866399165577,0.23253733319897157,16.149254995992536,575.3089532708063,0.5317283971688056,104.04501798893745,104.30644105317712,99.54715718191332,98.56780982073265,98.45406404361611,101.79372197309415,104.30644105317712,99.54715718191332,98.45406404361611,101.79372197309415,0.012371459774780002,0.23253733319897157,100.09779378037852,99.84691884198085
Germany,DEU,2011,40712.65773630418,3824828563521.408,80274983.0,61829397.406260006,77.022,2.80555009841919,75569.073,1064700.0,46986.0,24.3,976785428834.5884,4.98425006866455,3.757968865863475,2.5,0.243,3268207907666.6367,52858.4790531331,10.875373414629175,10.614294323971928,0.2553801857030921,17.219964040797898,585.3131105614809,0.4878447345946171,105.12976790046262,105.69928313639004,102.75836515825026,105.23870712661856,101.73891910317022,107.04845814977975,105.69928313639004,102.75836515825026,101.73891910317022,107.04845814977975,0.013263160703503358,0.2553801857030921,98.69513738877654,98.16336098701676
Germany,DEU,2012,40829.03489380498,3597896500945.3135,80425823.0,62048522.44450001,77.15,2.88165998458862,79110.37800000001,1048600.0,46620.0,24.9,887065419957.2589,4.92844009399414,0.47429130585554446,0.8,0.249,3283708733629.983,52921.62656358389,10.87656735402986,10.617148746850937,0.24655112222494194,16.899677199210217,579.6645686796392,0.4721849545319028,100.1194652430073,100.28585006229407,102.71283290262095,98.4878369493754,99.03495380849692,102.46913580246914,100.28585006229407,102.71283290262095,99.03495380849692,102.46913580246914,0.013038100959190682,0.24655112222494194,100.35440267483153,100.18790411951879
Germany,DEU,2013,40875.02628031783,3808086291482.364,80645605.0,62585021.76025,77.605,2.8359899520874,79729.54299999999,1020400.0,47353.0,25.2,933132496374.9387,4.93538999557495,0.386224576109953,0.4,0.252,3296391223767.131,52670.60921373343,10.871812879027846,10.618274551142903,0.24503974567543235,16.304220583463835,587.1739693688205,0.4817861336974989,99.5256809623021,100.1126438247499,98.41514846493106,97.31069998092696,101.29547346774812,101.20481927710843,100.1126438247499,98.41514846493106,101.29547346774812,101.20481927710843,0.012652890383797109,0.24503974567543235,100.86464478864887,100.2732729262839
Germany,DEU,2014,41588.076387559195,3965800686309.79,80982500.0,62965513.4,77.752,2.87784004211426,84246.766,1021000.0,48154.0,23.2,1004868587763.91,4.92102003097534,2.1694989287907873,1.0,0.23199999999999998,3367906396055.5127,53488.11141521658,10.887214691652337,10.635568779865414,0.25338353267040975,16.215225523754725,594.6222949402649,0.4694039313556786,101.55210318180636,101.74446397257661,101.47567836042779,100.05880047040377,101.26850404820414,92.06349206349206,101.74446397257661,101.47567836042779,101.26850404820414,92.06349206349206,0.012607662149229771,0.25338353267040975,100.60795958689216,100.41774750155325
Germany,DEU,2015,41911.01098510537,3423568450957.0293,81686611.0,63368388.48325,77.575,2.9337899684906,88781.819,1061800.0,47384.0,23.8,887625829363.0524,4.85515022277832,1.652719771746277,0.6,0.23800000000000002,3423568450957.0293,54026.44019994247,10.897228839047393,10.643303863393745,0.2592691929717147,16.755988678498,580.0705821912479,0.46667950543146297,101.00644567639894,100.77650765699464,101.9441638714303,103.99608227228208,97.55278050069099,102.58620689655173,100.77650765699464,101.9441638714303,97.55278050069099,102.58620689655173,0.012998458217344824,0.2592691929717147,100.63983450859944,100.86946068595066
Germany,DEU,2016,42528.06371078278,3537784107980.553,82348669.0,64051618.23489001,77.781,2.94039011001587,92173.55600000001,1065400.0,48480.0,24.4,931129079685.5375,4.83923006057739,2.2947106768428114,1.4,0.244,3502129441730.1626,54676.673880231385,10.90919246016973,10.657919459602114,0.2631955628906499,16.633459534042785,588.7162547824544,0.474464032410447,101.20354714817876,101.47229262948751,100.22496980343367,100.33904690148805,101.49045182718058,102.52100840336134,101.47229262948751,100.22496980343367,101.49045182718058,102.52100840336134,0.012937671160173822,0.2631955628906499,101.07818703930052,100.81048533155574
Germany,DEU,2017,43520.186421299615,3763092263752.9478,82657002.0,64619591.02356,78.178,3.04710006713867,99553.61600000001,1077700.0,47785.0,24.8,996731331680.6674,4.87182998657227,2.7160245193159227,1.9,0.248,3597248136065.7354,55668.07339827012,10.927162073039092,10.680980165098307,0.2648702880026181,16.677604777892753,578.111942651876,0.4608641755046552,101.81320378084881,102.33286593357245,103.62910883012813,101.1544959639572,98.19873970789257,101.63934426229508,102.33286593357245,103.62910883012813,98.19873970789257,101.63934426229508,0.013038217863260997,0.2648702880026181,100.88674229367184,100.3744237809114
Germany,DEU,2018,43874.01309360915,4052008447223.5264,82905782.0,65090158.506019995,78.511,3.11011004447937,104669.045,1104500.0,46617.0,25.2,1110422789870.7288,4.97933006286621,1.1164431092622493,0.3,0.252,3637409365003.906,55882.63185236356,10.931008910550348,10.689077466922228,0.2740425653928734,16.968771091529113,562.2888883672794,0.45498878438347745,100.38542460874909,100.81301736367647,102.06786701953862,102.48677739630696,97.26297744135604,101.61290322580645,100.81301736367647,102.06786701953862,97.26297744135604,101.61290322580645,0.013322351871670423,0.2740425653928734,100.72821179305889,100.3009787361995
Germany,DEU,2019,44207.632051951376,3957208055215.6797,83092962.0,65816273.340959996,79.208,3.16778993606567,110025.40999999999,1181800.0,46632.0,26.0,1087118848810.2216,5.11552000045776,0.9878933491675781,0.7,0.26,3673343090202.778,55812.07965350896,10.9297456061864,10.696652724018522,0.27471864851214406,17.956045518981405,561.202764681803,0.4601612536705364,99.87374932690896,100.76040219441613,101.85459327037914,106.99864191942055,99.80683884957604,103.17460317460319,100.76040219441613,101.85459327037914,99.80683884957604,103.17460317460319,0.01422262453467479,0.27471864851214406,101.11555241469084,100.22577436155177
Germany,DEU,2020,42362.64721368535,3940142541354.0967,83160871.0,65310390.03985,78.535,3.12979006767273,106582.971,1227200.0,42260.0,27.2,1061615535737.0479,5.59038019180298,-4.095137490646891,0.9,0.272,3522914640155.797,53941.10551179137,10.895648091696737,10.65402229100364,0.269435819794531,18.79027210297179,508.1716856957883,0.470792633975595,96.64772545059614,95.82654679151813,98.80042966358637,103.84159756303943,90.55046013251862,104.61538461538463,95.82654679151813,98.80042966358637,90.55046013251862,104.61538461538463,0.014756940196068893,0.269435819794531,99.23137048722087,100.08172653659886
Germany,DEU,2021,43898.77131675186,4348297440387.527,83196078.0,65437875.1509,78.655,3.14246010780334,113183.578,1266100.0,39822.0,28.0,1225750803582.98,5.45488977432251,3.669999861567348,1.3,0.28,3652205602572.6504,55811.80003401165,10.929740596156321,10.689641610442697,0.2818921245354686,19.348122124692594,478.65237108893524,0.4846688615564645,103.46803148447033,103.6261286867131,100.40482076614268,103.16981747066494,94.19107450537405,102.94117647058825,103.6261286867131,100.40482076614268,94.19107450537405,102.94117647058825,0.01521826545717696,0.2818921245354686,100.19519882054328,100.0423360164181
Germany,DEU,2022,44180.42983869957,4163596357879.3936,83797985.0,66590906.76009999,79.466,3.221476057301402,118513.845,1246400.0,44767.52536231885,27.9,1069144566659.823,4.54389047622681,1.3697310553658468,0.1,0.27899999999999997,3702230996916.8994,55596.644903102686,10.925878134948558,10.696037206186615,0.2567839134157473,18.717270279713613,534.2315255231834,0.4865819418055093,99.61449885010366,100.64160912367093,102.51446149791528,98.44404075507464,111.61159074754097,99.64285714285712,100.64160912367093,102.51446149791528,111.61159074754097,99.64285714285712,0.014873866000477218,0.2567839134157473,101.7620248312481,100.7234800178922
Germany,DEU,2023,44336.777515739916,4525703903627.531,83280000.0,66508240.8,79.861,3.262329606076946,126872.0,1320800.0,44553.55405797105,29.0,1203280468425.0542,5.401895857237378,-0.2664384100909132,-0.6,0.29,3692366831510.8203,55517.43343526868,10.924452366361226,10.69956980384316,0.2658769760568245,19.85919314828727,534.9850391206899,0.47294635275239294,99.85752473378193,100.35388446334986,101.26816242147605,105.96919127086008,100.14104626206183,103.94265232974911,100.35388446334986,101.26816242147605,100.14104626206183,103.94265232974911,0.015859750240153698,0.2658769760568245,99.87585998731358,99.381864611661
Greece,GRC,1998,16973.829353687455,139612812175.71774,10720509.0,6763890.74337,63.093,0.3089940162750935,724.1467350000014,66300.0,276.0,13.9,41188235604.831055,2.89256000518799,3.436935725793731,-0.8,0.139,181968090350.67056,26902.872511510715,10.199988344703362,9.739427987084921,0.2950175916017738,9.802050700624871,25.745046247337697,1.0181202678011694,,,,,,,,,,,0.006184407848545251,0.2950175916017738,,
Greece,GRC,1999,17358.434724848248,137131371955.30725,10761698.0,6789555.268200001,63.09,0.568229973316193,792.785,68100.0,290.0,14.0,26972562590.2051,3.02772998809814,2.658785890172169,2.7,0.14,186806232261.52994,27513.76561237636,10.22244172613521,9.761833818529837,0.1966914077035252,10.030112033840796,26.947420379200384,1.0190721864214591,102.27073559005369,102.2658727335281,183.8967563728823,102.71493212669682,104.67031257318882,100.71942446043165,102.2658727335281,183.8967563728823,104.67031257318882,100.71942446043165,0.0063279976821501585,0.1966914077035252,100.37943434930784,100.38420750358028
Greece,GRC,2000,18002.906507641415,125760166224.80498,10805808.0,6827325.61056,63.182,0.563854992389679,770.3335,74200.0,306.0,14.1,27836291199.9923,3.23019003868103,4.137827099457851,3.8,0.141,194535951163.52368,28493.72686467889,10.257439232017711,9.798288496489743,0.22134426214285535,10.8680915826298,28.318104486031956,1.0169898980541525,103.56171258456067,103.71272982275654,99.23006861095665,108.95741556534509,105.08651324521419,100.7142857142857,103.71272982275654,99.23006861095665,105.08651324521419,100.7142857142857,0.006866677623737161,0.22134426214285535,100.55630068344688,100.40987955618156
Greece,GRC,2001,18742.423541656706,132050474720.03008,10862132.0,6797522.205599999,62.58,0.559480011463165,848.4000000000001,80900.0,385.0,14.5,28174873720.708103,3.36457991600037,4.650414122299921,4.8,0.145,203582678509.38263,29949.542252567448,10.30726931970618,9.838544871958824,0.21336442584128323,11.901395472213713,35.44423875533827,0.9910699059890486,105.10924876483321,104.10776467511731,99.22409467228935,109.02964959568733,125.16458780926285,102.83687943262412,104.10776467511731,99.22409467228935,125.16458780926285,102.83687943262412,0.00744789328651134,0.21336442584128323,99.56346882132145,100.52123820819322
Greece,GRC,2002,19548.367723268682,150253800085.8646,10902022.0,6890623.0051,63.205,0.5530100166797635,899.83,87400.0,376.0,15.2,29408067963.870388,3.42430996894836,4.683137359027839,2.7,0.152,213116734983.1651,30928.51471128658,10.339433843552472,9.880647069511902,0.19572262363457527,12.683903898865472,34.489014973552614,0.958901439845878,103.26873930313647,104.30010654609686,98.84356998447879,108.03461063040791,97.30499563446884,104.82758620689656,104.30010654609686,98.84356998447879,97.30499563446884,104.82758620689656,0.008016861459277921,0.19572262363457527,101.36962847172903,100.36723913868843
Greece,GRC,2003,20632.255738417163,196930509813.3843,10928070.0,6982271.7650999995,63.893,0.546540021896362,968.65,89900.0,393.0,15.7,40627611106.97305,3.42933988571167,5.796823034631828,4.7,0.157,225470734967.32446,32291.88759084276,10.382571319487008,9.934610942715901,0.20630430066662941,12.875465611257608,35.96243435483118,0.9272088200666371,104.40814210537776,105.5446471566949,98.83004021839479,102.8604118993135,104.27214109306524,103.28947368421053,105.5446471566949,98.83004021839479,104.27214109306524,103.28947368421053,0.008226521243000823,0.20630430066662941,101.33005041680798,100.23892815479552
Greece,GRC,2004,21688.10512191297,234979615898.22455,10955141.0,7133878.267790001,65.119,0.527300000190735,1011.97,90800.0,379.0,17.5,46607363251.63839,3.66719007492065,5.377866297287554,3.5,0.175,237596249633.37878,33305.34117832425,10.413473058851986,9.984519238174915,0.19834641006403375,12.727999636602837,34.59562957701777,0.9097677331732186,103.13841544453066,105.11746944629918,96.479668288725,101.00111234705228,96.19935412511974,111.46496815286623,105.11746944629918,96.479668288725,96.19935412511974,111.46496815286623,0.008288346083359401,0.19834641006403375,102.1713062423005,100.2477198627022
Greece,GRC,2005,21880.52655508636,242315668619.40533,10987314.0,7186252.7217,65.405,0.578960001468658,1138.976,86800.0,462.0,17.6,43273888115.462746,3.96395993232727,1.1835061020669855,-2.2,0.17600000000000002,240408215746.0721,33453.90498446045,10.417923799683203,9.993352321835301,0.17858477069194875,12.07861779448613,42.0484933806388,0.914916103380838,100.44606600887455,100.88722104624517,109.79707970021555,95.59471365638767,121.5427899267717,100.57142857142858,100.88722104624517,109.79707970021555,121.5427899267717,100.57142857142858,0.007900019968483654,0.17858477069194875,100.7341652316451,100.29367946975762
Greece,GRC,2006,23220.53243908464,269073415333.6761,11020362.0,7253051.2502999995,65.815,0.561179995536804,1206.2,102300.0,532.0,18.7,48710424539.90109,3.64772200584412,6.443397750493347,5.2,0.187,255898673311.4557,35281.52007761854,10.471114595292846,10.052792185182126,0.18103023845553687,14.104408816326602,48.27427628965364,0.897410271935664,105.46308448597263,106.12419395220991,96.92897507828673,117.85714285714286,114.80619734138085,106.25,106.12419395220991,96.92897507828673,114.80619734138085,106.25,0.009282816662465353,0.18103023845553687,100.92953213847171,100.30078324875397
Greece,GRC,2007,23973.693703351288,314226996944.10803,11048473.0,7259951.6082999995,65.71,0.576550006866455,1324.71,102700.0,575.0,19.1,47730697562.85451,3.59139657020569,3.506870185828845,2.7,0.191,264872707591.7467,36484.08720643934,10.504631477562496,10.084712412484182,0.15189878026726147,14.146099800801341,52.043390973576166,0.8948439797929115,103.408490127906,103.24351418832643,102.7388737039617,100.39100684261975,107.80770831510185,102.1390374331551,103.24351418832643,102.7388737039617,107.80770831510185,102.1390374331551,0.00929540217910656,0.15189878026726147,100.09513731203424,100.25508236480798
Greece,GRC,2008,23923.88006087267,351121399546.4851,11077841.0,7297638.537160001,65.876,0.661830008029938,1587.3000000000002,99400.0,628.0,19.8,45101367065.38138,3.77288317680359,0.05747357931105057,-0.6,0.198,265024939417.41776,36316.53418676402,10.500028403788797,10.082632404812667,0.12844949673712608,13.620844536742867,56.689746675367516,0.8868632853065392,99.5407504133864,99.7922154045388,114.79143181820069,96.78675754625121,108.92784965558917,103.66492146596859,99.7922154045388,114.79143181820069,108.92784965558917,103.66492146596859,0.008972867547024732,0.12844949673712608,100.51910716342675,100.26581048801948
Greece,GRC,2009,22878.134673329092,326829054686.306,11107017.0,7394385.49758,66.574,0.625569999217987,1471.13,99200.0,698.0,19.9,28452119349.190193,4.1299352645874,-4.1192759807662895,-2.3,0.19899999999999998,254107830744.95566,34364.969317344745,10.444792990709235,10.03793691565493,0.0870550489352877,13.415584030946954,62.84315581762412,0.8844254850129225,94.62623591947673,95.6288637759312,94.52125041596621,99.79879275653923,110.85453631940527,100.50505050505049,95.6288637759312,94.52125041596621,110.85453631940527,100.50505050505049,0.008931290912762626,0.0870550489352877,101.3257296853956,100.26337261926761
Greece,GRC,2010,21547.724189596367,296417644404.0339,11121341.0,7463976.79874,67.114,0.603470027446747,1337.18,99200.0,728.0,20.9,23615911456.586124,4.14056491851807,-5.693741202736646,-0.2,0.209,239639588486.44986,32106.153991114174,10.376803003862317,9.97802548390397,0.07967107188935188,13.2905021913715,65.45973187945592,0.9802735220768461,93.426982851719,94.18479477138627,96.46722640170299,100.0,104.16366114621185,105.0251256281407,94.18479477138627,96.46722640170299,104.16366114621185,105.0251256281407,0.008919787640717068,0.07967107188935188,100.94113704489406,100.12896351918792
Greece,GRC,2011,19448.255751116776,283228079776.04144,11104899.0,7394974.34208,66.592,0.684260010719299,1377.118,86700.0,722.0,22.2,13593942929.51634,4.51630020141602,-9.876779038730149,-6.8,0.222,215970915842.32092,29205.093331206113,10.282098402196272,9.875512666419404,0.04799645197702698,11.724178609606062,65.01634999111654,1.08111974702752,90.96416013979449,90.25665810455634,113.38757180938555,87.3991935483871,99.32266467397717,106.22009569377991,90.25665810455634,113.38757180938555,99.32266467397717,106.22009569377991,0.007807365019708869,0.04799645197702698,99.07552691386114,99.85215811654368
Greece,GRC,2012,17924.662051647676,238841140018.23288,11045011.0,7383148.05306,66.846,0.710049986839294,1324.8,81700.0,628.0,22.9,22613901505.891388,4.58220291137695,-8.331133958669824,-6.4,0.22899999999999998,197978089531.73114,26814.861101109527,10.196711531508384,9.793932811825528,0.09468176840960091,11.065740441997344,56.858250299614916,1.1520407770533776,91.81570076496696,92.1659108201433,103.76903161312676,94.23298731257209,87.4522336418204,103.15315315315314,92.1659108201433,103.76903161312676,87.4522336418204,103.15315315315314,0.007397004855857545,0.09468176840960091,99.84007667271129,99.46070648638947
Greece,GRC,2013,17644.876679283396,236556279640.70538,10965211.0,7329366.336619999,66.842,0.814779996871948,1447.42,85300.0,698.0,24.0,27948676248.84391,4.49511909484863,-2.272116922154865,-2.0,0.24,193479795857.32178,26397.888571980788,10.181039307601909,9.778200747095624,0.11814810535274688,11.63811386719917,63.65586581051656,1.1725597051234367,98.44499463354862,98.4391037802659,114.7496672028469,104.406364749082,111.95537230759226,104.80349344978166,98.4391037802659,114.7496672028469,111.95537230759226,104.80349344978166,0.007779148071113269,0.11814810535274688,99.27156118157878,99.27750185128833
Greece,GRC,2014,17903.52525599781,233911581521.06232,10892413.0,7267962.57425,66.725,0.839980006217957,1470.2600000000002,89800.0,651.0,24.6,27778385002.10044,4.32135677337646,0.7922250383535925,-0.3,0.24600000000000002,195012591244.25888,26831.81005020279,10.19734340481174,9.792752914114235,0.11875591974311527,12.355594718959695,59.766371326537104,1.1592752181962762,101.64377342922258,101.4658565283037,103.09286058110843,105.27549824150057,93.88980978507581,102.50000000000001,101.4658565283037,103.09286058110843,93.88980978507581,102.50000000000001,0.008244270576225855,0.11875591974311527,99.16222276865592,99.33610032675158
Greece,GRC,2015,17980.72982381374,194567373678.09912,10820883.0,7248043.851059999,66.982,0.966050028800964,1684.71,85700.0,550.0,25.4,22008523801.84348,3.66139006614685,-0.22830195902689354,3.6,0.254,194567373678.0991,26844.122038478607,10.197802157478442,9.79705589807022,0.11311518157332666,11.82387989932852,50.827645026750595,1.1661061870004144,100.04588579098012,100.43122550845156,115.00869326052678,95.43429844097996,85.04388655126935,103.2520325203252,100.43122550845156,115.00869326052678,85.04388655126935,103.2520325203252,0.007919871234168228,0.11311518157332666,99.72593800550692,99.34330437158415
Greece,GRC,2016,18049.928917575646,193097239005.87012,10775971.0,7239189.55809,67.179,1.00529003143311,1738.57,90400.0,606.0,26.4,20029345369.721478,4.01561069488525,-0.03179521266753227,-3.7,0.264,194505510567.85654,26868.40964821692,10.198706512966108,9.80089702566882,0.10372673101303427,12.487585699282514,56.23623151918282,1.1849499796140694,100.09047645403899,100.38485141837934,104.06190170925717,105.48424737456243,110.64103302363446,103.93700787401573,100.38485141837934,104.06190170925717,110.64103302363446,103.93700787401573,0.008389035196921002,0.10372673101303427,99.87783886036087,99.58495069210156
Greece,GRC,2017,18352.088411128345,200381103984.298,10754679.0,7225100.89899,67.181,1.15227997303009,2022.0299999999997,93800.0,498.0,27.2,18957359947.681652,3.47708988189697,1.473124985036975,1.8,0.272,197370819841.3054,27317.379037418836,10.215278373409795,9.81749865687762,0.09460652512008899,12.982517657727431,46.30542668916478,1.1727478751339522,101.67099353880707,101.67402040713014,114.62164519700211,103.76106194690264,82.34091339027486,103.03030303030303,101.67402040713014,114.62164519700211,82.34091339027486,103.03030303030303,0.008721785187637865,0.09460652512008899,99.80538347577517,99.80241223737517
Greece,GRC,2018,18769.039009977256,213298873494.3936,10732882.0,7193928.81814,67.027,1.21370995044708,2156.17,105600.0,430.0,27.7,19481265918.465843,3.59734010696411,2.0646725333835434,-3.1,0.27699999999999997,201445880947.4827,28002.206588355817,10.240038592779248,9.839963930080073,0.0913331870877316,14.67904432606035,40.06379647144169,1.1459591021545776,102.5069299291082,102.27195177741233,105.33116767233668,112.57995735607676,86.52073706258795,101.83823529411762,102.27195177741233,105.33116767233668,86.52073706258795,101.83823529411762,0.00983892304042847,0.0913331870877316,99.56855853937823,99.79732542458962
Greece,GRC,2019,19216.67600372186,207305649887.0193,10721582.0,7202329.92432,67.176,1.27496004104614,2317.9100000000003,116000.0,356.0,27.8,18791931482.073273,3.58612990379333,2.277180636445692,2.4,0.278,206033167541.3362,28606.460646245472,10.261387868018991,9.863533722912162,0.09064842898548495,16.105899232455947,33.20405514783173,1.1285189918379448,102.1578801512768,102.38497556271606,105.04651795731739,109.84848484848484,82.87795484259779,100.36101083032494,102.38497556271606,105.04651795731739,82.87795484259779,100.36101083032494,0.010819298868394608,0.09064842898548495,100.11678050189788,99.89471606973784
Greece,GRC,2020,17486.951380041486,191362985554.86124,10698599.0,7082151.58003,66.197,1.5079300403595,2479.74,119500.0,400.0,28.5,8797434682.498795,4.49500036239624,-9.196231470825879,3.0,0.285,187085880547.56046,26416.531534724363,10.181745287653577,9.769210246361048,0.045972499106817534,16.873403322369132,37.38807296170274,1.184695438018755,92.34463452643683,90.99883547318296,118.27272948273747,103.01724137931035,112.60092418002212,102.51798561151078,90.99883547318296,118.27272948273747,112.60092418002212,102.51798561151078,0.011169686797308695,0.045972499106817534,98.33139629046713,99.78563797767904
Greece,GRC,2021,19232.968382871975,218303801895.32596,10569207.0,7062344.117399999,66.82,1.45641994476318,2630.7,124800.0,394.0,30.1,17956035693.508575,4.08201456069946,8.654497853114378,-3.2,0.301,203277224063.02917,28783.251096785363,10.267548937813531,9.86438118875405,0.08225251020647949,17.67118649635344,37.27810421349492,1.1468605198992545,108.95923660133036,109.98468495099314,96.58405269358255,104.43514644351464,99.70587211509813,105.61403508771929,109.98468495099314,96.58405269358255,99.70587211509813,105.61403508771929,0.011807886816863365,0.08225251020647949,99.72031857259518,98.79057061583484
Greece,GRC,2022,20595.495349621237,218880566444.3491,10436882.0,7215851.477160001,69.138,1.3041959893797639,3053.017,139200.0,588.9130434782619,30.5,18769081705.281525,4.304930911547885,5.74364918958959,1.7,0.305,214952754695.5456,29788.966052852604,10.301893337245064,9.932827658516905,0.08575033412138765,19.290862684827047,56.4261475293351,1.1105667395090038,103.49409784421317,107.0843300920864,89.54807259192208,111.53846153846155,151.36538920052823,101.32890365448506,107.0843300920864,89.54807259192208,151.36538920052823,101.32890365448506,0.013337316643035727,0.08575033412138765,102.17360351192453,98.74801392384501
Greece,GRC,2023,21139.19167509247,243498333237.80234,10405588.0,7208262.97524,69.273,1.3456627382591222,3345.9230000000002,142200.0,596.1560869565219,29.9,25778276785.798527,4.345618996792936,2.332123882569803,0.5,0.299,219965719224.04208,30515.773353388,10.325998988042285,9.958884021942593,0.10586633774048573,19.727360182120083,57.29191728103418,1.0713997310713346,102.43985406961042,102.63987981955107,103.17948753232086,102.15517241379311,101.53434141724628,98.0327868852459,102.63987981955107,103.17948753232086,101.53434141724628,98.0327868852459,0.013665734218960043,0.10586633774048573,99.89483566916502,99.70015949207819
Hungary,HUN,1998,8282.398859656507,48706787306.25736,10266570.0,6327903.0852,61.636,0.657109975814819,270.42,165100.0,690.0,10.6,10396663908.619415,4.40864992141724,3.9000045011963635,3.4,0.106,85031827660.58371,13437.599551652456,9.505811993337643,9.021887922769158,0.2134541094498293,26.09079149554988,67.20842501439137,1.7122966191668887,,,,,,,,,,,0.016081320246197125,0.2134541094498293,,
Hungary,HUN,1999,8560.969094411286,49073380173.71591,10237530.0,6330376.6755,61.835,0.671859979629517,293.45799999999997,175000.0,729.0,11.8,9181456701.95456,4.56704998016357,3.071026866490783,0.7,0.11800000000000001,87643177933.10838,13844.85985996812,9.535669313485803,9.054968674691732,0.18709648019869274,27.64448451816301,71.20858253895227,1.7058445990708666,103.03075193415465,103.36340038043437,102.24467811440665,105.99636583888552,105.95186916477263,111.32075471698116,103.36340038043437,102.24467811440665,105.95186916477263,111.32075471698116,0.0170939670018061,0.18709648019869274,100.03909020518637,99.71714019385247
Hungary,HUN,2000,8967.69626924063,47218405892.42581,10210971.0,6351836.62026,62.206,0.790960013866425,382.664,199400.0,810.0,11.7,9090220530.933578,4.86840009689331,4.47919473197571,4.8,0.11699999999999999,91568886542.02428,14416.127494519227,9.576102823768448,9.101384095895739,0.192514346029452,31.392495103540295,79.3264421179925,1.6983263063034162,104.12620741798119,104.75094782312509,117.7269130247322,113.94285714285715,111.4001139885064,99.15254237288134,104.75094782312509,117.7269130247322,111.4001139885064,99.15254237288134,0.01952801550410828,0.192514346029452,100.33899949181627,99.74057218879945
Hungary,HUN,2001,9354.480750901374,53749989092.01972,10187576.0,6382618.23976,62.651,0.913100004196167,502.578,225800.0,919.0,11.7,10628305455.785526,4.9310097694397,4.074088032738544,5.7,0.11699999999999999,95299483590.34482,14931.095674293107,9.611201275268046,9.143610732186584,0.19773595558484522,35.377331295391805,90.20791599493344,1.6871379504271822,103.57216721321076,104.31308632728143,115.44199304496937,113.23971915747242,113.71733508576563,100.0,104.31308632728143,115.44199304496937,113.71733508576563,100.0,0.02216425182987592,0.19773595558484522,100.4846097489633,99.77088368970982
Hungary,HUN,2002,9825.943198584031,67608919144.368355,10158608.0,6404799.17184,63.048,0.983550012111664,659.744,219000.0,842.0,12.1,12537202874.842964,5.17923021316528,4.741286546482698,5.6,0.121,99817905184.68132,15584.86105599548,9.654055276922394,9.192781431985651,0.1854371144149149,34.19310959239409,82.88537169659465,1.644280006475956,104.37854927704979,105.03996384446275,107.71547558774974,96.98848538529671,91.88259232288432,103.41880341880344,105.03996384446275,107.71547558774974,91.88259232288432,103.41880341880344,0.021558071735812624,0.1854371144149149,100.34752089576384,99.71565365500096
Hungary,HUN,2003,10255.610113160294,85285062818.00766,10129552.0,6416463.41888,63.344,0.91882997751236,657.002,221600.0,756.0,13.1,13462858550.57408,5.7923002243042,4.074249745852086,3.5,0.131,103884735932.98308,16190.341805317463,9.69217015857467,9.235580162950354,0.15785716872018815,34.53615886719736,74.63311309325427,1.6176099809789743,103.88505708935438,104.37278036207435,93.4197515324766,101.18721461187215,90.04376956461255,108.26446280991738,104.37278036207435,93.4197515324766,90.04376956461255,108.26446280991738,0.021876584472837496,0.15785716872018815,100.18211729559428,99.71397656056814
Hungary,HUN,2004,10792.737427850574,104120820258.66873,10107146.0,6433299.50046,63.651,0.859899997711182,687.022,217000.0,748.0,14.2,17384496821.722534,5.32762002944946,5.004620691649151,5.8,0.142,109083772922.95021,16956.116051359088,9.73838387671421,9.286628726525207,0.1669646548935554,33.73074733804697,74.00704412501808,1.5848569153109953,104.72982136665033,105.2373999085732,93.58641084385111,97.92418772563177,99.16113780828906,108.39694656488548,105.2373999085732,93.58641084385111,99.16113780828906,108.39694656488548,0.021469957988140272,0.1669646548935554,100.26238880331589,99.77880561746463
Hungary,HUN,2005,11278.61602555588,113211158292.9365,10087065.0,6444222.3459,63.886,0.919510006904602,806.773,222000.0,705.0,14.5,18763447030.03595,5.3200798034668,4.2942776100917825,6.5,0.145,113768132959.82384,17654.28423372238,9.77873376569541,9.330663824754808,0.16573849532998414,34.449463113457405,69.89148974453917,1.5541061373686311,104.11750061304477,104.50190325627213,106.93220250634789,102.3041474654378,94.43896938577006,102.11267605633803,104.50190325627213,106.93220250634789,94.43896938577006,102.11267605633803,0.022008384004663397,0.16573849532998414,100.16978605518396,99.80131878969593
Hungary,HUN,2006,11741.947676917776,115715618613.05196,10071370.0,6452424.6179,64.067,0.977400004863739,882.4179999999999,233800.0,718.0,15.0,20922735880.65907,5.28974008560181,3.946066880293202,4.2,0.15,118257499574.87938,18327.60653209574,9.816163755771926,9.370922980552013,0.1808116841221218,36.234441135724936,71.29119474311837,1.5523611114565838,103.81393144836318,104.10805412926591,106.29574420337362,105.3153153153153,102.00268302148841,103.44827586206897,104.10805412926591,106.29574420337362,102.00268302148841,103.44827586206897,0.023214319402424893,0.1808116841221218,100.12728102104079,99.84440469056163
Hungary,HUN,2007,11792.771289739174,140186716681.42496,10055780.0,6443442.150599999,64.077,0.954450011253357,956.32,230100.0,689.0,15.4,23501862505.312084,5.13495016098022,0.2773727723258048,2.4,0.154,118585513679.9334,18404.0627522187,9.820326720974974,9.37524202017166,0.16764685743172222,35.71072644433901,68.51780766882331,1.579148736380434,100.41716423794382,100.43283801137444,97.65193436707816,98.41745081266039,96.10977613113607,102.66666666666666,100.43283801137444,97.65193436707816,96.10977613113607,102.66666666666666,0.022882362183739104,0.16764685743172222,99.86078927175558,99.84520477353131
Hungary,HUN,2008,11932.038399553541,158325614580.628,10038188.0,6430965.142200001,64.065,0.977569997310638,1037.971,194100.0,683.0,16.4,28139880305.16807,4.9676399230957,1.0039430290089655,2.8,0.16399999999999998,119776044677.93756,18624.89409124099,9.83225435685527,9.386982363828718,0.17773422436858893,30.18209486571706,68.04016820565624,1.5546373322400662,101.19990537956444,101.18095319914788,102.42233598247019,84.35462842242504,99.30289733513409,106.49350649350649,101.18095319914788,102.42233598247019,99.30289733513409,106.49350649350649,0.019336159075721636,0.17773422436858893,99.806361132631,99.82505583853266
Hungary,HUN,2009,11162.055972274196,131069255620.56659,10022650.0,6368792.716,63.544,1.12802004814148,1048.271,174300.0,757.0,16.9,25944270768.789627,4.94636011123657,-6.59786721850169,-3.2,0.16899999999999998,111873380290.51398,17565.869275264693,9.77371305253116,9.3202754458739,0.19794322204663997,27.367824291425723,75.52892698038941,1.555505423190997,94.31392838644737,93.5469330428223,115.3902074782103,89.79907264296754,111.00637898498114,103.04878048780488,93.5469330428223,115.3902074782103,111.00637898498114,103.04878048780488,0.01739061026774356,0.19794322204663997,99.03323335105605,99.84521110782146
Hungary,HUN,2010,11307.7161991209,132175349953.71332,10000023.0,6414514.753349999,64.145,1.12864995002747,1106.493,186100.0,649.0,17.1,27473237767.69326,4.72375011444092,1.0762540427766965,1.4,0.171,113077422068.68158,17628.367291481645,9.77726466143132,9.333240621144531,0.2078544734499599,29.012327066955258,64.89985073034333,1.5798118645078443,100.35579233363052,101.30495875677845,100.05584137330077,106.76993689041882,85.92714516809453,101.18343195266274,101.30495875677845,100.05584137330077,85.92714516809453,101.18343195266274,0.018609957197098445,0.2078544734499599,100.71790744947835,99.77424134335729
Hungary,HUN,2011,11551.498928934232,141942264554.47513,9971727.0,6434356.5640199995,64.526,1.17925000190735,1184.927,199800.0,662.0,18.0,29812531378.313667,4.5631799697876,1.8668374754429777,2.7,0.18,115188393760.12456,17902.084320946957,9.792672427560946,9.354570484926485,0.21003280081439102,31.052055945617468,66.3876979383812,1.570545721662846,101.55270777457407,102.15589713714503,104.48323697517094,107.36163353036001,102.29252793541825,105.26315789473684,102.15589713714503,104.48323697517094,102.29252793541825,105.26315789473684,0.020036649619469125,0.21003280081439102,100.30932676021422,99.7170406508065
Hungary,HUN,2012,11466.141909470407,128814279315.1317,9920362.0,6502499.68014,65.547,1.25423002243042,1238.228,197700.0,692.0,19.0,27222152194.443302,4.14249992370605,-1.2502260234706313,-1.4,0.19,113748278485.31767,17493.007932430788,9.769556533353308,9.347153789937213,0.21132868451522316,30.40369238368705,69.75551900222996,1.5791957752084542,97.71492312748458,99.26107408234247,106.35828029695105,98.94894894894894,105.07295955189568,105.55555555555556,99.26107408234247,106.35828029695105,105.07295955189568,105.55555555555556,0.01992870824673535,0.21132868451522316,101.05905097801148,99.48489363978777
Hungary,HUN,2013,11705.009252356425,135684315697.71341,9893082.0,6589386.196919999,66.606,1.38409996032715,1396.956,206800.0,642.0,19.5,33317609401.947365,4.18921995162964,1.8025221008226566,0.8,0.195,115798616344.32082,17573.505768784235,9.774147692796115,9.367772170386589,0.24555240029492106,31.38380325874087,64.89383187160482,1.5794513199292304,100.46017149631659,102.0832407689698,110.3545550317055,104.60293373798686,93.03039071292736,102.63157894736842,102.0832407689698,110.3545550317055,93.03039071292736,102.63157894736842,0.020903495998516944,0.24555240029492106,101.33620178475931,99.72501003491607
Hungary,HUN,2014,12233.299367171994,141033843265.66858,9866468.0,6778756.839399999,68.705,1.3445999622345,1411.1779999999999,193000.0,546.0,20.2,34728002153.075226,4.60187005996704,4.232209806142691,-1.0,0.20199999999999999,120699456740.62273,17805.544526849568,9.787265178049601,9.411916968845247,0.24623878459907894,28.471297108376998,55.33895209511651,1.5693534449584146,101.32038968842234,104.51336776781457,97.14616001554442,93.32688588007737,85.27613564969774,103.58974358974358,104.51336776781457,97.14616001554442,85.27613564969774,103.58974358974358,0.019561204678310413,0.24623878459907894,102.8738737846101,99.73098373186434
Hungary,HUN,2015,12717.038597002029,125174166987.37169,9843028.0,6935495.9590799995,70.461,1.33958995342255,1493.442,196900.0,569.0,20.9,31784214532.855476,4.49539995193481,3.7073159793626047,1.3,0.209,125174166987.37169,18048.336806179348,9.80080881581356,9.450697995087465,0.25391992052211587,28.390183075835715,57.807414547637165,1.5630995286652958,101.36357682835066,103.95428261265434,99.6273978169965,102.02072538860104,104.46062377234368,103.46534653465346,103.95428261265434,99.6273978169965,104.46062377234368,103.46534653465346,0.0200040068970646,0.25391992052211587,102.31221038596618,99.76242764888103
Hungary,HUN,2016,13035.352859090897,128609822750.03862,9814023.0,7073064.51633,72.071,1.1798700094223,1353.78,223100.0,616.0,20.6,33146862962.303654,4.61547994613647,2.2010018929385637,-1.7,0.20600000000000002,127929252772.23383,18086.82113345298,9.802938837876184,9.475420396127097,0.25773196987236885,31.54219779628984,62.76732793473175,1.580717654703994,100.21322921711244,102.50305336152638,88.07695268300739,113.3062468257999,108.58006438431404,98.56459330143542,102.50305336152638,88.07695268300739,108.58006438431404,98.56459330143542,0.02273277737376405,0.25773196987236885,101.98354318222758,99.70532441846147
Hungary,HUN,2017,13628.404488570599,143112196040.32568,9787966.0,7150892.200280001,73.058,1.3170200586319,1655.537,211700.0,496.0,20.9,35380854656.7684,4.64757013320923,4.271976016206949,3.2,0.209,133394359768.3764,18654.226078691718,9.833827998795854,9.519911459039733,0.24722459465857755,29.604697437854067,50.67447108009979,1.554198249747893,103.13711813177207,104.54956329828929,111.62416606188276,94.89018377409234,80.7338351774244,101.45631067961163,104.54956329828929,111.62416606188276,80.7338351774244,101.45631067961163,0.021628599854147428,0.24722459465857755,101.10033895167103,99.73449216493583
Hungary,HUN,2018,14377.424160293891,160565642983.58676,9775564.0,7234992.67204,74.011,1.50775003433228,2034.603,231800.0,407.0,21.8,43019854800.11958,4.62343978881836,5.36234836176223,4.7,0.218,140547430034.09918,19426.063909815963,9.874370943868115,9.573414488685726,0.26792689893514227,32.03873321058126,41.63442641263461,1.5116267510657106,104.13760307111264,105.49601879186558,114.48193400323055,109.49456778460085,82.16055446700999,104.30622009569379,105.49601879186558,114.48193400323055,82.16055446700999,104.30622009569379,0.023712186836483296,0.26792689893514227,101.1760836187225,99.87329338904529
Hungary,HUN,2019,15083.599171874204,164020460331.65897,9771141.0,7293961.333679999,74.648,1.47291004657745,2143.253,256399.99999999997,427.0,22.5,45059949900.16719,4.22488021850586,4.864225735118907,4.5,0.225,147383974295.8661,20206.30046601946,9.913749739015664,9.621363284959294,0.27472151833407454,35.15236622054305,43.70011649611852,1.4761571208412718,104.016441826948,104.91169352525993,97.68927295894514,110.61259706643658,104.96149523716518,103.21100917431193,104.91169352525993,97.68927295894514,104.96149523716518,103.21100917431193,0.026240538336310976,0.27472151833407454,100.81504798018506,99.95475452874125
Hungary,HUN,2020,14437.808848085235,157288955508.17633,9750149.0,7314659.281289999,75.021,1.59315001964569,2181.7580000000003,272300.0,428.0,23.6,41312226127.71593,4.1535701751709,-4.487046047653081,0.1,0.23600000000000002,140770787502.3494,19245.023190953514,9.865007770754975,9.57760565911051,0.26265179264648625,37.22661432727427,43.89676506482106,1.501432954917357,95.24268543525567,95.71859264867533,108.16342948760771,106.20124804992201,100.44999552511493,104.8888888888889,95.71859264867533,108.16342948760771,100.44999552511493,104.8888888888889,0.02792777833446443,0.26265179264648625,100.28376826614678,99.78516326803594
Hungary,HUN,2021,15521.381585225135,182109999477.69073,9709891.0,7395635.57906,76.166,1.64230000972748,2516.6009999999997,294200.0,433.0,25.5,48376294509.91953,4.68406009674072,7.061220609729119,3.6,0.255,150710923361.94327,20378.359878719028,9.92222882653724,9.649973809441763,0.26564326313034686,39.78021859716801,44.59370347205751,1.4921806311755468,105.88898582516784,107.50510516201774,103.08508235104694,108.0426000734484,101.58767600803228,108.05084745762711,107.50510516201774,103.08508235104694,101.58767600803228,108.05084745762711,0.030299001296718985,0.26564326313034686,101.10704128047534,99.58710374579917
Hungary,HUN,2022,16343.058694956595,177006128624.62692,9644377.0,7444108.831220001,77.186,1.6046497268953175,2336.737,299800.0,436.894927536232,25.6,45547439066.38208,4.37094016524329,4.583407672950685,2.1,0.256,157618619387.2894,21173.604921820788,9.960510634082834,9.701558541529831,0.2573212544689543,40.27345741409135,45.30048208777321,1.4519494426712338,103.90239964273194,105.29384001816963,97.70746619928413,101.9034670292318,101.58492917314787,100.3921568627451,105.29384001816963,97.70746619928413,101.58492917314787,100.3921568627451,0.03108547083964055,0.2573212544689543,100.65543051225032,99.3252859378133
Hungary,HUN,2023,16282.830349082977,212388906458.72394,9592186.0,7489003.29764,78.074,1.6427027715202627,2711.091,292700.0,419.80318840580003,25.8,54748981164.071945,4.3392888762985535,-0.9076859561402415,0.7,0.258,156187937314.84885,20855.637406925453,9.94537956991011,9.69786647881189,0.257777028362411,39.083972641891904,43.76512177785126,1.45201914920351,98.49828351823241,99.63147445653973,102.3714237435836,97.631754503002,96.61071971166429,100.78125,99.63147445653973,102.3714237435836,96.61071971166429,100.78125,0.030514420800430684,0.257777028362411,100.60308718528826,99.45884529399878
Italy,ITA,1998,30892.175871642463,1272729786996.7659,56906744.0,33629609.43424,59.096,1.00487005710602,11400.577999999998,722500.0,7560.940316205524,7.3,278905936481.87555,4.45031023025513,1.8043732733371343,0.578000000000003,0.073,1757973143930.5344,52274.563205026505,10.864265168547464,10.338258222785809,0.21913994575392481,21.48404373868185,132.8654529277852,0.3538434439570679,,,,,,,,,,,0.012696210487811428,0.21913994575392481,,
Italy,ITA,1999,31405.26090863959,1255004736463.9795,56916317.0,33916433.3003,59.59,0.980650007724762,11524.1,770900.0,6281.0,7.9,267281259501.1251,4.51084995269775,1.677991584521621,0.7,0.079,1787471785343.8389,52702.23344292597,10.872413113952609,10.354730702723405,0.21297231136688738,22.729394720676044,110.35499714431627,0.36910079860406064,100.81812302519315,101.66088992607385,97.5897331988366,106.69896193771626,83.0577059066635,108.21917808219179,101.66088992607385,97.5897331988366,83.0577059066635,108.21917808219179,0.013544446314050855,0.21297231136688738,100.85289086280014,100.01682225923874
Italy,ITA,2000,32609.6674684471,1149661363439.375,56942108.0,34105475.586600006,59.895,1.00364005565643,12460.3,822400.0,7877.0,8.1,239013651464.1761,4.29107999801636,3.8820988424840692,2.9,0.081,1856863206832.4014,54444.72404782886,10.90494122830977,10.392364071504973,0.20789917715346443,24.113430053534273,138.33348073450318,0.3694879017620938,103.30629366360711,103.83504713847537,102.34436830169491,106.68050330782202,125.35316416491604,102.53164556962024,103.83504713847537,102.34436830169491,125.35316416491604,102.53164556962024,0.014442738930564355,0.20789917715346443,100.55737666937499,100.04531389478346
Italy,ITA,2001,33245.28037329612,1172041488805.8677,56974100.0,34298408.2,60.2,1.04069995880127,13572.2,884000.0,8074.216666666674,8.3,247483222929.72476,4.65009021759033,2.0064332981945654,0.6,0.083,1894119928516.2104,55224.71822806664,10.919165926022094,10.411668092348778,0.21115568458406075,25.773790866481082,141.7173183370457,0.37917329967313407,101.43263501446451,101.94915481877891,103.6925492297735,107.49027237354085,102.44614505799716,102.46913580246914,101.94915481877891,103.6925492297735,102.44614505799716,102.46913580246914,0.015515822101621614,0.21115568458406075,100.56569395406936,100.05618337838844
Italy,ITA,2002,33285.41485567765,1281746271196.0415,57059007.0,34740376.41195,60.885,1.08124005794525,14413.5,885800.0,8142.266666666663,8.6,271231290367.39896,4.43240976333618,0.26992962033875756,-0.6,0.086,1899232719248.015,54669.3189713027,10.90905793472901,10.41287458769989,0.21161075047583616,25.49770876101683,142.6990600566649,0.3892773486693404,98.99429227602347,100.12072234594167,103.8954646630981,100.20361990950227,100.69274646961944,103.61445783132528,100.12072234594167,103.8954646630981,100.69274646961944,103.61445783132528,0.015524279979145099,0.21161075047583616,101.28859686249227,100.14902736506588
Italy,ITA,2003,33159.84157801579,1582930016538.8203,57313203.0,35295762.93552,61.584,1.05894005298615,14561.0,893000.0,8210.316666666666,9.1,323985133207.6003,4.54179000854492,0.06655385345008824,-0.6,0.091,1900496731808.6592,53844.89734024387,10.89386292118198,10.40909483173528,0.2046743253476328,25.300487246341024,143.25349547584466,0.4159172183716642,98.49198481603257,99.62273783215161,97.93755283156284,100.81282456536465,100.38853473804214,105.8139534883721,99.62273783215161,97.93755283156284,100.38853473804214,105.8139534883721,0.015581052065786657,0.2046743253476328,101.59867733436232,100.4454967118513
Italy,ITA,2004,33431.55990986927,1812808753294.7537,57685327.0,36269649.35125,62.875,1.05025005340576,15020.0,906900.0,8278.366666666654,10.0,377275012755.47565,4.38520002365112,1.4740216725118955,1.0,0.1,1928510465520.8994,53171.46705347001,10.881277197870043,10.417255640301855,0.20811627926541273,25.004377384992406,143.5090532929917,0.44196359415516184,98.74931456825244,100.81941987332542,99.17936812797998,101.5565509518477,100.1783955192843,109.8901098901099,100.81941987332542,99.17936812797998,100.1783955192843,109.8901098901099,0.015721502280813975,0.20811627926541273,102.75921621954778,100.64928145788676
Italy,ITA,2005,33521.32021804552,1864982261286.8474,57969484.0,36223971.161919996,62.488,1.04435002803802,15268.7,918100.0,8346.416666666686,10.8,378155202420.4252,4.23829984664917,0.7624107196118075,0.5,0.10800000000000001,1943213636038.8662,53644.41207599143,10.890132587480386,10.41993693980029,0.20276611218784255,25.34509526567704,143.97948870248155,0.4427073155836556,100.88947145664764,100.2684897396898,99.43822660626321,101.2349762928658,100.32780887246841,108.0,100.2684897396898,99.43822660626321,100.32780887246841,108.0,0.015837643129616264,0.20276611218784255,99.87405946804824,100.49259840375007
Italy,ITA,2006,34022.119038923105,1958563654385.6443,58143979.0,36433598.68119,62.661,1.08401000499725,16201.1,986600.0,8414.466666666674,11.4,400280655218.75073,4.52545022964478,1.7994799052078747,-0.3,0.114,1978181374934.6453,54295.5251893891,10.902197093491024,10.434766152044222,0.204374595802611,27.079400216080316,144.717764614401,0.46632777373748624,101.2137575717585,101.49397105370568,103.7975751323278,107.46106088661367,100.51276464347296,105.55555555555556,101.49397105370568,103.7975751323278,100.51276464347296,105.55555555555556,0.016968222969398088,0.204374595802611,100.57869833854762,100.30101182201312
Italy,ITA,2007,34345.759886254506,2222524108127.6543,58438310.0,36483036.933,62.43,1.12899005413055,17594.2,999800.0,9255.0,12.0,462978350661.3204,4.10503005981445,1.4622920249067732,-0.1,0.12,2007108163418.5056,55014.83243032918,10.915358108408784,10.444233851494346,0.2083119588976483,27.404516839870066,158.3721363605484,0.48411734894662395,101.32480022696355,100.95126598952034,104.14941272921314,101.3379282383945,109.43517320249477,105.26315789473684,100.95126598952034,104.14941272921314,109.43517320249477,105.26315789473684,0.01710863986313088,0.2083119588976483,100.13569412190819,100.50621062586723
Italy,ITA,2008,33769.897353738445,2417508414187.187,58826731.0,37008484.73941,62.911,1.15971994400024,18376.699999999997,763400.0,8588.0,12.7,458641123173.173,4.38794994354248,-1.02313847687941,-0.6,0.127,1986572667525.9834,53678.843689876885,10.890774230613946,10.427325073805507,0.18971645371806367,20.62770214385628,145.9880543081682,0.49611745848138966,97.57158445925616,98.32333733647708,102.721891991631,76.35527105421085,92.18039085853667,105.83333333333333,98.32333733647708,102.721891991631,92.18039085853667,105.83333333333333,0.012977093695721423,0.18971645371806367,101.44025237639885,100.66466843411455
Italy,ITA,2009,31832.986014147937,2209484319012.655,59095365.0,36781546.129650004,62.241,1.21786999702454,18574.7,758500.0,8814.0,12.8,385830706247.4842,4.52371978759766,-5.305154032510998,-1.9,0.128,1881181927545.9675,51144.7213479024,10.842414566599844,10.368258327190865,0.17462477688907027,20.621754108062493,149.14875303672292,0.4868039091223135,95.27910407941148,94.26438487715426,105.01414615874607,99.35813466072833,102.16503928594238,100.78740157480314,94.26438487715426,105.01414615874607,102.16503928594238,100.78740157480314,0.012835185974399177,0.17462477688907027,99.38679302501048,100.45665294575012
Italy,ITA,2010,32220.48606984949,2144936254535.0042,59277417.0,36751998.54,62.0,1.21797001361847,18914.3,731500.0,8877.0,13.0,368036303744.2073,4.33411979675293,1.5291057572893294,2.1,0.13,1909947188705.1592,51968.52591911208,10.858393543526947,10.380357742583948,0.17158379553987865,19.903679502050828,149.75348875272348,0.4986829824122161,101.61073234832175,101.21729094320379,100.00821241956648,96.4403427818062,100.40545811056943,101.5625,101.21729094320379,100.00821241956648,100.40545811056943,101.5625,0.012340281291271514,0.17158379553987865,99.91966735290067,100.30806476954666
Italy,ITA,2011,32388.81800991359,2306974020278.215,59379449.0,36840197.74858,62.042,1.20155000686646,19148.1,749000.0,8794.0,13.2,402032057839.2102,4.11568021774292,0.6954631292078517,0.7,0.132,1923230167189.9456,52204.66459803615,10.862927129993988,10.385568519060906,0.17426813406018601,20.33105264829557,148.09837659490574,0.5002910192298042,100.4543878717892,100.52243761841201,98.65185459671312,102.39234449760765,98.89477555975293,101.53846153846153,100.52243761841201,98.65185459671312,98.89477555975293,101.53846153846153,0.012613791684055539,0.17426813406018601,100.23998479561325,100.1721262584704
Italy,ITA,2012,31292.131131213722,2097929495121.6802,59539717.0,37786285.996879995,63.464,1.26218998432159,19895.4,759100.0,8439.0,13.9,361841976656.0597,4.05601978302002,-3.1252387954381646,-0.7,0.139,1863124631879.355,49306.90018154186,10.805819313351298,10.351121943362909,0.17247575645294638,20.08929906640411,141.73732132452022,0.5429329952104638,94.44922318952452,96.61399536604209,105.04681262607404,101.34846461949265,95.70484470077281,105.3030303030303,96.61399536604209,105.04681262607404,95.70484470077281,105.3030303030303,0.012749472759502703,0.17247575645294638,102.56808678052349,100.26990482852072
Italy,ITA,2013,30369.12936793262,2153225581941.457,60233948.0,38137726.51568,63.316,1.30106997489929,20356.0,754000.0,8307.0,14.4,377144882247.46674,4.14367008209229,-1.8180250610428317,0.8,0.14400000000000002,1829252559153.3262,47964.38399130175,10.778214014290432,10.321181890125832,0.17515344672220262,19.770449601656235,137.9122617033172,0.5753849984349131,97.27722451564156,97.05037103605764,103.08035961785875,99.32815175866158,97.30130385881556,103.59712230215827,97.05037103605764,103.08035961785875,97.30130385881556,103.59712230215827,0.01251785786978466,0.17515344672220262,100.93007425717633,101.1659964725731
Italy,ITA,2014,30091.34815392049,2173255507985.8354,60789140.0,38839397.3288,63.892,1.33840000629425,21119.477,761400.0,8601.0,15.0,398087374864.43976,4.06127977371216,-0.0013876397649283945,0.1,0.15,1829227175717.4143,47097.20802904979,10.759969000732662,10.31199297267228,0.18317559688754018,19.603805732469755,141.48908834703042,0.5966496222753541,98.19204190674226,99.08531716320638,102.86917937660114,100.9814323607427,102.5935523060363,104.16666666666666,99.08531716320638,102.86917937660114,102.5935523060363,104.16666666666666,0.012525263558589577,0.18317559688754018,101.8398338790109,100.92172606716731
Italy,ITA,2015,30387.129318785395,1845428048839.1006,60730582.0,38852997.14032,63.976,1.33850002288818,21450.0,767500.0,8725.0,15.5,333067785164.9696,4.07362985610962,0.8856676380467832,0.1,0.155,1845428048839.1006,47497.70119855164,10.768436593031652,10.32177442007315,0.1804826719603031,19.753945808302156,143.66732069190445,0.5954717514472048,100.85035437611253,100.98294421157851,100.00747284768825,100.80115576569477,101.53950553383415,103.33333333333334,100.98294421157851,100.00747284768825,101.53950553383415,103.33333333333334,0.012637784370319389,0.1804826719603031,100.03501550604628,99.90367029373996
Italy,ITA,2016,30815.086908228088,1887111188176.9307,60627498.0,39335726.97738,64.881,1.36642003059387,22596.435,779500.0,8848.0,15.7,371033235778.4784,3.81578993797302,1.2362211072750995,-0.4,0.157,1868241619898.4246,47494.77799082642,10.76837504694398,10.33575968371455,0.19661440094418606,19.816590664467732,145.94037840717095,0.6152814456361977,99.99384558062505,101.40835149300571,102.08591761137554,101.56351791530945,101.58216754117737,101.29032258064517,101.40835149300571,102.08591761137554,101.58216754117737,101.29032258064517,0.012857202189013308,0.19661440094418606,101.24245199235618,99.83026014800912
Italy,ITA,2017,31356.224035186984,1970720904584.7092,60536709.0,39579505.71129,65.381,1.37012994289398,23387.249,774500.0,8643.0,16.5,397569066366.75946,4.04493999481201,1.6036999464836157,0.5,0.165,1898202609756.9202,47959.229799463115,10.778106549785292,10.353168060173603,0.20173788456896657,19.56820799252869,142.77287521526816,0.6099196987584552,100.97790078885389,101.75607853572014,100.2715059950122,99.35856318152662,97.82959094222332,105.09554140127389,101.75607853572014,100.2715059950122,97.82959094222332,105.09554140127389,0.012793890067595185,0.20173788456896657,100.61973872772248,99.85025111872504
Italy,ITA,2018,31675.575801495146,2099435266458.665,60421760.0,39625194.42560001,65.581,1.42443001270294,24834.374,807000.0,8921.0,17.2,437787594377.4807,4.25614023208618,0.8266466973636994,-0.2,0.172,1913894038939.7473,48299.92803021476,10.785185349581889,10.36330118344543,0.2085263600987052,20.365830671574816,147.64548401105827,0.6008123453519367,100.71039137237241,101.01846372174722,103.96313284667494,104.19625564880567,103.41283930049272,104.24242424242422,101.01846372174722,103.96313284667494,103.41283930049272,104.24242424242422,0.013356115412725482,0.2085263600987052,100.11543528270231,99.81011686644545
Italy,ITA,2019,32180.43410214957,2019606796583.5261,59729081.0,39236033.3089,65.69,1.461590051651,25793.467,849100.0,9229.0,17.5,425845140733.0443,4.09527015686035,0.4291625343719119,0.4,0.175,1922107755102.454,48988.330190515415,10.799337389351079,10.37911391026737,0.210855470210056,21.640821673158197,154.51434787687424,0.5905694705058568,101.42526539557164,101.59384095751969,102.60876551439316,105.21685254027263,104.65226817591082,101.74418604651163,101.59384095751969,102.60876551439316,104.65226817591082,101.74418604651163,0.014215855757097618,0.210855470210056,99.01789474514581,98.85359347360951
Italy,ITA,2020,29469.79892791816,1907481094079.227,59438851.0,38091982.05186,64.086,1.50680005550385,24551.795,869000.0,10061.0,17.8,403874994226.7461,4.44135999679565,-8.868221210463872,3.3,0.17800000000000002,1751650987476.4873,45984.768791808136,10.736065507419584,10.291121252767105,0.21173210863287917,22.813199870169722,169.26639446647445,0.6303752182527482,93.86882266240461,91.57676007220068,103.09320686753314,102.3436579908138,109.54736358940302,101.71428571428574,91.57676007220068,103.09320686753314,109.54736358940302,101.71428571428574,0.01462006726879697,0.21173210863287917,97.08418216481508,99.51408929261778
Italy,ITA,2021,32267.70909702158,2179207773596.089,59133173.0,38131435.27732,64.484,1.45392000675201,25505.735,899400.0,10281.0,17.8,504609228241.3319,4.21828985214233,8.931062066007797,-1.2,0.17800000000000002,1908092024347.8508,50039.8689551231,10.820575345774923,10.381822290800583,0.23155627212573446,23.586838351583097,173.86180173352105,0.5938341119378627,108.81835501157799,109.49416104245226,96.49057294903285,103.49827387802071,102.71489641020078,100.0,109.49416104245226,96.49057294903285,102.71489641020078,100.0,0.015209736842634844,0.23155627212573446,100.10357356938341,99.48572693641067
Italy,ITA,2022,33840.34321555077,2102995942720.4363,59013667.0,38686999.53852,65.556,1.5007976125115903,26787.389000000003,929900.0,9657.064031620568,18.1,446302345471.51984,4.0540568042492495,4.661762651136954,0.4,0.18100000000000002,1997042745688.2224,51620.51256261939,10.851674402758746,10.429408955972237,0.21222216191923934,24.036498335160733,163.6411448829399,0.560785673995321,103.15876847901791,104.87370861625361,103.22422179637674,103.39114965532576,94.1213902371457,101.68539325842696,104.87370861625361,103.22422179637674,94.1213902371457,101.68539325842696,0.015757366848597968,0.21222216191923934,101.45697180596412,99.79790362340272
Italy,ITA,2023,34088.08812822701,2300941152991.805,58993475.0,39346288.085999995,66.696,1.5238674202431781,27417.680999999997,1005600.0,9744.402519762836,19.2,485132843195.22656,4.03605344945106,0.6976329941967805,-1.7,0.192,2010974774790.3572,51109.643949002966,10.841728485371458,10.43670328049168,0.21084104761411704,25.557684064174982,165.17763226802347,0.5556702337421608,99.010337967883,100.73209929077314,101.53716980485999,108.14066028605227,100.9389370785585,106.07734806629834,100.73209929077314,101.53716980485999,100.9389370785585,106.07734806629834,0.01704595296344214,0.21084104761411704,101.70416045530632,99.96578419707421
Latvia,LVA,1998,5719.989223402193,6974112951.268914,2410019.0,1688338.8104500002,70.055,0.379220008850098,24.262999999999998,19200.0,195.0,14.2,1317871857.5002978,5.80772018432617,6.549999266776723,7.0,0.142,13785282708.194529,8164.9978208581715,9.007611738516369,8.651722200351474,0.1889662336570726,11.372125003086639,80.91222517332851,2.2104968739881627,,,,,,,,,,,0.007966742170912346,0.1889662336570726,,
Latvia,LVA,1999,5929.267609704665,7324192889.742973,2390482.0,1635185.3072799998,68.404,0.351830005645752,24.791999999999998,22400.0,91.0,14.8,1144851405.2366083,5.53938007354736,2.818402743068475,4.6,0.14800000000000002,14173807494.182028,8668.012995884255,9.067394861949571,8.687655978412288,0.15631093042892052,13.698753224037103,38.067636568692,2.174119050607098,106.16062840508162,103.65871994034974,92.77727900291966,116.66666666666667,47.04806534135515,104.22535211267608,103.65871994034974,92.77727900291966,47.04806534135515,104.22535211267608,0.00937049515537034,0.15631093042892052,96.85172769582705,99.18934249066086
Latvia,LVA,2000,6336.383106125991,7761252607.184241,2367550.0,1589857.176,67.152,0.434830009937286,37.536,22800.0,98.0,15.1,1647245870.2363102,5.27427005767822,5.84102986488557,9.3,0.151,15001703822.908588,9435.881442289121,9.15227487604519,8.754063396648334,0.21223969294744113,14.340910834118851,41.39300120377605,2.1221542540266736,108.85864438331443,106.8662020880114,123.59093964688856,101.78571428571428,108.73541132264285,102.02702702702702,106.8662020880114,123.59093964688856,108.73541132264285,102.02702702702702,0.00963020844332749,0.21223969294744113,97.22795140843091,99.04069555846895
Latvia,LVA,2001,6833.435285749397,8190888739.646296,2337170.0,1580651.4427,67.631,0.402630001306534,37.726,21500.0,117.0,14.9,1762925782.9057374,5.44695997238159,6.46057364768329,4.3,0.149,15970899946.794918,10103.998589033723,9.220686524385991,8.829582796212856,0.2152300976049963,13.601986762669595,50.06054330664864,2.077652701309237,107.08060132835368,107.8444148861968,92.59480535039518,94.2982456140351,120.93963194454693,98.67549668874172,107.8444148861968,92.59480535039518,120.93963194454693,98.67549668874172,0.009199159667461074,0.2152300976049963,99.42097105079834,98.71681696268294
Latvia,LVA,2002,7443.229388205753,9249030241.018644,2310173.0,1600557.1595899998,69.283,0.408430010080338,41.532000000000004,21100.0,150.0,15.8,2222516883.0069685,5.60254001617432,7.665489250593026,7.9,0.158,17195147565.43945,10743.226171219136,9.282030711336969,8.915060091205945,0.24029728794163732,13.182909384757615,64.93020219697831,2.0163045720613813,106.32648130888688,108.92368299335527,101.44053069939723,98.13953488372093,129.70335099889897,106.04026845637584,108.92368299335527,101.44053069939723,129.70335099889897,106.04026845637584,0.009133515109041618,0.24029728794163732,101.25933626808943,98.84488505329094
Latvia,LVA,2003,8149.001944746029,11244337719.837658,2287955.0,1572648.7488,68.736,0.35929998755455,37.724,24900.0,91.0,14.9,2970767836.9035387,5.05714988708496,8.429134868054916,8.1,0.149,18644549744.4914,11855.507950340476,9.380547844510364,9.005650737968619,0.2642012282913208,15.833160468286255,39.77350953143746,1.9292322950432812,110.35333112599936,109.48207451000522,87.97100572601799,118.0094786729858,61.25579188984632,94.30379746835442,109.48207451000522,87.97100572601799,61.25579188984632,94.30379746835442,0.01088308117948124,0.2642012282913208,98.25633151413669,99.03825384505835
Latvia,LVA,2004,8957.23390372866,13827070378.561207,2263122.0,1554606.39546,68.693,0.398400008678436,46.693,29700.0,108.0,16.5,3573107901.1936626,4.83406019210815,8.725141580120194,10.5,0.165,20271313106.674213,13039.514803151209,9.475739626441097,9.100216742204639,0.25841395200633,19.1045142273533,47.721687120712005,1.8475011655841076,109.98697700486744,109.91817113878257,110.8822773387794,119.27710843373494,119.98359632556995,110.73825503355705,109.91817113878257,110.8822773387794,119.98359632556995,110.73825503355705,0.013123463958195802,0.25841395200633,98.8527410616155,98.91462026132507
Latvia,LVA,2005,10106.262463400086,16306935905.413815,2238799.0,1548308.6124200001,69.158,0.527069985866547,72.69,26400.0,112.0,16.9,4641959099.760536,5.29892539978027,11.615316569444161,8.2,0.16899999999999998,22625890296.79765,14613.294865959231,9.589687000602643,9.220910556561524,0.2846616388686136,17.050864271004027,50.02682241684046,1.7431529024613983,112.06931459158045,112.827939652141,132.2966803175864,88.88888888888889,104.83037259411559,102.42424242424242,112.827939652141,132.2966803175864,104.83037259411559,102.42424242424242,0.011792036712540964,0.2846616388686136,99.59489533438229,98.9252457445953
Latvia,LVA,2006,11507.46467809724,20434922247.303738,2218357.0,1576275.7499199999,71.056,0.646910011768341,112.324,27700.0,114.0,17.4,5226900668.543629,4.68466997146606,12.825018092317066,7.4,0.174,25527664820.90976,16194.923269107803,9.692453093657052,9.350751206218707,0.25578275294065705,17.573067403597275,51.389384125278305,1.6760717735714579,110.82321555580788,113.86469250894305,122.73702337741106,104.92424242424244,102.72366231275798,102.9585798816568,113.86469250894305,122.73702337741106,102.72366231275798,102.9585798816568,0.012486718774300078,0.25578275294065705,101.8063025210644,99.08692115728121
Latvia,LVA,2007,12810.04078084647,29420499247.70893,2200325.0,1599614.2717499998,72.699,0.551069974899292,125.59700000000001,29100.0,139.0,18.5,8120895989.026125,4.63328981399536,10.414537243643991,8.5,0.185,28186252981.11601,17620.65610372422,9.776827135103625,9.45798457840222,0.2760284902255194,18.191885702647678,63.17248588276731,1.6226483222517825,108.80357881865386,111.31940126853912,85.18495074653917,105.05415162454874,122.92905812757722,106.32183908045978,111.31940126853912,85.18495074653917,122.92905812757722,106.32183908045978,0.013225318986967834,0.2760284902255194,101.48061161450872,99.18714616267805
Latvia,LVA,2008,12506.694495072024,34135200994.00672,2177322.0,1617793.7924400002,74.302,0.577199995517731,141.596,25500.0,206.0,20.7,10011673155.854256,5.36644983291626,-3.388715450601836,-0.2,0.207,27231101071.39921,16832.244751247643,9.731051656261545,9.434019339535292,0.2932946888934989,15.762206604551382,94.61163759884849,1.6558400328337903,95.52564133914433,97.63196471452295,104.74168831702622,87.62886597938144,149.7671593522923,111.89189189189187,97.63196471452295,104.74168831702622,149.7671593522923,111.89189189189187,0.01171163475131377,0.2932946888934989,101.13649402928317,98.95456353038755
Latvia,LVA,2009,10675.425244864698,25691530442.035027,2141669.0,1578410.053,73.7,0.448579996824265,84.88,23100.0,240.0,21.4,8747975060.96984,5.52265977859497,-16.040018915146433,0.5,0.214,22863227308.744133,14484.973195203118,9.580867059680726,9.275699672887924,0.3405003481870001,14.634980280374581,112.0621347182968,1.748351416041432,86.05491073393202,85.357687829275,77.71656276987706,90.58823529411765,118.44434528597642,103.38164251207729,85.357687829275,77.71656276987706,118.44434528597642,103.38164251207729,0.010785980466636067,0.3405003481870001,97.56558965524275,98.36252974984868
Latvia,LVA,2010,10500.866638918209,23468324572.33428,2097555.0,1532620.5118499997,73.067,0.605710029602051,108.649,27000.0,178.0,22.6,5826077023.412595,5.03881978988647,-3.6612590805493994,4.1,0.226,22026145322.796085,14371.558485935117,9.573006427328401,9.25921306977945,0.24825278879433463,17.61688545288277,84.8607068706184,1.784070098610762,99.21701816261861,98.3648557135421,135.02831911591971,116.88311688311688,75.72647717620436,105.60747663551402,98.3648557135421,135.02831911591971,75.72647717620436,105.60747663551402,0.01287212969385785,0.24825278879433463,97.09900852044304,97.94020457876545
Latvia,LVA,2011,11018.515374735578,26575547900.824738,2059709.0,1503319.8078299998,72.987,0.71561998128891,140.733,25800.0,173.0,23.6,7105515939.529463,5.07161998748779,3.036345903397759,0.6,0.23600000000000002,22694935283.981243,15096.545103560333,9.622221195535333,9.307332352645336,0.26737044015220296,17.162016934534762,83.99244747680376,1.7409969536884589,105.04459289042822,104.92958108713488,118.1456383938482,95.55555555555556,98.9768416669703,104.42477876106196,104.92958108713488,118.1456383938482,98.9768416669703,104.42477876106196,0.012526041300008884,0.26737044015220296,98.08819575404016,98.1957088133565
Latvia,LVA,2012,11971.010877667513,27116149948.668335,2034319.0,1515303.1935299998,74.487,0.663070023059845,146.56099999999998,22100.0,193.0,25.2,7795506301.563598,6.58270978927612,7.305240455277541,6.7,0.252,24352854877.6457,16071.275360354848,9.684788818392382,9.390243245919198,0.28748573511802816,14.584539974812946,94.87204317513624,1.6639634901693796,106.45664455084254,108.64449946783137,92.65672289719792,85.65891472868216,112.95306426370908,106.77966101694916,108.64449946783137,92.65672289719792,112.95306426370908,106.77966101694916,0.010863586291038918,0.28748573511802816,100.79712817176923,98.76730159454564
Latvia,LVA,2013,12353.538852708449,29152128167.84381,2012647.0,1490103.4593900002,74.037,0.613210022449493,139.75900000000001,27800.0,225.0,27.0,7669577724.024086,6.99697017669678,2.096091140878812,0.1,0.27,24863312911.2871,16685.628608274845,9.722303065529719,9.42169784778745,0.26308809016845625,18.65642269656928,111.7930764808732,1.6312959471956265,103.82267887361014,103.19545257246871,92.48043209972532,125.7918552036199,117.83563707434897,107.14285714285714,103.19545257246871,92.48043209972532,117.83563707434897,107.14285714285714,0.013812655671858999,0.26308809016845625,98.33698402751365,98.93468035249143
Latvia,LVA,2014,12731.67742058634,30277203767.405777,1993782.0,1485048.5848799997,74.484,0.689079999923706,162.8,29800.0,103.0,26.9,8133708537.936979,5.28122997283936,2.094959595862676,2.9,0.26899999999999996,25384189270.971474,17093.170909975757,9.746434300734792,9.451848451966217,0.26864133822995684,20.066683543830322,51.660612845336146,1.6101843222732235,102.44247496614423,103.0609736399136,112.3725925370801,107.19424460431655,46.21092331614545,99.62962962962962,103.0609736399136,112.3725925370801,46.21092331614545,99.62962962962962,0.014946468570786575,0.26864133822995684,99.66077023188244,99.06267716097258
Latvia,LVA,2015,13321.975314061563,26344565876.89022,1977527.0,1496829.73684,75.692,0.619400024414062,152.2,29500.0,136.0,28.1,7257778086.202109,5.28251981735229,3.7833652895781285,4.3,0.281,26344565876.89022,17600.242184195904,9.775667941397245,9.497170229950958,0.27549431332891017,19.70832037468623,68.77276517589898,1.5882404030816115,102.96651380186115,104.6364502804693,89.88797011706058,98.99328859060402,133.12417601741188,104.46096654275094,104.6364502804693,89.88797011706058,133.12417601741188,104.46096654275094,0.0149176218580075,0.27549431332891017,100.79331761128556,99.18471527980492
Latvia,LVA,2016,13787.336721658841,27117105059.507458,1959537.0,1493970.60417,76.241,0.435140013694763,110.4,27900.0,95.0,29.5,7346239873.359847,4.65749979019165,2.5516858535470135,2.8,0.295,27016796437.549202,18083.887569232884,9.802776631254762,9.53150582100089,0.2709079696095436,18.67506624435914,48.480840116823515,1.5808798613254158,102.74794732922065,103.49318623272093,70.25185607740255,94.57627118644068,70.49424287772182,104.98220640569393,103.49318623272093,70.25185607740255,70.49424287772182,104.98220640569393,0.014238057255361853,0.2709079696095436,99.8089874486302,99.09027790770998
Latvia,LVA,2017,14382.861340035925,29391059767.425934,1942248.0,1496074.78944,77.028,0.511039972305298,137.9,31800.0,90.0,30.0,8216799572.297964,4.36671018600464,3.398949377790089,4.3,0.3,27935083671.962093,18672.25079196646,9.834793785882498,9.573792592012047,0.2795679923527164,21.255621860925245,46.33805775575519,1.5532324626612493,103.2535217910478,104.31935935416416,117.44265207101279,113.97849462365592,95.58014597951501,101.69491525423729,104.31935935416416,117.44265207101279,95.58014597951501,101.69491525423729,0.0163727804070335,0.2795679923527164,100.14084515880879,99.1176997423371
Latvia,LVA,2018,15120.069601629313,33247935477.357624,1927174.0,1493347.86086,77.489,0.638689994812012,186.20000000000002,31900.0,86.0,30.1,8989715482.722385,4.24356985092163,4.30971088766286,2.1,0.301,29139005014.45037,19512.53674925385,9.878812448191747,9.623778253005291,0.2703841713373309,21.361399333728713,44.62492748449284,1.507185246742079,104.50018568542853,105.12560223007439,124.97848102387877,100.31446540880505,96.30297350766804,100.33333333333334,105.12560223007439,124.97848102387877,96.30297350766804,100.33333333333334,0.01655273472971304,0.2703841713373309,99.81772779013134,99.22388901932194
Latvia,LVA,2019,15328.3861531528,33099503950.847004,1913822.0,1484188.09922,77.551,0.636269986629486,195.20000000000002,29800.0,82.0,31.4,8762232682.216394,4.43584012985229,0.6753752568120746,-1.8,0.314,29335802644.399197,19765.555767369602,9.891696094099418,9.637461692557247,0.26472398786484447,20.078317576903554,42.84619990782842,1.498210765757518,101.29669976470603,101.37774862822748,99.62109815369217,93.41692789968651,96.01404937345272,104.31893687707641,101.37774862822748,99.62109815369217,96.01404937345272,104.31893687707641,0.015570936064064475,0.26472398786484447,99.38662907149276,99.30717205607796
Latvia,LVA,2020,14900.729473233396,33379927434.61488,1900449.0,1485904.05963,78.187,0.729910016059875,221.12,35300.0,93.0,33.2,9400086420.911276,4.85059022903442,-3.469229153396185,2.8,0.332,28318076426.676933,19057.809448160686,9.855232241335779,9.609165448670277,0.2816089531447997,23.756580898493496,48.93580411786899,1.511208484336553,96.41929461767367,97.21003453562238,114.71702758233633,118.45637583892616,114.21270549813202,105.73248407643312,97.21003453562238,114.71702758233633,114.21270549813202,105.73248407643312,0.01857455790710511,0.2816089531447997,100.11561610087709,99.30124118125929
Latvia,LVA,2021,16070.872874397126,38185125732.94512,1884490.0,1428481.1098000002,75.802,0.740920007228851,248.858,38700.0,104.0,34.2,9510624040.613852,4.61546993255615,6.94723316214511,6.5,0.342,30285399223.07264,21201.119857519752,9.961809282732906,9.684763774269332,0.24906619679946046,27.091712823152655,55.18734511724657,1.4526001749798798,111.24636288965479,107.85292695411786,101.5084039027727,109.63172804532577,112.77498369970552,103.01204819277108,107.85292695411786,101.5084039027727,112.77498369970552,103.01204819277108,0.020536060154206177,0.24906619679946046,96.13548738508067,99.16025107750852
Latvia,LVA,2022,16406.649057297403,38018905782.39703,1879383.0,1442182.13271,76.737,0.7158525753496363,293.2,46900.0,119.9021739130435,34.5,10095942752.273602,4.792214224303969,1.8126824022840964,-0.4,0.345,30834377325.250767,21380.362872274658,9.970228156945513,9.705441961970637,0.26555058712258045,32.520164365003154,63.798690268584686,1.4422319198085543,100.84544125951598,102.08934626964295,96.61671548417615,121.18863049095607,115.60384021562035,100.87719298245612,102.08934626964295,96.61671548417615,115.60384021562035,100.87719298245612,0.024954998528772476,0.26555058712258045,100.95913224305207,99.72899829662137
Latvia,LVA,2023,16703.90185209819,42247850064.51251,1877445.0,1438855.0735499999,76.639,0.7295090144829466,323.506,46300.0,118.76434782608658,34.0,10949893134.43449,4.760619279474447,1.7067952496992405,1.9,0.34,31360657012.71249,21795.563423450454,9.989461715379905,9.72339761495259,0.2591822570311623,32.178362401549464,63.25849642790419,1.4079370037337142,101.94197148877306,101.81178248990813,101.90771670083609,98.72068230277186,99.15328380816855,98.55072463768117,101.81178248990813,101.90771670083609,99.15328380816855,98.55072463768117,0.02466117516092349,0.2591822570311623,99.76930381506334,99.89688105085553
Lithuania,LTU,1998,6154.172269005695,11289161847.216227,3549331.0,2560061.46368,72.128,0.54381000995636,54.31700000000001,45100.0,134.0,34.3,1377687095.3819594,6.11644983291626,7.462937740556981,5.5,0.34299999999999997,21843194413.72225,8532.292963905411,9.05161341607457,8.72488554850379,0.1220362604440542,17.616764534696095,37.75359356453371,2.1664951964299615,,,,,,,,,,,0.0127066199235856,0.1220362604440542,,
Lithuania,LTU,1999,6129.998605158579,11022095813.552006,3524238.0,2553803.8243199997,72.464,0.502059996128082,51.502,40300.0,86.0,35.2,1088009526.327147,6.0447394847869855,-1.0970025030993469,4.2,0.35200000000000004,21603574024.24686,8459.371005131623,9.043030100561003,8.72094980138677,0.09871167378071653,15.780382038832078,24.402438200825255,2.1984838119956667,99.14534159712667,99.60719877847973,92.32268383003316,89.3569844789357,64.63606744908455,102.62390670553938,99.60719877847973,92.32268383003316,64.63606744908455,102.62390670553938,0.011435096040619278,0.09871167378071653,99.75556683115704,99.29302169901877
Lithuania,LTU,2000,6384.308648733066,11550695727.23349,3499536.0,2488555.04496,71.111,0.585529983043671,73.04899999999999,41800.0,66.0,35.3,1507458217.5226586,5.97302913665771,3.418619189014521,1.0,0.353,22342117951.35272,8977.948065324726,9.102526634665391,8.761598485193577,0.13050800169278723,16.79689588729667,18.859643106971895,2.1719024954064725,106.13020826109323,104.14861503166537,116.6255004500089,103.72208436724566,77.28589640003305,100.28409090909089,104.14861503166537,116.6255004500089,77.28589640003305,100.28409090909089,0.011944440634415535,0.13050800169278723,97.44503556856512,99.2990825250735
Lithuania,LTU,2001,6854.525052204345,12260761329.305136,3470818.0,2431724.50716,70.062,0.667620003223419,91.226,36300.0,68.0,19.2,1774696342.2529132,5.84758996963501,6.484125562506705,11.5,0.192,23790808932.64178,9783.513248557485,9.188453926390844,8.832664304724386,0.14474601491598338,14.92767782416052,19.591923287248136,2.109885299304384,108.97270932479628,107.36518908064684,114.0197808066176,86.84210526315789,103.88278917115636,54.39093484419264,107.36518908064684,114.0197808066176,103.88278917115636,54.39093484419264,0.010458629637163343,0.14474601491598338,97.71632385969934,99.1793769231121
Lithuania,LTU,2002,7374.097777888343,14282292664.600357,3443067.0,2399852.1296699997,69.701,0.657549977302551,99.641,33200.0,85.0,19.0,2253441710.183243,5.80007982254028,6.7198378403410715,4.6,0.19,25389512713.820686,10579.615468771388,9.266684359645117,8.90572883852288,0.15777870984037126,13.834185694001606,24.687291882498947,2.031650923753233,108.1371813988322,107.57999601324542,98.4916530552938,91.46005509641873,126.00749564269299,98.95833333333334,107.57999601324542,98.4916530552938,126.00749564269299,98.95833333333334,0.009642565770576058,0.15777870984037126,98.6893096896398,99.20044784831703
Lithuania,LTU,2003,8218.693249748208,18809197969.543148,3415213.0,2463563.8975500003,72.135,0.664129972457886,110.579,34800.0,64.0,19.8,2894070971.726344,5.11418008804321,10.551897336230851,9.1,0.198,28068588029.55233,11393.488943991415,9.340797325953089,9.014166503362734,0.15386466644737204,14.125876757086914,18.739680365470615,1.9689828136005563,107.6928455256469,111.45354316283185,101.00068365637055,104.81927710843372,75.90820594929389,104.21052631578948,111.45354316283185,101.00068365637055,75.90820594929389,104.21052631578948,0.010189701198724647,0.15386466644737204,102.65482056549715,99.1910119669469
Lithuania,LTU,2004,8851.92600601146,22743164431.197216,3377075.0,2339570.0185000002,69.278,0.751399993896484,136.901,40900.0,70.0,21.6,3446803291.9269557,5.17428016662598,6.502037028999538,2.5,0.21600000000000003,29893618016.75115,12777.398316942548,9.455433132633274,9.088390342122386,0.15155337342585945,17.48184481617813,20.727996861189048,1.8678076593919304,112.14649331521022,107.70478635740118,113.14050337400366,117.52873563218391,110.6101942879563,109.09090909090911,107.70478635740118,113.14050337400366,110.6101942879563,109.09090909090911,0.012111072451751886,0.15155337342585945,94.96689007444414,98.88329073472137
Lithuania,LTU,2005,9692.86837221713,26105207115.31285,3322528.0,2280915.472,68.65,0.74821001291275,156.97500000000002,40200.0,68.0,22.4,4433670670.599978,4.87839984893799,7.731444714920684,6.8,0.22399999999999998,32204826567.005836,14119.254730105069,9.555294728500227,9.179145674726115,0.1698385556190154,17.624502307729532,20.466343699737067,1.777545174563814,110.50179684375378,109.500106142263,99.57546167026274,98.2885085574572,98.73768235684221,103.70370370370368,109.500106142263,99.57546167026274,98.73768235684221,103.70370370370368,0.012099220834256325,0.1698385556190154,97.49293476851759,98.38478565030388
Lithuania,LTU,2006,10577.214234024977,30116192746.894215,3269909.0,2208169.5477,67.53,0.79203999042511,190.512,37200.0,65.0,22.0,4965434639.706785,4.82572984695435,7.395479825997953,8.3,0.22,34586528018.76638,15662.985686398604,9.659055608230233,9.266457365828893,0.16487590850004952,16.846532476977153,19.878229027168643,1.7094692589982774,110.93351586753366,109.123675550394,105.85797794147818,92.53731343283582,97.1264301958538,98.21428571428572,109.123675550394,105.85797794147818,97.1264301958538,98.21428571428572,0.011376463381702671,0.16487590850004952,96.81066987387247,98.41629626597579
Lithuania,LTU,2007,11889.354545844039,39729151614.66885,3231294.0,2194339.44246,67.909,0.801739990711212,232.59400000000002,37700.0,62.0,23.7,6779660543.930548,4.59521007537842,11.077931809209815,7.2,0.237,38418000007.85857,17507.774442038666,9.77040031509087,9.383398702748243,0.17064700020997559,17.180568908580433,19.18735961506443,1.6290751422645382,111.77801469385263,112.40534873159838,101.22468567286556,101.34408602150538,96.5244921408242,107.72727272727272,112.40534873159838,101.22468567286556,96.5244921408242,107.72727272727272,0.011667152540127887,0.17064700020997559,99.37368463149014,98.81908028633212
Lithuania,LTU,2008,12324.519509712818,47831254207.522316,3198231.0,2189604.88953,68.463,0.78931999206543,257.791,26900.0,87.0,25.3,7159799959.051595,4.83990001678467,2.5994594929602926,2.2,0.253,39416660356.06834,18001.72284257602,9.798222745774504,9.419346013137798,0.1496887354863797,12.285321488195116,27.202537902984496,1.5886689433208314,102.82130891149312,103.66012269371589,98.45086951010583,71.35278514588859,141.77322179142965,106.75105485232068,103.66012269371589,98.45086951010583,141.77322179142965,106.75105485232068,0.008410899650463021,0.1496887354863797,99.78423789690932,98.97678762749537
Lithuania,LTU,2009,10612.920324668848,37494380038.92132,3162916.0,2202812.8482,69.645,0.830839991569519,223.471,26400.0,91.0,25.5,5534456470.897888,5.58523988723755,-14.83861088588543,-4.3,0.255,33567775501.620296,15238.596201692655,9.631586712248172,9.269827436400075,0.14760762720047124,11.984676783401014,28.77091898741541,1.6976317634739857,84.65076556812512,86.11224410253821,105.26022398032042,98.14126394052045,105.76556897016157,100.7905138339921,86.11224410253821,105.26022398032042,105.76556897016157,100.7905138339921,0.008346728145799636,0.14760762720047124,100.60321196454925,98.89579583213344
Lithuania,LTU,2010,10884.116045679699,36638128534.06432,3097282.0,2176243.25166,70.263,0.78329998254776,219.59,24000.0,108.0,26.9,7107431303.032775,5.29786014556885,0.427199033691366,4.4,0.26899999999999996,33711176714.19491,15490.53704749256,9.647984603403355,9.295059761889636,0.19399002043525876,11.028178941712156,34.86928216416845,1.7090919225358085,101.65330744686258,102.55533550346627,94.27807887148614,90.9090909090909,121.19627523688246,105.49019607843135,102.55533550346627,94.27807887148614,121.19627523688246,105.49019607843135,0.0077487293698152125,0.19399002043525876,98.79383323182853,97.92488956393403
Lithuania,LTU,2011,11836.719970084778,43186501862.790695,3028115.0,2161801.57965,71.391,0.9026899933815,282.698,27900.0,93.0,27.9,8415954846.121777,5.11343002319336,6.323637398040518,7.2,0.27899999999999997,35842949292.213264,16580.129106028457,9.715960215512313,9.378961840504571,0.19487465951422492,12.90590230973791,30.712175726483306,1.6472579337114794,107.03392048445646,108.75223968953549,115.24192691099167,116.25,88.07802690599415,103.71747211895912,108.75223968953549,115.24192691099167,88.07802690599415,103.71747211895912,0.009213652717944993,0.19487465951422492,99.33639440356752,97.76684848199163
Lithuania,LTU,2012,12522.34086143354,42709372066.862656,2987773.0,2145997.83498,71.826,0.893040001392365,298.367,30700.0,109.0,28.6,8198980997.433961,4.75802993774414,4.382905596208559,2.6,0.28600000000000003,37413911922.587875,17434.272911527223,9.766193255431288,9.435269596940485,0.19197147138099427,14.305699427831025,36.482021893898896,1.582559053130474,105.15161130553685,105.79232163201924,98.93097386036307,110.03584229390681,118.7868362658534,102.50896057347671,105.79232163201924,98.93097386036307,118.7868362658534,102.50896057347671,0.01027521167103391,0.19197147138099427,99.26895489304994,98.66775205036797
Lithuania,LTU,2013,13161.634266963523,46303660422.043365,2957689.0,2142165.4120300002,72.427,0.94871997833252,332.426,28500.0,117.0,29.8,10462965260.231693,4.60233020782471,4.046914350913113,3.6,0.298,38928020893.421074,18172.27590120193,9.807652409528837,9.485061381588782,0.22596410661414326,13.30429472903882,39.55791159922494,1.5459466031965086,104.23305860485155,105.10522283815868,106.23488050404717,92.83387622149837,108.43124790142302,104.19580419580419,105.10522283815868,106.23488050404717,108.43124790142302,104.19580419580419,0.009635901543400946,0.22596410661414326,99.82141533940386,98.9930961957284
Lithuania,LTU,2014,13776.10529812125,48306546656.92814,2932367.0,2162180.80745,73.735,1.03011000156403,376.827,27100.0,123.0,31.4,11763143897.581873,4.48657989501953,3.7725413149966727,2.2,0.314,40396596564.735916,18683.264797072283,9.835383471515332,9.530690870230144,0.24351034614673286,12.533641916820446,41.94563640908522,1.521235151492684,102.81191469163504,104.66865298559532,108.57893004156634,95.08771929824562,106.03602342320583,105.36912751677853,104.66865298559532,108.57893004156634,106.03602342320583,105.36912751677853,0.009241680867367557,0.24351034614673286,100.93435340275767,99.14385860041403
Lithuania,LTU,2015,14300.255366673628,41540954817.20389,2904910.0,2153816.4704,74.144,1.04340994358063,389.67,30600.0,101.0,33.2,8203494496.894068,4.2271900177002,2.8328085774110434,0.6500000000000001,0.332,41540954817.20389,19287.13768703284,9.86719371163602,9.568032673897894,0.1974796807871313,14.207338657001293,34.76871916858009,1.4967146328428367,103.23215934966132,103.80477687422918,101.29111861805113,112.91512915129152,82.8899550587087,105.73248407643312,103.80477687422918,101.29111861805113,82.8899550587087,105.73248407643312,0.010533889173847039,0.1974796807871313,99.61315274739374,99.06365744806158
Lithuania,LTU,2016,14870.104946151363,42970749245.03357,2868231.0,2164539.2064599996,75.466,0.842410027980804,327.612,33300.0,95.0,34.1,8334981703.696554,4.004310131073,2.67192019895775,-0.9,0.341,42650895979.80467,19704.376734093985,9.888596059293498,9.607108097005044,0.1939687310586023,15.384336721930095,33.121460579709236,1.49506043328668,102.16330206084268,103.98489093282737,80.73624687626972,108.8235294117647,95.26223965604274,102.71084337349399,103.98489093282737,80.73624687626972,95.26223965604274,102.71084337349399,0.011609943550571763,0.1939687310586023,100.49784817821586,98.73734470258975
Lithuania,LTU,2017,15775.000594449986,47756764508.44596,2828403.0,2148681.19104,75.968,0.896260023117065,378.90599999999995,33400.0,81.0,34.8,10240195020.70527,3.81220006942749,4.612243146007785,7.7,0.348,44618059006.344124,20765.323023444063,9.941039712093344,9.666181725092455,0.21442396959061694,15.544418659817003,28.63806890319378,1.446986536450403,105.38431792929714,106.08533464676606,106.39237346988088,100.30030030030031,86.46378632450147,102.05278592375365,106.08533464676606,106.39237346988088,86.46378632450147,102.05278592375365,0.01180878396748978,0.21442396959061694,99.26737222533684,98.6114089137172
Lithuania,LTU,2018,16709.556177944698,54261795148.53722,2801543.0,2166685.34077,77.339,0.936619997024536,426.306,40100.0,81.0,36.1,11808397219.56915,3.89289999008179,4.9183697945524045,3.1,0.361,46812540143.42773,21605.601543780886,9.980707890782451,9.723736060970085,0.2176189930179168,18.507532794655454,28.912638499569702,1.4052898041513746,104.04654682900019,105.92428239795764,104.50315453846805,120.05988023952096,100.95875737049191,103.73563218390804,105.92428239795764,104.50315453846805,100.95875737049191,103.73563218390804,0.01431354078805858,0.2176189930179168,100.83791629047052,99.05034749291384
Lithuania,LTU,2019,17537.48195566315,55122066225.79599,2794137.0,2180041.5701400004,78.022,0.993529975414276,485.998,44100.0,90.0,37.9,12345378736.879406,3.9640998840332,4.677351557968066,4.0,0.379,49002127219.150764,22477.61138610026,10.020275043295443,9.77209569551001,0.22396436821343288,20.228972054495244,32.210303217057714,1.3696318165614922,104.03603593518265,104.95480411868299,106.07610114780084,109.97506234413964,111.40561667361175,104.98614958448753,104.95480411868299,106.07610114780084,111.40561667361175,104.98614958448753,0.01578304857635828,0.22396436821343288,100.61643604258907,99.73564567811381
Lithuania,LTU,2020,17540.294859502123,57412038533.27175,2794885.0,2194907.03705,78.533,1.13361001014709,564.868,44700.0,95.0,38.7,13073139536.74671,4.50859022140503,0.04281401734867529,6.1,0.387,49023106998.39959,22334.935453251655,10.0139073438448,9.772256076474848,0.22770728702083082,20.365327207697014,33.99066508997687,1.3525333818275325,99.36525313834355,100.01603938265531,114.09922581091772,101.36054421768708,105.52730553612524,102.11081794195252,100.01603938265531,114.09922581091772,105.52730553612524,102.11081794195252,0.015993502416020693,0.22770728702083082,100.68188914897824,100.02677034089595
Lithuania,LTU,2021,18619.702682721803,67037321008.96792,2800839.0,2189807.9637599997,78.184,1.11074995994568,623.723,58700.0,81.0,39.8,15068837107.971241,4.25490999221802,6.380016762043212,3.5,0.39799999999999996,52150789442.17185,23815.234169039453,10.078080746024723,9.831975583073167,0.22478280577404647,26.80600352699852,28.919905785373597,1.336328711688063,106.62772775361786,106.15387501673001,97.98342904554593,131.3199105145414,85.08190619047777,102.8423772609819,106.15387501673001,97.98342904554593,85.08190619047777,102.8423772609819,0.02095800579754852,0.22478280577404647,99.76768613868707,100.2130320209955
Lithuania,LTU,2022,18884.51485750514,71033884499.78238,2831639.0,2217258.2861699997,78.303,1.1102927435135541,710.2330000000001,65800.0,96.26811594202877,41.3,15817631216.74385,3.7914004464080335,2.537525008871725,-2.6,0.413,53474128766.590996,24117.23032004539,10.090681815062231,9.846097545513173,0.22267726632340246,29.676290042717667,33.99731249005568,1.3217782616918363,101.2680797042027,101.42221484035332,99.95883714169584,112.0954003407155,117.55678853991982,103.76884422110552,101.42221484035332,99.95883714169584,117.55678853991982,103.76884422110552,0.02323742539214921,0.22267726632340246,101.25354930040835,101.09967049159198
Lithuania,LTU,2023,18685.551945873038,79789877416.16808,2871585.0,2244861.57375,78.175,1.132953830300906,772.0840000000001,70900.0,96.90289855072456,41.0,17783960212.36902,3.702321619814711,0.3422625522291298,-2.0,0.41,53657150684.48983,23902.209076908268,10.081726163644374,9.835505881000188,0.22288491708805908,31.58323917566233,33.745439731271944,1.315672555469245,99.1084330983131,98.94642296541164,102.0410010710905,107.75075987841944,99.2591392073788,99.27360774818402,98.94642296541164,102.0410010710905,99.2591392073788,99.27360774818402,0.02469019722557403,0.22288491708805908,101.24492882728973,101.4107024235787
Luxembourg,LUX,1998,82170.23992125779,20150053345.187817,424700.0,263216.31899999996,61.977,1.7959541192159492,432.4263153529113,4800.0,44.0,12.206324110672085,7896525943.13562,4.7847191493165155,6.674512189699627,2.3,0.12206324110672086,34897700894.55818,132581.82861587006,11.794955308247182,11.316548470736691,0.3918861060991408,18.235951396311414,103.6025429715093,-0.5768466957426508,,,,,,,,,,,0.011302095596891923,0.3918861060991408,,
Luxembourg,LUX,1999,87695.33957586001,21899317598.841362,430475.0,271470.44925,63.063,1.7646004507225967,439.25898358742813,7100.0,24.0,16.7,7281762788.094944,4.744230734837515,8.175181562763157,3.5,0.16699999999999998,37750651303.918335,139059.8918158984,11.84265999568563,11.381624036422155,0.33251094492917915,26.15385954388551,55.75236657181021,-0.6011460831289597,104.88608677950675,106.72396680342764,98.25420548565906,147.91666666666669,53.81370473419954,136.8143254970516,106.72396680342764,98.25420548565906,53.81370473419954,136.8143254970516,0.016493408444160522,0.33251094492917915,103.13587329287135,101.35978337650107
Luxembourg,LUX,2000,92527.71180696423,21230182989.303574,436300.0,280392.558,64.266,1.58314001560211,363.9,5300.0,85.0,16.7,6737867019.622841,4.24965620040894,6.938130249393339,1.2,0.16699999999999998,40369840661.378494,143976.1488298077,11.877402931713121,11.435263465735577,0.3173720651874545,18.902070860240165,194.82007792803117,-0.6029738016412569,103.53535224981907,105.51040939515836,89.71662763396783,74.64788732394366,349.43822102528844,100.0,105.51040939515836,89.71662763396783,349.43822102528844,100.0,0.012147604859041943,0.3173720651874545,103.28658562088411,101.3531563970033
Luxembourg,LUX,2001,94243.70732339172,21387533703.232704,441525.0,282840.915,64.06,1.7304848788077294,419.2089595238094,6100.0,51.0,16.0,6514890007.253617,3.53973007202148,3.0743549992987624,-1.8,0.16,41610952875.960526,147117.8696899652,11.898989379088844,11.453639337281764,0.30461156006355694,21.56689388450041,115.50874808900967,-0.6006501533936159,102.1821120273687,101.85457468137488,109.30712771792204,115.09433962264151,59.289960930864616,95.80838323353295,101.85457468137488,109.30712771792204,59.289960930864616,95.80838323353295,0.013815752222410962,0.30461156006355694,100.87318900953139,101.1975704790282
Luxembourg,LUX,2002,96269.57938512157,23649833332.16553,446175.0,291383.50725,65.307,1.6969868279339835,472.91791904761885,4900.0,41.0,16.2,6476681998.851484,4.62219953536987,3.2254168997207984,0.8,0.162,42953079582.15662,147410.81260067306,11.900978611546808,11.474907653645625,0.2738574055844493,16.81632583204484,91.89219476662745,-0.6026433281484582,100.1991212293416,102.14960989891686,98.06423903011361,80.32786885245902,79.55431626340234,101.25,102.14960989891686,98.06423903011361,79.55431626340234,101.25,0.010982237911133523,0.2738574055844493,103.02028164843125,101.05316799728215
Luxembourg,LUX,2003,97597.99691765533,29667268248.130527,451630.0,291111.6654,64.458,1.62349998950958,425.79999999999995,6200.0,16.0,12.6,7086261487.188415,4.88090658187866,2.6193785793916504,0.7,0.126,44078183347.92068,151413.31862244458,11.927768585881529,11.488612248805897,0.2388579031921806,21.297669371926172,35.427230254854635,-0.6179884463278835,102.71520518146392,101.37989335885584,95.66956930868633,126.53061224489797,38.55303526575553,77.77777777777777,101.37989335885584,95.66956930868633,38.55303526575553,77.77777777777777,0.013728051723756173,0.2388579031921806,99.90670650766559,101.22261444500475
Luxembourg,LUX,2004,100292.56847916194,35064843792.89932,458095.0,300734.78655,65.649,1.58818995952606,447.7,7400.0,23.0,20.8,11623254278.208378,4.9162769317627,4.2318913073558235,1.9,0.20800000000000002,45943524157.46169,152770.900515106,11.936694695923178,11.515846878275418,0.3314788551991811,24.60639849779959,50.207926303496,-0.6134539038979732,100.89660665588252,102.7608881807073,97.82506743383557,119.35483870967742,141.72128597779937,165.0793650793651,102.7608881807073,97.82506743383557,141.72128597779937,165.0793650793651,0.016153854549820452,0.3314788551991811,103.30564600933371,101.43148152248523
Luxembourg,LUX,2005,101222.0456644007,37672280120.47936,465158.0,309557.99742,66.549,1.55873000621796,472.0,7400.0,24.0,23.0,13593018589.348515,4.86388111114502,2.4828747481147246,1.0,0.23,47084244317.1613,152101.52769297914,11.932303522200751,11.525071854644867,0.3608228263826031,23.905051918138223,51.59537189514101,-0.59946361913671,99.56184533843167,100.92676576074714,98.14506110359171,100.0,102.7633995143679,110.57692307692307,100.92676576074714,98.14506110359171,102.7633995143679,110.57692307692307,0.01590857300100181,0.3608228263826031,102.93388436077481,101.54181992818083
Luxembourg,LUX,2006,105614.17986395175,42910146296.064644,472637.0,314346.14233,66.509,1.64885997772217,563.52,6900.0,26.0,20.5,12403001530.180935,4.43285608291626,6.016715044027407,2.1,0.205,49917169128.35857,158796.82428536253,11.975380829392199,11.567547920254373,0.28904589242377937,21.950325042501692,55.010504890645464,-0.6068559621636886,104.4018601876886,104.3391083145198,105.78226961338208,93.24324324324324,106.61906847467858,89.13043478260869,104.3391083145198,105.78226961338208,106.61906847467858,89.13043478260869,0.01459894168251745,0.28904589242377937,101.54676827925837,101.60784077668232
Luxembourg,LUX,2007,112417.87845800121,51587401415.787224,479993.0,319113.74619000003,66.483,1.57165002822876,591.6,7500.0,15.0,22.7,19012255804.4446,4.28102445602417,8.098667606605403,2.7,0.22699999999999998,53959794734.691376,169092.66798730684,12.038202174912383,11.62997826480711,0.3685445531789532,23.502591441280334,31.250455735812817,-0.6387267175569757,106.48365844107963,106.44203136625568,95.31737378936978,108.69565217391303,56.80816018310524,110.73170731707316,106.44203136625568,95.31737378936978,56.80816018310524,110.73170731707316,0.01562522786790641,0.3685445531789532,101.51667325218676,101.55637413067534
Luxembourg,LUX,2008,110094.79233874493,58844277701.525764,488650.0,324668.833,66.442,1.54663002490997,618.8,7200.0,48.0,23.7,17582194892.938377,4.33647680282593,-0.3001761944426704,-4.8,0.237,53797820276.327705,165700.59952852852,12.017937821564587,11.609097022216506,0.29879192301620333,22.176443403792938,98.22981684232069,-0.6310461324692511,97.99395887524057,97.93352609823162,98.40804232052938,96.0,314.33082983730685,104.40528634361235,97.93352609823162,98.40804232052938,314.33082983730685,104.40528634361235,0.014734472526348102,0.29879192301620333,101.74078580955033,101.80356796869954
Luxembourg,LUX,2009,104574.34988768162,54467289897.55817,497783.0,341344.7365899999,68.573,1.58838999271393,620.28,7700.0,60.0,30.2,6429637731.400507,4.87690353393555,-3.238954026831877,-0.2,0.302,52055333610.13982,152500.76544366096,11.934924894319701,11.557653579582317,0.11804585363974122,22.55784013816131,120.53444975019235,-0.6057064185975438,92.03392496923648,94.98573698737925,102.70006188496119,106.94444444444444,122.7065809800656,127.42616033755274,94.98573698737925,102.70006188496119,122.7065809800656,127.42616033755274,0.015468587717941351,0.11804585363974122,105.1362810023714,101.86902691087691
Luxembourg,LUX,2010,106544.05724172312,56213985987.41678,506953.0,345148.81098999997,68.083,1.4237300157547,603.719,9100.0,79.0,30.3,10082213874.939339,5.02103185653687,3.7604135925509468,1.7,0.303,54012829450.86326,156491.42552725808,11.960756498498167,11.576313861609261,0.1793541891371338,26.36543922575951,155.83298648987184,-0.6036799725590036,102.61681314974868,101.88354730979161,89.63352969267382,118.18181818181819,129.2850191898131,100.33112582781456,101.88354730979161,89.63352969267382,129.2850191898131,100.33112582781456,0.017950381988073846,0.1793541891371338,101.11443769076457,101.8421681736821
Luxembourg,LUX,2011,105290.24904882653,61696281326.245255,518347.0,350926.1024699999,67.701,1.42453002929688,631.424,8400.0,85.0,31.7,11478587744.177513,4.99604034423828,1.0442986945573125,-1.8,0.317,54576884723.71209,155522.44287207953,11.954545327338902,11.564476092208693,0.18604991253005368,23.936663419667113,163.98281460102982,-0.5913271781151099,99.38080782898244,98.82320213313072,100.05619137991945,92.3076923076923,105.22984786131121,104.62046204620464,98.82320213313072,100.05619137991945,105.22984786131121,104.62046204620464,0.01620536050174883,0.18604991253005368,101.67385524621359,102.24754563046278
Luxembourg,LUX,2012,104487.74423870388,59776383527.36017,530946.0,367887.17394,69.289,1.20664000511169,561.404,10000.0,109.0,33.4,15211716103.91303,3.87815999984741,1.6499020297865172,-0.4,0.33399999999999996,55477349852.56287,150799.90220482886,11.92370908604669,11.556825063496762,0.25447702263470817,27.182246917993762,205.2939470303948,-0.5749567774849282,96.96343461429868,99.23781659045132,84.70442744596009,119.04761904761905,125.19235477807536,105.36277602523658,99.23781659045132,84.70442744596009,125.19235477807536,105.36277602523658,0.0188343070670087,0.25447702263470817,104.83323165493226,102.43061115430396
Luxembourg,LUX,2013,105338.95605928342,65203276466.976265,543360.0,378325.2672,69.627,1.23380994796753,605.731,9400.0,113.0,35.2,14600102019.57766,4.686607837677,3.1717904991600534,1.8,0.35200000000000004,57236975164.37224,151290.3845624304,11.926956345624939,11.564938582785913,0.2239166926982914,24.846344706420922,207.9652532391048,-0.5733573328995938,100.32525376371619,100.81465230853767,102.25170247470166,94.0,101.30121040944013,105.38922155688626,100.81465230853767,102.25170247470166,101.30121040944013,105.38922155688626,0.017299764428739695,0.2239166926982914,102.83730828346367,102.33809087929846
Luxembourg,LUX,2014,105583.93701412271,68804811897.64447,556319.0,390669.45456,70.224,1.21700000762939,630.3,10500.0,128.0,39.6,16599490427.916641,3.85569000244141,2.623086015771918,-0.2,0.396,58738350255.759735,150353.0659235058,11.920741580117681,11.567261527075468,0.24125478974654277,26.87694130534432,230.0838188161828,-0.5641229571096655,99.38045062041745,100.2325644414982,98.63755837227353,111.70212765957446,110.63570247076204,112.5,100.2325644414982,98.63755837227353,110.63570247076204,112.5,0.018874063262264994,0.24125478974654277,103.26285036454472,102.38497497055359
Luxembourg,LUX,2015,105462.01258442263,60071584216.13747,569604.0,406178.91636,71.309,1.2522599697113,678.1,10100.0,128.0,35.2,10697263494.394619,3.76792001724243,2.269784484195654,-0.8,0.35200000000000004,60071584216.13747,147894.3928317921,11.904253736092402,11.566106096767554,0.17807526859797607,24.865889373362453,224.71752305110218,-0.5403453916135454,98.3647336510154,99.8845236944671,102.89728528026825,96.19047619047619,97.6676778955204,88.8888888888889,99.8845236944671,102.89728528026825,97.6676778955204,88.8888888888889,0.01773161705325103,0.17807526859797607,103.96997042358171,102.38801838513514
Luxembourg,LUX,2016,108351.45215893305,62216885435.94879,582014.0,411047.3875,70.625,1.26689994335175,712.1,9300.0,143.0,36.4,12173525349.302534,4.46611595153809,4.978190436816291,2.0,0.364,63062062076.82926,153417.98535778132,11.940921405878257,11.59313540935677,0.19566272506255505,22.625128592989782,245.698557079383,-0.5572649132980789,103.73482213911348,102.73979180152419,101.16908421530277,92.07920792079209,109.3366257083163,103.40909090909089,102.73979180152419,101.16908421530277,109.3366257083163,103.40909090909089,0.01597899706879903,0.19566272506255505,101.19860262163019,102.17870661020638
Luxembourg,LUX,2017,107142.12755644266,65712180342.98364,596336.0,418073.27952,70.107,1.23898005485535,720.6999999999999,10400.0,156.0,34.1,14237686587.786774,3.48645997047424,1.3171876629367745,-1.5,0.341,63892707778.498795,152826.57588606369,11.937059066547105,11.581911526960793,0.21666738972095284,24.876021763315013,261.5974886641088,-0.5490328180033579,99.6145109907822,98.88388703760378,97.79620414043634,111.8279569892473,106.4709096275193,93.68131868131869,98.88388703760378,97.79620414043634,106.4709096275193,93.68131868131869,0.017439832577607256,0.21666738972095284,101.70926570358021,102.46076554859505
Luxembourg,LUX,2018,106376.78356576333,71000359760.46112,607950.0,431680.977,71.006,1.17180001735687,704.5,11900.0,152.0,38.3,14506388896.858418,3.66211009025574,1.219321918563594,-1.7,0.38299999999999995,64671765568.80582,149813.79540568872,11.917148437985839,11.574742632510798,0.20431430130494602,27.56665369574532,250.0205609013899,-0.531150743052013,98.0286278987098,99.2856740778494,94.57779507949195,114.42307692307692,95.57452641390465,112.31671554252196,99.2856740778494,94.57779507949195,95.57452641390465,112.31671554252196,0.01957397812320092,0.20431430130494602,103.25485941020276,101.94755976496472
Luxembourg,LUX,2019,107350.62668727605,69890505323.5842,620001.0,445879.91916,71.916,1.18287003040314,737.8,12500.0,117.0,41.0,12583187279.438536,3.73606991767883,2.915847915000498,-0.2,0.41,66557495896.73784,149272.2435720508,11.91352705580877,11.583855641084726,0.18004144083920942,28.034453813369623,188.7093730493983,-0.5236201959518336,99.63851671191466,100.91546584590112,100.94470156018942,105.0420168067227,75.47754167459323,107.04960835509138,100.91546584590112,100.94470156018942,75.47754167459323,107.04960835509138,0.020161257804422895,0.18004144083920942,103.28922118798856,101.9822353811991
Luxembourg,LUX,2020,104616.0346780102,73699366700.21344,630419.0,454607.74927999993,72.112,1.09150004386902,707.0840000000001,12400.0,129.0,40.9,15813478866.55955,3.85349988937378,-0.9098297988867188,3.2,0.409,65951935965.67651,145074.37691093053,11.885001834105113,11.558052114065314,0.21456736434227394,27.276261831521595,204.62581235654383,-0.518561108432781,97.18777814236172,97.45265389345886,92.27556838996253,99.2,108.43436605715347,99.7560975609756,97.45265389345886,92.27556838996253,108.43436605715347,99.7560975609756,0.019669457931946847,0.21456736434227394,101.9574396031206,101.68031987045183
Luxembourg,LUX,2021,110425.88843286013,85584105993.87459,640064.0,469294.9248,73.32,1.04215002059937,753.423,15300.0,112.0,44.5,17063634345.44473,3.71989011764526,7.168401986977486,0.9000000000000001,0.445,70679635853.89018,150608.14025212784,11.92243664502613,11.612099882009542,0.19937854286479323,32.6020998554809,174.98250174982502,-0.5080271873133437,103.81443192038991,105.55350216888992,95.4786970878425,123.38709677419355,85.5134060237387,108.80195599022007,105.55350216888992,95.4786970878425,85.5134060237387,108.80195599022007,0.023903859614038597,0.19937854286479323,103.23073584716964,101.52993485285184
Luxembourg,LUX,2022,109714.92431612939,81641807865.75908,653103.0,477646.87905,73.135,1.0434660753755125,817.419,18600.0,148.90217391304395,46.0,14906389669.408247,4.70302200317383,1.3801858908320668,-1.4,0.46,71655146215.63705,150016.98819461188,11.918503821296317,11.605640683647277,0.18258279745493056,38.9409013558172,227.9918694494497,-0.5060437445422501,99.60748996931619,99.3561617417613,100.12628266085777,121.56862745098039,130.2940963636541,103.37078651685394,99.3561617417613,100.12628266085777,130.2940963636541,103.37078651685394,0.02847942820657691,0.18258279745493056,101.7796813493262,102.0371400359964
Luxembourg,LUX,2023,106342.75746385641,85755006123.5976,666430.0,493204.85010000004,74.007,1.01211240688216,820.635,18900.0,154.45434782608572,45.7,11574552920.295185,3.7725087873414793,-1.0957236157699413,-2.8,0.457,70870003856.63783,143692.83643960222,11.875433220021478,11.574422717358363,0.1349723292376999,38.32079103879031,231.7637978873786,-0.4780345009078584,95.78437626890259,96.92642831110514,96.99523834715286,101.61290322580645,101.65441357493901,99.34782608695653,96.92642831110514,96.99523834715286,101.65441357493901,99.34782608695653,0.02836006782407755,0.1349723292376999,103.257211913735,102.04056634252177
Malta,MLT,1998,13877.179934765685,4010090978.7438517,385287.0,225654.89015999998,58.568,0.371724776385868,11.501628458498017,6664.884057970994,8.0,2.685996612083727,790146497.3456792,4.18472003936768,5.1256012305359775,2.045059288537549,0.02685996612083727,5346697025.526067,23694.133203738707,10.072982752333067,9.538001038689318,0.19703954387418662,29.535739523505455,20.763742353103012,1.145125860171465,,,,,,,,,,,0.017298491924126674,0.19703954387418662,,
Malta,MLT,1999,14446.278638545295,4111890472.7606153,387578.0,227279.61497999998,58.641,0.3865078664475803,11.546055335968374,7024.275362318804,11.0,3.755844155844443,878030048.2014247,4.66559743881226,4.719974882422122,2.047430830039525,0.03755844155844443,5599059782.170108,24635.116451877177,10.1119282020575,9.578192126708403,0.21353439592274412,30.905874963475814,28.381383876277805,1.1295857104991693,103.97137654307605,104.10096796650939,103.9768912380397,105.39231142240185,136.68722811924306,139.83056192058098,104.10096796650939,103.9768912380397,136.68722811924306,139.83056192058098,0.01812351413733185,0.21353439592274412,100.7200042590914,100.594621671637
Malta,MLT,2000,17178.285512947987,4036810072.087391,390087.0,226956.51746999996,58.181,0.4012909565092926,11.590482213438731,10200.0,23.0,4.9,654836234.9120522,5.14647483825684,19.681270098747333,2.049802371541502,0.049,6701025860.889341,29525.59342903695,10.293012740068892,9.75140139503727,0.16221626066579928,44.942529581016665,58.96120608992353,0.9814163900029715,119.85164952117418,118.91149231410505,103.8247837482804,145.2107082065309,207.74605758109442,130.46334716458202,118.91149231410505,103.8247837482804,207.74605758109442,130.46334716458202,0.026148013135531306,0.16221626066579928,99.8578414038459,100.64735356495981
Malta,MLT,2001,16920.730921079245,4070867701.80867,393028.0,231631.0518,58.935,0.4160740465710049,11.634909090909089,9000.0,26.0,8.5,736219101.6633226,5.64622497558594,-0.75667262732631,-0.6,0.085,6650321032.449933,28710.835532500627,10.265029875182083,9.736294830872525,0.18085065779372378,38.854894151976566,66.1530476200169,1.0333093505131448,97.24050289287311,98.50069675652665,103.68388318299169,88.23529411764706,112.1975821171719,173.46938775510205,98.50069675652665,103.68388318299169,112.1975821171719,173.46938775510205,0.022899131868467388,0.18085065779372378,102.05966075885789,100.75393437874116
Malta,MLT,2002,17255.427373268587,4455128822.748217,395969.0,233114.86967999997,58.872,0.238309994339943,11.860999999999999,10000.0,22.0,8.2,940529637.8095512,4.14305019378662,2.741120138807787,2.2,0.08199999999999999,6832614321.565789,29310.075032729634,10.285686593671967,9.755882003308173,0.21111165922007405,42.897306438354356,55.55990494205354,1.0126486897263831,102.08715451541168,101.97802597151633,57.27586142513081,111.11111111111111,83.98691661371313,96.4705882352941,101.97802597151633,57.27586142513081,83.98691661371313,96.4705882352941,0.025254502246387974,0.21111165922007405,100.64059540742456,100.7482927425018
Malta,MLT,2003,17775.58682759714,5418313424.453655,398582.0,234003.50638,58.709,0.235660001635551,11.452,7800.0,14.478571428571286,8.5,1031533576.2511501,5.84895467758179,3.694261310123096,3.5,0.085,7085028948.917323,30277.447797777408,10.318158417267798,9.785581268337294,0.19037908947749047,33.33283385648728,36.32520141042818,0.9916217222858474,103.30047863735436,103.01446868325246,98.88800605625804,78.0,65.38024398766288,103.65853658536588,103.01446868325246,98.88800605625804,65.38024398766288,103.65853658536588,0.019569373428805114,0.19037908947749047,100.38120120832271,100.65990014369812
Malta,MLT,2004,17728.49151913523,6104139672.819405,401268.0,229328.67468000003,57.151,0.488229990005493,24.048,9700.0,13.871428571428623,10.2,1065837226.2868502,4.43492984771729,0.40715974756095363,4.0,0.102,7113876334.900355,31020.43974582287,10.342401612833235,9.782928314745652,0.17460891844150037,42.297370852271996,34.56898773744386,0.9808391791919693,102.45394510464652,99.73505623798144,207.17558627557946,124.35897435897436,95.16530231135857,119.99999999999997,99.73505623798144,207.17558627557946,95.16530231135857,119.99999999999997,0.02417337041578197,0.17460891844150037,98.00223861072898,100.67388893627911
Malta,MLT,2005,18123.29751052273,6393234993.533304,403834.0,233177.78994,57.741,0.528930008411407,27.213,9500.0,13.264285714285734,10.3,898416505.2464199,5.38576030731201,2.8806712728293604,1.9,0.10300000000000001,7318803726.864436,31387.22486711822,10.354156237744212,9.804953544857216,0.14052611958658795,40.74144455372224,32.8458864639573,0.9786836653198296,101.18239820035026,102.22695761205271,108.33623891179977,97.9381443298969,95.01547084174477,100.98039215686276,102.22695761205271,108.33623891179977,95.01547084174477,100.98039215686276,0.023524517499764756,0.14052611958658795,101.67842737737483,100.63947287099893
Malta,MLT,2006,18479.230522358746,6749840217.694701,405308.0,234900.30448000002,57.956,0.578440010547638,31.253999999999998,9300.0,12.657142857142844,11.1,873873251.9721885,5.44513845443726,2.336122733612285,0.1,0.111,7489779964.556179,31884.93084815851,10.369888789957887,9.824402705928271,0.1294657686386902,39.591264134746254,31.22845553786958,0.9986360772706231,101.58569603763121,101.96395281614372,109.36040711415293,97.89473684210527,95.07569714136784,107.76699029126213,101.96395281614372,109.36040711415293,95.07569714136784,107.76699029126213,0.02294551304193354,0.1294657686386902,100.73871295394096,100.36500146099634
Malta,MLT,2007,19342.391921860042,7908417717.404321,406724.0,239515.69636,58.889,0.545390009880066,31.580000000000002,9200.0,10.0,11.7,1294169300.7918394,5.94750022888184,5.0366639508184505,1.6,0.11699999999999999,7867015012.026604,32845.50921540533,10.399570308796143,9.870054438808673,0.16364453004849724,38.410843797778064,24.586697613123395,0.9999051485592645,103.01264058505022,104.6709812860277,94.28635639566461,98.9247311827957,78.73171179826049,105.40540540540539,104.6709812860277,94.28635639566461,78.73171179826049,105.40540540540539,0.022619761804073525,0.16364453004849724,101.96483009684347,100.34936394050943
Malta,MLT,2008,20064.439808135845,9135423330.202513,409379.0,242061.70891,59.129,0.526669979095459,32.684,10100.0,14.0,12.1,1615450806.1999028,5.50121021270752,4.41012622523094,1.7,0.121,8213960304.214844,33933.33188137098,10.432153051641775,9.906704363454356,0.17683371068958353,41.72489752914717,34.198139132686336,0.9547386374535609,103.31193728442925,103.73298136648638,96.56758824960441,109.78260869565217,139.09203940602717,103.41880341880344,103.73298136648638,96.56758824960441,139.09203940602717,103.41880341880344,0.024671514660009428,0.17683371068958353,101.06298359092642,100.65277682162844
Malta,MLT,2009,19635.876474747838,8734741331.60386,412477.0,245229.95081,59.453,0.50739997625351,31.761,9300.0,8.0,12.8,1267877782.1307125,5.07039022445679,-1.3953425545710019,-1.5,0.128,8099347420.674564,33027.56206540938,10.405097705954722,9.88511360440382,0.14515344347328332,37.923589550468414,19.39502081328171,0.9241207697674358,97.33073716684197,97.86406529419162,96.34116171287289,92.07920792079209,56.71367303943181,105.78512396694215,97.86406529419162,96.34116171287289,56.71367303943181,105.78512396694215,0.022546711695439987,0.14515344347328332,101.30885711509951,100.75675596452187
Malta,MLT,2010,20750.60538464717,9097044160.947304,414508.0,251009.46448,60.556,0.587409973144531,40.037,8200.0,12.0,14.2,1648068605.87954,6.25004005432129,6.197345169111898,7.2,0.142,8601291936.77933,34266.80326416403,10.441932329635435,9.940330700396977,0.18116528585785402,32.66809089046665,28.94998407750876,0.9151441963037286,103.7521425175143,105.67700103090839,115.7686244847292,88.17204301075269,149.26503227923223,110.93749999999997,105.67700103090839,115.7686244847292,149.26503227923223,110.93749999999997,0.019782489119630983,0.18116528585785402,102.35677316368172,100.49239109089719
Malta,MLT,2011,20867.839056565426,9789361703.697311,416268.0,258294.294,62.05,0.665059983730316,46.054,9500.0,9.0,15.1,1730716775.4621751,7.69612979888916,0.9919636752963754,1.3,0.151,8686613628.398376,33630.68341106435,10.423194125998677,9.945964451661201,0.17679567144898797,36.77975170446467,21.620686673008734,0.9400240232251154,98.14362650581727,100.5649650684649,113.21904872845585,115.85365853658536,74.68289659546254,106.3380281690141,100.5649650684649,113.21904872845585,74.68289659546254,106.3380281690141,0.02282183593262033,0.17679567144898797,102.90221308391358,100.42459976647014
Malta,MLT,2012,21529.49278803646,9609532088.886833,420028.0,268906.12588,64.021,0.804319977760315,59.233,10400.0,11.0,16.6,1785255952.5134587,6.34545993804932,4.10259030296838,3.3,0.166,9042989796.773378,33628.798031952734,10.423138063148603,9.977179031698949,0.18577969624328114,38.67520669514619,26.188730275124517,0.9256142454131595,99.9943938721418,103.17068638337454,120.9394637230902,109.47368421052633,121.12811526850591,109.93377483443709,103.17068638337454,120.9394637230902,121.12811526850591,109.93377483443709,0.024760254078299543,0.18577969624328114,104.10842675448339,100.90326424322794
Malta,MLT,2013,22565.008579412064,10796782637.510044,425967.0,282526.87241999997,66.326,0.743359982967377,59.055,11100.0,13.0,17.9,2083331462.545425,7.57923984527588,6.291715744012578,2.7,0.179,9611949009.54642,34021.36202908673,10.434743901276786,10.02415569246985,0.1929585444563403,39.28829815345465,30.51879605697155,0.9188551114485595,101.16734471675437,104.80975470054278,92.42092743205443,106.73076923076923,116.53408063834223,107.8313253012048,104.80975470054278,92.42092743205443,116.53408063834223,107.8313253012048,0.026058356633260324,0.1929585444563403,105.06524219016053,101.41395335549059
Malta,MLT,2014,23806.831939366657,11888032872.432009,434558.0,294825.8751,67.845,0.691789984703064,60.539,11800.0,5.0,19.4,2769417032.901991,7.00420999526978,7.631129374826855,4.4,0.19399999999999998,10345449273.907295,35090.03160051095,10.46567236913288,10.077727874742706,0.23295839291664358,40.02362410014941,11.505943970655242,0.8909462538751356,103.14117221559368,105.50331437093985,93.06258078912808,106.30630630630631,37.70117257960077,108.3798882681564,105.50331437093985,93.06258078912808,37.70117257960077,108.3798882681564,0.027154027770746367,0.23295839291664358,104.35321517371152,102.01682289942649
Malta,MLT,2015,25481.897755562743,11340795041.806465,445053.0,306321.07884,68.828,0.715149998664856,71.492,11700.0,9.0,19.9,2937100860.811948,5.02398014068604,9.621097562283481,5.6,0.19899999999999998,11340795041.806465,37022.57475963669,10.519283134212387,10.145723587115206,0.25898544590433753,38.19521674546999,20.222310601209294,0.8446252102664698,105.50738506344806,107.03607191608818,103.376749371678,99.15254237288136,175.75533700480617,102.57731958762888,107.03607191608818,103.376749371678,175.75533700480617,102.57731958762888,0.026289003781572083,0.25898544590433753,103.8989806224101,102.41509763944055
Malta,MLT,2016,25920.907662161884,12025782834.359617,455356.0,321367.49700000003,70.575,0.55689001083374,58.703,12700.0,3.0,20.3,2707337739.3804407,5.10765981674194,4.077719294812837,-4.2,0.203,11803240829.411386,36728.172387051905,10.511299379531959,10.162805167683421,0.22512777560269395,39.518620017754934,6.588251829337924,0.8723571130482188,99.20480308434476,101.72283050034335,77.87037850428885,108.54700854700855,32.57912490447035,102.01005025125629,101.72283050034335,77.87037850428885,32.57912490447035,102.01005025125629,0.02789026607753055,0.22512777560269395,104.91197609285624,102.31500517915843
Malta,MLT,2017,28492.307283141865,14161366723.677877,467999.0,337567.6787,72.13,0.552119970321655,65.927,12600.0,5.0,22.1,4718793753.604164,4.56079006195068,12.972119343497951,8.6,0.221,13334371316.20311,39501.32716365156,10.584089549404563,10.257389409932053,0.33321598442291006,37.32584840030777,10.683783512357932,0.8039366991391841,107.55048399189417,109.92017584605492,99.14345015725034,99.21259842519686,162.16416416844197,108.86699507389162,109.92017584605492,99.14345015725034,162.16416416844197,108.86699507389162,0.02692313445114199,0.33321598442291006,105.0410143686684,102.77650892927733
Malta,MLT,2018,29492.58639109463,16153779511.155882,484630.0,361848.9895,74.665,0.576089978218079,74.627,12600.0,2.0,24.7,4800017361.181854,4.92361116409302,7.18909653691901,-1.1,0.247,14292992142.71619,39499.88132470987,10.584052946446976,10.291894201968116,0.2971451577549971,34.82115569097091,4.126859666137053,0.80194474848685,99.99633977122923,103.5106988634248,104.34144917497903,100.0,38.62732393784949,111.76470588235294,103.5106988634248,104.34144917497903,38.62732393784949,111.76470588235294,0.025999215896663434,0.2971451577549971,107.19302004667904,103.55364007188051
Malta,MLT,2019,29513.867052900132,16337793530.778841,504062.0,382310.86452,75.846,0.56427001953125,80.05,14400.0,5.0,27.0,4509266683.794552,4.8993501663208,4.084706028473391,-4.8,0.27,14876818854.418947,38912.88539000096,10.569080718716263,10.292615501469648,0.2760021832384847,37.66568344344471,9.919414675178848,0.8208261411406728,98.51392987770396,100.07215597005738,97.94824434832393,114.28571428571428,240.36229670159628,109.31174089068827,100.07215597005738,97.94824434832393,240.36229670159628,109.31174089068827,0.02856791426451508,0.2760021832384847,105.65481060159212,104.00965685161876
Malta,MLT,2020,27865.3293176048,16385919535.674227,515332.0,397063.30600000004,77.05,0.654410004615784,86.205,15400.0,6.0,28.2,4327494962.963111,5.6448712348938,-3.4746875093225214,1.7,0.282,14359895887.899916,36165.25544140791,10.495854142480002,10.235138518258035,0.2640983896900998,38.78474733699013,11.642979671357493,0.8705865831923294,92.939022842806,94.41436212902727,115.97461888182808,106.94444444444444,117.375672382076,104.44444444444443,94.41436212902727,115.97461888182808,117.375672382076,104.44444444444443,0.0298836478231509,0.2640983896900998,103.85875549169184,102.2358360677853
Malta,MLT,2021,31420.733951447233,19718565605.43304,518536.0,405272.1815199999,78.157,0.666029989719391,99.917,14900.0,5.0,29.6,5427419322.8785095,5.36479997634888,13.460305196059494,10.0,0.29600000000000004,16292781700.247643,40202.0726888791,10.601673832702824,10.355223270908118,0.27524412431820583,36.76541514425335,9.64253205177654,0.812735625009962,111.1621422224193,112.75924139750322,101.7756429488619,96.75324675324676,82.81842212176846,104.96453900709221,112.75924139750322,101.7756429488619,82.81842212176846,104.96453900709221,0.02873474551429409,0.27524412431820583,102.06739716210389,100.6217351144505
Malta,MLT,2022,31925.185353910743,19209979975.232304,531511.0,424342.43707000004,79.837,0.7265189378669383,105.349,17500.0,2.952691511387229,29.4,4442807875.842961,5.889756981877319,4.147882816011332,-1.1,0.294,16968587192.642452,39987.95715509192,10.596333616642362,10.371150486801215,0.23127602847952658,41.24027783040983,5.555278275307997,0.8161264601117058,99.46740175452095,101.60547300786484,109.08201568716633,117.4496644295302,57.61223551530216,99.32432432432431,101.60547300786484,109.08201568716633,57.61223551530216,99.32432432432431,0.0329250006114643,0.23127602847952658,104.70554269934735,102.50223706743601
Malta,MLT,2023,33000.59306963816,22328640241.555298,552747.0,444281.45618999994,80.377,0.7413020279286506,126.16600000000001,19500.0,2.318002070393277,30.8,5330636390.781709,5.921537228321689,7.498512459378688,1.3,0.308,18240978817.463284,41057.25900399139,10.622722932474984,10.404280812094344,0.2387353790071367,43.8910958994892,4.193604072737214,0.7746757866386353,102.67405970440606,103.36852457959398,102.03478385644227,111.42857142857143,75.48864098090047,104.76190476190477,103.36852457959398,102.03478385644227,75.48864098090047,104.76190476190477,0.035278346151132435,0.2387353790071367,104.69880393242657,103.99540178848603
Netherlands,NLD,1998,37661.73367039167,438612530548.76697,15707209.0,12554929.22579,79.931,1.74205994606018,6752.822,341000.0,2451.0,18.7,114568830973.95633,4.54056978225708,4.647784337802193,2.5,0.187,591560722063.1791,47117.806195833495,10.760406259428239,10.536399835946893,0.2612073823577597,27.16064693535085,156.04299910951715,0.4577023530762929,,,,,,,,,,,0.02170977670189529,0.2612073823577597,,
Netherlands,NLD,1999,39298.733416381314,447778514140.1554,15812088.0,12686986.92768,80.236,1.82281994819641,7646.0,365900.0,2545.0,19.4,121755024344.93436,4.50699996948242,5.043321487121403,2.2,0.19399999999999998,621395031068.3619,48978.928930132744,10.799145462772834,10.578947568747195,0.2719090364992922,28.840575156713758,160.95281028033742,0.44236844978383516,103.94993503425,104.34658627326175,104.63589110804573,107.30205278592375,103.1464475810122,103.74331550802138,104.34658627326175,104.63589110804573,103.1464475810122,103.74331550802138,0.02314052388274085,0.2719090364992922,101.05183947687041,100.66771251340707
Netherlands,NLD,2000,40665.33813479545,417649282153.7264,15925513.0,12828637.742020002,80.554,1.78980004787445,8015.0,395900.0,2465.0,20.6,115064268406.24754,4.58512020111084,4.2197537372702385,3.3,0.20600000000000002,647616371115.0807,50482.084235165785,10.829373784698051,10.613131365697141,0.2755045281363496,30.86064225691211,154.78308296881866,0.4450553453738131,103.06898361778644,103.47747776991835,98.18852649957932,108.19896146488111,96.16674769407709,106.1855670103093,103.47747776991835,98.18852649957932,96.16674769407709,106.1855670103093,0.024859481763632982,0.2755045281363496,101.11650477097089,100.71733094326316
Netherlands,NLD,2001,41297.31981977646,432536219668.8982,16046180.0,12957290.35,80.75,1.79609000682831,8655.0,427300.0,2110.0,20.8,110435879559.87775,4.69964981079102,2.323575638569821,1.0,0.20800000000000002,662664227345.7006,51142.19172727734,10.842365105323724,10.628552881438399,0.2553216922375084,32.97757389530134,131.49547119625979,0.4559741203715042,101.30760744551772,101.55410409446529,100.35143361189034,107.93129578176308,84.95467894430672,100.97087378640776,101.55410409446529,100.35143361189034,84.95467894430672,100.97087378640776,0.026629390920455836,0.2553216922375084,101.00285478916126,100.7576961571034
Netherlands,NLD,2002,41135.41909264014,475529972122.746,16148929.0,13035576.97809,80.721,1.74542999267578,8689.0,393000.0,2122.0,21.6,113564062151.11867,4.80590009689331,0.24578585947114107,0.8,0.21600000000000003,664292962312.29,50959.99689379485,10.838796229292253,10.624624807776247,0.2388157819877755,30.148262762787443,131.40190287541668,0.45953905410609686,99.6437484837293,99.60796311275682,97.17942787054476,91.97285279663001,99.92884293277032,103.84615384615385,99.60796311275682,97.17942787054476,99.92884293277032,103.84615384615385,0.02433597918474965,0.2388157819877755,100.60418981110506,100.64033308862297
Netherlands,NLD,2003,40981.84767531119,582435617081.9596,16225302.0,13078080.17106,80.603,1.78390002250671,9146.0,388700.0,2288.0,23.8,143478687389.62473,5.0404200553894,0.09783224789403278,1.3,0.23800000000000002,664942855049.922,50844.072398435776,10.836518824346276,10.620884508021762,0.2463425710612656,29.721487780763102,141.01432441750546,0.4732613152073686,99.77251863731335,99.62666864537566,102.20404312933542,98.9058524173028,107.31528336480972,110.18518518518519,99.62666864537566,102.20404312933542,107.31528336480972,110.18518518518519,0.023956410795928484,0.2463425710612656,100.32605532567864,100.47292919549031
Netherlands,NLD,2004,41663.14777026017,661224886143.245,16281779.0,13098528.38771,80.449,1.7890100479126,9469.0,386300.0,2187.0,25.7,164883284312.78073,5.06297016143799,2.0163100164133994,1.7,0.257,678350164439.7189,51788.27303044186,10.854919013243922,10.637372270536174,0.24936037310165773,29.49186264026843,134.3219312828162,0.46832177878128256,101.85705154498035,101.66244357830507,100.28645245481356,99.38255724208902,95.25410403352011,107.98319327731092,101.66244357830507,100.28645245481356,95.25410403352011,107.98319327731092,0.023725908575469547,0.24936037310165773,100.15635488070527,100.34807980769789
Netherlands,NLD,2005,42411.34532957709,688133699635.7974,16319868.0,13111381.951200001,80.34,1.77388000488281,9772.0,372300.0,2217.0,24.5,174526626372.9993,5.10939979553223,2.0339632485814434,2.4,0.245,692147557481.1146,52789.824906120346,10.874073741012017,10.655171183955062,0.25362313525027114,28.39517614433662,135.84668699526244,0.45876616205202403,101.9339356519762,101.79582580616002,99.15427847666682,96.37587367331089,101.13515023040867,95.33073929961088,101.79582580616002,99.15427847666682,101.13515023040867,95.33073929961088,0.022812684514360044,0.25362313525027114,100.09812982885973,100.23393635302382
Netherlands,NLD,2006,43841.122335856686,737593995289.4108,16346101.0,13150111.332479998,80.448,1.74066996574402,10175.0,369800.0,2168.0,24.8,196816410036.7501,5.04402017593384,3.5373752185526826,1.6,0.248,716631413655.2693,54496.22406505654,10.905886695041172,10.688327522020861,0.2668356999836,28.121434917939883,132.6310170235703,0.46263817218733827,103.23243951267276,103.37121351649859,98.12783057211449,99.32849852269675,97.63286831440779,101.22448979591836,103.37121351649859,98.12783057211449,97.63286831440779,101.22448979591836,0.022623131962784274,0.2668356999836,100.2953874841275,100.16074272169358
Netherlands,NLD,2007,45445.52289403836,853499460872.5518,16381696.0,13199879.18592,80.577,1.67030000686646,10342.0,390400.0,2079.0,25.5,229624213287.83582,4.88682985305786,3.8853065083888794,1.0,0.255,744474740611.1766,56400.1177681452,10.940226525571651,10.724269588571799,0.26903849834080246,29.5760282727762,126.90993655357785,0.4592489317837565,103.4936249910009,103.65957911818664,95.95730607970353,105.57057869118442,95.68646867197306,102.8225806451613,103.65957911818664,95.95730607970353,95.68646867197306,102.8225806451613,0.02383147630135488,0.26903849834080246,100.37845955963185,100.21775835105878
Netherlands,NLD,2008,46227.211144554756,957901566041.406,16445593.0,13279816.3475,80.75,1.62268996238708,10502.0,337700.0,2421.0,26.3,232185220959.98203,5.02904987335205,2.116815861918653,0.5,0.263,760233900008.4117,57247.32030285419,10.955136113383963,10.741323889498638,0.24238943665109913,25.429568539445494,147.21269096225353,0.4317555757113727,101.50212901716225,101.72005557585726,97.14961119058498,86.50102459016394,115.99776578574242,103.1372549019608,101.72005557585726,97.14961119058498,115.99776578574242,103.1372549019608,0.020534376595602238,0.24238943665109913,100.60559010013719,100.39005118883905
Netherlands,NLD,2009,44304.41194188855,878954223140.2338,16530388.0,13335394.60736,80.672,1.66569995880127,10408.0,332000.0,2575.0,26.8,203182309799.7854,5.43156003952026,-3.665290445065949,-2.2,0.268,732369119511.2512,54919.19370027835,10.913618178424505,10.698839543441924,0.23116369937205303,24.896151165767854,155.77371807606693,0.4156002972976527,95.93321296043308,95.84054682283663,102.650536911618,98.3121113414273,105.81541377842791,101.90114068441065,95.84054682283663,102.650536911618,105.81541377842791,101.90114068441065,0.020084223068448242,0.23116369937205303,100.41851678069675,100.5156092577507
Netherlands,NLD,2010,44659.27280959645,852464982433.335,16615394.0,13372401.39908,80.482,1.70404005050659,10892.0,326400.0,2527.0,27.7,219223015047.69174,5.48908996582031,1.3193202329624398,2.1,0.27699999999999997,742031413484.932,55489.76517680531,10.923953871499952,10.706817242449143,0.25716366016810027,24.40848059066308,152.08787706147686,0.4331226544392113,101.03892908486758,100.80096056386742,102.30174056874634,98.3132530120482,97.63384923970922,103.35820895522387,100.80096056386742,102.30174056874634,97.63384923970922,103.35820895522387,0.01964443334897746,0.25716366016810027,100.27750803639192,100.5142408030592
Netherlands,NLD,2011,45239.73187845623,913140741332.6866,16693074.0,13465968.934320001,80.668,1.8813099861145,12235.299,311500.0,2585.0,28.0,238499274734.7403,5.46303987503052,1.7733452065724578,0.9,0.28,755190191987.2289,56081.38528097415,10.934559223275249,10.719731003564753,0.26118566825379147,23.132386649585715,154.8546421108539,0.42865892594854316,101.06617878501338,101.2997503818178,110.40292072684616,95.43504901960785,101.81918842108544,101.08303249097474,101.2997503818178,110.40292072684616,101.81918842108544,101.08303249097474,0.018660433662487808,0.26118566825379147,100.69970630141599,100.46751825445727
Netherlands,NLD,2012,44631.87446973824,845689017065.6252,16754962.0,13672551.640859999,81.603,1.9162700176239,12512.616,316400.0,2375.0,28.6,214777581008.98874,5.4102201461792,-0.9778770085138291,-0.1,0.28600000000000003,747805360729.2344,54693.91378961343,10.909507716947484,10.706203556959531,0.2539675657066291,23.141254705847906,141.74905320585032,0.439244591614278,97.52596786900087,98.65636381234289,101.85828129162296,101.57303370786516,91.53684466519135,102.14285714285714,98.65636381234289,101.85828129162296,91.53684466519135,102.14285714285714,0.018883958077613068,0.2539675657066291,101.5341094840453,100.37074058378943
Netherlands,NLD,2013,44487.0306140116,883951539006.6692,16804432.0,13764846.339840002,81.912,2.15605998039246,14239.0,299800.0,2315.0,29.3,228398577173.95117,5.52655982971191,-0.030232451655294312,0.9,0.293,747579280835.0762,54310.76107775612,10.902477664514869,10.702952978799294,0.25838359581410036,21.78011963215891,137.76127631091606,0.4511213482104761,99.29946005814989,99.67546992491913,112.5133702747116,94.75347661188368,97.18673472256415,102.44755244755244,99.67546992491913,112.5133702747116,97.18673472256415,102.44755244755244,0.01784053159309401,0.25838359581410036,100.67503638972688,100.2952558173513
Netherlands,NLD,2014,45042.066960930686,901556501756.4674,16865008.0,13755437.82496,81.562,2.17330002784729,14595.0,291800.0,2294.0,29.7,229244576799.93243,5.458899974823,1.6126100744912293,0.9,0.297,759634819632.6317,55224.32868361576,10.919158872191177,10.715352153433109,0.2542764389733801,21.21342873365418,136.02128146040607,0.4374597508168385,101.68211158844136,101.24763630941077,100.79960889825021,97.33155436957972,98.73694923776478,101.36518771331058,101.24763630941077,100.79960889825021,98.73694923776478,101.36518771331058,0.01730209674374302,0.2542764389733801,99.93164823894351,100.36047633148209
Netherlands,NLD,2015,45793.81354346971,775743675302.734,16939923.0,13921906.31832,82.184,2.1460599899292,14808.0,306000.0,2207.0,30.5,203626929235.0928,5.34815979003906,2.1206052242171722,1.3,0.305,775743675302.734,55721.081406927995,10.9281138355828,10.73190428550867,0.26249254195418015,21.979748534676677,130.2839452103767,0.4357945088960573,100.8995179029847,101.66898775580411,98.7466048143812,104.86634681288554,95.78203043786245,102.6936026936027,101.66898775580411,98.7466048143812,95.78203043786245,102.6936026936027,0.018063836535738682,0.26249254195418015,101.21020134348566,100.44420376201421
Netherlands,NLD,2016,46655.03635451629,797163949289.8853,17030314.0,13996874.470320001,82.188,2.15081000328064,15235.0,335000.0,2290.0,31.0,207405412407.82202,5.47959995269775,2.424285765366335,0.8500000000000001,0.31,794549918798.8278,56766.23881164682,10.946697040872296,10.750536160887973,0.26017911697158286,23.933914725773853,134.46610555741955,0.43695945170788164,101.87569476099378,101.8806531808692,100.22133646653543,109.47712418300655,103.21003508167466,101.63934426229508,101.8806531808692,100.22133646653543,103.21003508167466,101.63934426229508,0.01967080583481902,0.26017911697158286,100.53849056505537,100.53359746676533
Netherlands,NLD,2017,47670.105698258914,848233537845.8838,17131296.0,14085694.19712,82.222,2.17857003211975,16080.0,326800.0,2241.0,32.1,232046212550.60684,5.17509984970093,2.7815460987956016,0.4,0.321,816650691068.1602,57977.312274402124,10.9678070453198,10.772059765487349,0.2735640624867246,23.200844447327164,130.81322043586195,0.42021920322394735,102.13343967842172,102.17569082152127,101.29067787469685,97.55223880597015,97.2834156931854,103.54838709677419,102.17569082152127,101.29067787469685,97.2834156931854,103.54838709677419,0.01907619832148134,0.2735640624867246,100.63456828871573,100.59295442233184
Netherlands,NLD,2018,48463.02995722095,929733599796.862,17231624.0,14262270.552320002,82.768,2.13879990577698,16554.0,339300.0,2111.0,33.0,260592349214.90875,5.35764980316162,2.2587403962495216,-0.4,0.33,835096710123.5675,58552.85854100733,10.977685190054547,10.788556517327615,0.2802871158704447,23.790040916367772,122.50731561923588,0.4083125048792784,100.99270946518043,101.66335745924515,98.17448483379377,103.8249694002448,93.65056162599524,102.80373831775702,101.66335745924515,98.17448483379377,93.65056162599524,102.80373831775702,0.01969054106565928,0.2802871158704447,101.25358645963011,100.58564162337747
Netherlands,NLD,2019,49254.01587588664,928903005576.4691,17344874.0,14464410.774820002,83.393,2.18435001373291,17760.0,368900.0,2228.0,34.8,248622065951.77905,5.15986013412476,2.300091594761966,-0.3,0.348,854304699361.2534,59062.53027938392,10.986351996902785,10.804746183903118,0.2676512665576815,25.503977019388174,128.4529365851836,0.40355486295415055,100.8704472353295,101.6321429332089,102.12970403789983,108.72384320660183,104.85327830088715,105.45454545454544,101.6321429332089,102.12970403789983,104.85327830088715,105.45454545454544,0.021268531555778382,0.2676512665576815,101.41730744595306,100.65722186138694
Netherlands,NLD,2020,47086.5803832096,932560861701.1699,17441500.0,14548652.81,83.414,2.32182002067566,18494.0,388100.0,2198.0,36.6,227926330872.08075,5.42381000518799,-3.867953393234231,0.4,0.366,821260591753.7502,56449.25358238377,10.941097346857683,10.759743321853856,0.2444090677967113,26.676009460700023,126.02127110626952,0.4253433788146488,95.57540680252174,95.59947457251266,106.2934056391367,105.20466251016536,98.10695999363041,105.17241379310344,95.59947457251266,106.2934056391367,98.10695999363041,105.17241379310344,0.02225152653154832,0.2444090677967113,100.58240903477831,100.55708677964452
Netherlands,NLD,2021,49780.844043353885,1054472123449.5955,17533044.0,14671300.55832,83.678,2.30886006355286,19751.58,498800.0,2080.0,37.5,318462962424.57446,5.50609016418457,6.276830732305257,1.6,0.375,872809728969.2616,59490.958248708004,10.993579617779707,10.81538553124899,0.30201174155534444,33.99834922726968,118.63313637951288,0.420829839933079,105.3883877523466,105.72193529072887,99.44181904680843,128.5235763978356,94.1373907262636,102.45901639344261,105.72193529072887,99.44181904680843,94.1373907262636,102.45901639344261,0.028449138666394723,0.30201174155534444,100.84301790634318,100.52486311383768
Netherlands,NLD,2022,51777.54316834097,1046540797548.6422,17700982.0,14998042.048600001,84.73,2.2543418230353964,21618.46,532000.0,2215.452898550724,38.8,277370421111.18286,5.05201101303101,5.007234590450366,1.0,0.38799999999999996,916513359627.0265,61108.86718793929,11.020412260455473,10.854711804677756,0.26503545944972196,35.47129673834058,125.15988652780531,0.39204781629859475,102.71958796237146,104.01097884810504,97.6387377746241,106.65597433841218,105.50162488110661,103.46666666666667,104.01097884810504,97.6387377746241,105.50162488110661,103.46666666666667,0.03005482972639597,0.26503545944972196,102.22707924891299,100.95783709890878
Netherlands,NLD,2023,51305.62822864438,1154361305398.0596,17877117.0,15284398.72149,85.497,2.2806805022039285,22227.876,542600.0,2209.0924637681164,38.4,344105623341.4219,5.666687877350952,0.07456072164949035,-1.3,0.384,917196718601.9784,60008.688291570914,11.002244635580542,10.845555737200277,0.2980917861091711,35.5002515890337,123.57095742943991,0.3951540835330771,98.19964115357466,99.08857216696767,101.16835339252448,101.99248120300753,98.7304805537576,98.96907216494847,99.08857216696767,101.16835339252448,98.7304805537576,98.96907216494847,0.03035165010107614,0.2980917861091711,101.90929370621899,100.99505778831931
Poland,POL,1998,6684.114777822339,175282269666.80093,38663481.0,25074427.33293,64.853,0.659709990024567,1021.933,269176.46616541245,2407.0,8.5,38067340104.736145,4.94200992584229,4.6216113376176935,3.4,0.085,258431144714.15323,10306.56219114357,9.24053607728817,8.80748906159393,0.2171773572826244,10.735099254366846,62.25512907128047,1.9775725352163622,,,,,,,,,,,0.006962033919434529,0.2171773572826244,,
Poland,POL,1999,6998.794751442893,170704452714.67276,38660271.0,24940900.630230002,64.513,0.6805499792099,1084.5430000000001,283654.4360902262,2285.0,9.0,34854149953.06405,4.59181976318359,4.699184791925575,7.3,0.09,270575301764.1599,10848.65802465068,9.29179666695507,8.853493234847752,0.2041783292631604,11.373063078019664,59.104603793387795,1.9497172456015992,105.25971534885738,104.70787806733438,103.15896219557885,105.37861653771652,94.93933218854079,105.88235294117645,104.70787806733438,103.15896219557885,94.93933218854079,105.88235294117645,0.007337104183522827,0.2041783292631604,99.46747855523449,99.99169759184385
Poland,POL,2000,7401.576976478477,172953527033.01254,38258629.0,24931618.17414,65.166,0.640779972076416,1194.975,298132.40601504,2404.0,9.2,32065974218.11635,4.9839301109314,4.656332529882363,8.0,0.092,283174187558.0318,11358.034828712025,9.337680686880292,8.909448361418155,0.18540225671139826,11.95800464826122,62.835497842852654,1.936748443191572,104.69529782304798,105.75502267661936,94.15619596673034,105.10408725644204,106.31235776912904,102.22222222222221,105.75502267661936,94.15619596673034,106.31235776912904,102.22222222222221,0.007792553309085906,0.18540225671139826,99.96278219368409,98.96109885003133
Poland,POL,2001,7494.960895032462,191823200371.28412,38248076.0,25036043.10732,65.457,0.6215900182724,1320.662,312610.37593985023,2202.0,9.6,33041593981.289238,5.31902980804443,1.2337446440035649,3.4,0.096,286667833930.2296,11450.205318044613,9.345762940528568,8.921986193049099,0.17225024875685244,12.486413072537395,57.57152333623265,1.9525762851666606,100.81150032309804,101.26167597595416,97.00521947622178,104.85622147499116,91.62261032802692,104.34782608695652,101.26167597595416,97.00521947622178,91.62261032802692,104.34782608695652,0.008173231404890804,0.17225024875685244,100.41884538921873,99.97241668016906
Poland,POL,2002,7640.993077577768,199694463255.5668,38230364.0,24594357.768479995,64.332,0.556749999523163,1168.9479999999999,327088.345864664,2313.0,10.2,30355966655.906948,5.38735008239746,1.9011943796858617,5.3,0.102,292117946677.2783,11877.437476804344,9.382395869044219,8.94128285768953,0.1520120596286023,13.299324541983315,60.50164732933226,1.9159394143541313,103.7312183222291,101.94840486282048,89.56868404524118,104.63131458170139,105.08953701986819,106.25,101.94840486282048,89.56868404524118,105.08953701986819,106.25,0.008555721464348704,0.1520120596286023,98.23580213156421,99.95369178831375
Poland,POL,2003,7915.554243897037,218561225998.47006,38204570.0,24389797.488,63.84,0.538060009479523,1034.027,341566.3157894742,2268.0,11.6,35363425814.62173,5.32449007034302,3.523371172348334,4.5,0.11599999999999999,302410346199.7614,12399.05113392393,9.425375227207464,8.976584994360927,0.16180100405764228,14.004475271167292,59.36462575027019,1.8844049123461808,104.39163462774066,103.59326547651193,96.64301929777328,104.42631787645549,98.12067666046703,113.72549019607843,103.59326547651193,96.64301929777328,98.12067666046703,113.72549019607843,0.0089404570131132,0.16180100405764228,99.16826337810635,99.93253006955413
Poland,POL,2004,8323.38773754587,256268656145.13394,38182222.0,24236547.23672,63.476,0.552500009536743,1134.818,360800.0,2381.0,12.8,37142984158.64647,5.35557985305786,5.090795464095436,3.9,0.128,317805438387.05414,13112.653187891281,9.481332935220966,9.02682463093347,0.1449376787522977,14.886608908275669,62.3588642902972,1.841907856804239,105.75529567754526,105.15230495657681,102.6837155341071,105.63102487611238,105.04380934299644,110.34482758620692,105.15230495657681,102.6837155341071,105.04380934299644,110.34482758620692,0.009449423870617063,0.1449376787522977,99.3716624692952,99.94150438023513
Poland,POL,2005,8598.57681241557,306999913150.52496,38165445.0,24488857.784250002,64.165,0.562780022621155,1381.357,396600.0,2028.0,13.9,51547429699.98606,5.42574977874756,3.260822746792158,1.3,0.139,328168510412.5217,13400.72751876501,9.503064276910372,9.059351981618704,0.16790698463393985,16.19512038879466,53.13707202942347,1.829775626153669,102.19691870703747,103.30621477152087,101.86063582026567,109.92239467849222,85.21173795285331,108.59375,103.30621477152087,101.86063582026567,85.21173795285331,108.59375,0.010391598997470095,0.16790698463393985,101.04103338262529,99.95606070280562
Poland,POL,2006,9137.658508498005,345897630736.1726,38141267.0,24106806.39468,63.204,0.55102002620697,1506.0449999999998,430400.0,2157.0,14.9,59967764627.51816,5.20765018463135,6.2021071093437286,2.9,0.149,348521872927.4442,14457.405399180441,9.57896204663766,9.120159450938822,0.17336853247560266,17.853878815527494,56.552919440248274,1.7895628205908505,107.8852277157025,106.26942932351375,97.91037422412177,108.52244074634392,106.42836964922222,107.19424460431652,106.26942932351375,97.91037422412177,106.42836964922222,107.19424460431652,0.011284365566565998,0.17336853247560266,98.439897062836,99.93664950061502
Poland,POL,2007,9760.704260435197,429715132137.5025,38120560.0,24015190.388800003,62.998,0.561930000782013,1758.2779999999998,493200.0,2392.0,15.7,80748525153.99484,4.86874008178711,6.760447852762596,2.3,0.157,372083512402.17554,15493.673228412323,9.648187040767583,9.186119834635361,0.1879117562193656,20.537001456795213,62.74829121083216,1.7512884165878244,107.16773031273388,106.81843988104569,101.97995972127248,114.5910780669145,110.95499902021801,105.36912751677853,106.81843988104569,101.97995972127248,110.95499902021801,105.36912751677853,0.012937900177751848,0.1879117562193656,99.61995793063565,99.94570972170379
Poland,POL,2008,10187.201791088335,535612030671.8877,38125759.0,24272383.20976,63.664,0.599439978599548,2192.25,411900.0,2488.0,16.5,96997180209.37706,5.04239988327026,4.3837706927460545,1.0,0.165,388394800371.4022,16001.510729907539,9.680438417383794,9.228887485080275,0.18109596994619576,16.96990346767324,65.25771722997042,1.706453271711542,103.27770886870096,104.36953645222032,106.6752046990433,83.51581508515815,103.99919419431947,105.09554140127389,104.36953645222032,106.6752046990433,103.99919419431947,105.09554140127389,0.010803719343659493,0.18109596994619576,101.0709589089077,100.0136383096156
Poland,POL,2009,10446.528913852375,440891472247.09644,38151603.0,24627241.25253,64.551,0.661059975624084,2093.192,428900.0,2899.0,18.1,74520519023.81366,4.98976993560791,2.6151285929168324,3.0,0.18100000000000002,398551823849.317,16183.372703524925,9.691739617809983,9.254025040861316,0.16902236426575482,17.415673789931233,75.98632225230484,1.6374788579121748,101.1365300232401,102.54561682473881,110.27959415861733,104.12721534352998,116.4403621176733,109.69696969696972,102.54561682473881,110.27959415861733,116.4403621176733,109.69696969696972,0.011241991588138512,0.16902236426575482,101.46198269738636,100.06778619148278
Poland,POL,2010,10808.39756742376,478111630683.5141,38042794.0,24921453.92146,65.509,0.726189970970154,2600.07,411900.0,3203.0,19.4,75054484993.20134,5.10705995559692,3.168927482580358,6.3,0.19399999999999998,411181642127.6033,16499.103279585648,9.711061311720059,9.288078663514181,0.1569810901397704,16.527928157727214,84.19465720630298,1.646015214219105,101.95095658886947,103.4640085386787,109.85235799287092,96.03637211471205,110.80238483808071,107.18232044198892,103.4640085386787,109.85235799287092,110.80238483808071,107.18232044198892,0.01082728045684552,0.1569810901397704,101.19466352691767,99.71479835329593
Poland,POL,2011,11370.313427172998,527848543023.4693,38063255.0,25087872.00305,65.911,0.752210021018982,2829.612,417700.0,3879.0,20.3,91185956495.91203,4.8610200881958,5.25546256612796,4.9,0.203,432791139408.4097,17251.01034299737,9.755625991352858,9.33876115251882,0.17275022864249473,16.64947907695077,101.90930859696576,1.6075921578709345,104.55726017753982,105.19888222323388,103.58309135198694,101.40810876426316,121.04011344479544,104.63917525773199,105.19888222323388,103.58309135198694,121.04011344479544,104.63917525773199,0.010973838154409023,0.17275022864249473,100.66777035607339,100.0537841673774
Poland,POL,2012,11542.235336801397,498148649702.66003,38063164.0,25371001.9642,66.655,0.889970004558563,3416.303,446300.0,4410.0,21.5,83101669779.17067,4.86159992218018,1.5117816764457501,1.7,0.215,439333996551.26685,17316.383372292246,9.759408348088806,9.353768224666355,0.16682102787746836,17.590948935708408,115.86004778793482,1.5893439604729558,100.37895188742618,101.51202436704637,118.31403194455777,106.84701939190806,113.68936693127993,105.91133004926108,101.51202436704637,118.31403194455777,113.68936693127993,105.91133004926108,0.011725247013096442,0.16682102787746836,101.12855311568705,99.99976092428248
Poland,POL,2013,11628.22868095249,518179836405.3601,38040196.0,25547415.23164,67.159,0.884829998016357,3426.159,452200.0,4237.0,22.6,88790222990.3212,5.021240234375,0.6842406070518052,0.9,0.226,442340098156.2542,17314.47561898255,9.75929817159494,9.361190927889968,0.17135020846481308,17.70042080186487,111.3821811012751,1.594300841130405,99.98898295753402,100.74503197727142,99.42245171007133,101.32198073045038,96.13510716407107,105.11627906976744,100.74503197727142,99.42245171007133,96.13510716407107,105.11627906976744,0.011887425606324427,0.17135020846481308,100.69533425478792,99.93965819551943
Poland,POL,2014,12093.162278739426,542134167178.62683,38011735.0,25861664.0246,68.036,0.950760006904602,3852.3999999999996,468900.0,3941.0,23.8,97165034171.68007,4.9665699005127,3.920508623900318,1.8,0.23800000000000002,459682079851.4392,17774.6520647002,9.785528680060743,9.400395470924497,0.1792269147641922,18.131083891352674,103.67850875525676,1.5710899429472729,102.65775560198394,103.99831832124626,107.45114982946433,103.69305616983635,93.083568421942,105.30973451327435,103.99831832124626,107.45114982946433,93.083568421942,105.30973451327435,0.012335664236320704,0.1792269147641922,101.2300610066055,99.92518177351137
Poland,POL,2015,12637.522032440615,480054118583.3665,37986412.0,25968650.835559998,68.363,1.00423002243042,4309.744,487000.0,4676.0,24.4,93614978113.8082,4.81700992584229,4.431767002644776,2.5,0.244,480054118583.3666,18485.909091819576,9.824764050135448,9.444425606744861,0.1950092176900071,18.753380877728535,123.09664834888855,1.5391442943434086,104.00152433099889,104.50138467634895,105.62392350724772,103.86009810194072,118.72918488774778,102.52100840336134,104.50138467634895,105.62392350724772,118.72918488774778,102.52100840336134,0.012820373769441557,0.1950092176900071,100.41368881313373,99.93338109928422
Poland,POL,2016,13026.185898871834,473259583969.64294,37970087.0,26221002.979590002,69.057,0.968209981918335,4094.22,466800.0,4261.0,25.2,90101672922.17874,4.6591100692749,3.03117767594847,2.1,0.252,494605411858.33673,18862.947853037105,9.844954845831333,9.474716910374989,0.1903853106711903,17.80252267098057,112.21991669389644,1.5387016467488444,102.03960086217441,103.07547528252388,96.4131683272215,95.85215605749487,91.16407164542403,103.27868852459017,103.07547528252388,96.4131683272215,91.16407164542403,103.27868852459017,0.01229388808089905,0.1903853106711903,100.97175685262958,99.95702410640942
Poland,POL,2017,13695.645284872391,528356676667.21075,37974826.0,26496934.8415,69.775,1.03785002231598,4817.242,494100.0,3924.0,26.3,99023639972.63705,4.57464981079102,5.1524577332590695,4.9,0.263,520089746650.7495,19628.29850931192,9.884727605434882,9.524833198869176,0.1874181672071645,18.64743990033637,103.33161236867814,1.5032986431088649,104.05742868101915,105.13933542172569,107.19265879284426,105.84832904884318,92.07956609924864,104.36507936507937,105.13933542172569,107.19265879284426,92.07956609924864,104.36507936507937,0.013011251190459702,0.1874181672071645,101.0523314540057,100.0124808773812
Poland,POL,2018,14551.085027708908,594616687350.0171,37974750.0,26702325.21,70.316,1.20609998703003,6000.4980000000005,524900.0,4207.0,27.2,115778189054.93346,4.60506010055542,6.245858472394204,7.1,0.272,552573816155.9889,20693.846390165694,9.937591659220834,9.585420842170386,0.19471062874288525,19.657464129881294,110.78413946108927,1.448406035712992,105.42863091443337,106.24607110540019,116.21139481585186,106.23355596033193,107.21224310893473,103.42205323193916,106.24607110540019,116.21139481585186,107.21224310893473,103.42205323193916,0.01382234247756733,0.19471062874288525,100.77514765284592,99.99979986741742
Poland,POL,2019,15221.309062445382,602683770144.8804,37965475.0,26864370.11,70.76,1.32334995269775,7025.908,582900.0,3887.0,28.6,123165077160.99626,4.67881011962891,4.58045817256199,1.6,0.28600000000000003,577884228677.5436,21511.177307017217,9.976327953772683,9.630451637076176,0.2043610318747896,21.697884506996914,102.3824935681695,1.4135789060842523,103.9496326658728,104.60600727341087,109.72141339263612,111.04972375690608,92.41620151242797,105.14705882352942,104.60600727341087,109.72141339263612,92.41620151242797,105.14705882352942,0.015353423077151016,0.2043610318747896,100.60685688877504,99.97557587607555
Poland,POL,2020,14937.596027548221,605914237903.7422,37899070.0,26955334.5468,71.124,1.38608002662659,7274.949,591900.0,4010.0,29.3,128608865395.99239,4.85265016555786,-2.0355688239997676,-1.3,0.293,566120997479.772,21002.18776720688,9.952381890670068,9.611636537275679,0.2122558892838291,21.958547721689,105.80734566837656,1.4140588350022636,97.63383690001804,98.13607992759869,104.74024832214337,101.54400411734431,103.34515402081577,102.44755244755244,98.13607992759869,104.74024832214337,103.34515402081577,102.44755244755244,0.015617797481574085,0.2122558892838291,100.33860625217541,99.82509108604593
Poland,POL,2021,16368.6239689025,689170230665.3503,36981559.0,26978047.2905,72.95,1.43585002422333,8235.853000000001,628100.0,3377.0,29.4,141040433742.81256,4.67303991317749,6.9271826605250055,1.2,0.294,605337233054.782,22438.141149969157,10.018517519751367,9.70312160873207,0.20465253353536023,23.281892615748284,91.31578254989195,1.3958919379614194,106.8371609599853,109.58004178661109,103.59070159302917,106.11589795573578,86.3038213207764,100.34129692832765,109.58004178661109,103.59070159302917,86.3038213207764,100.34129692832765,0.016984140663188374,0.20465253353536023,100.08426066335984,97.57906724360255
Poland,POL,2022,17303.644943229963,695607470875.2762,36821749.0,27125477.835830003,73.667,1.2650702580593531,9520.841,633500.0,4494.217391304352,30.0,134847669878.08,4.6843308815057725,5.255456973860362,4.6,0.3,637150470884.7329,23489.00449757688,10.064287696915695,9.758672448653886,0.19385598275476032,23.354427296510547,122.05333840346236,1.3481723798383722,104.68337969970017,105.7122759744731,88.10601641655758,100.85973571087405,133.6607265417415,102.04081632653062,105.7122759744731,88.10601641655758,133.6607265417415,102.04081632653062,0.017204505956520424,0.19385598275476032,100.54648338236815,99.5678657030116
Poland,POL,2023,17391.144148110157,809200697797.0883,36687353.0,27401417.082169995,74.689,1.300436545368541,11669.349,743700.0,4599.634782608686,33.2,155192378160.67383,4.662022886414455,0.13883275478718815,1.1,0.332,638035044435.6017,23284.74627871596,10.055553759016805,9.763716398634877,0.1917847804421805,27.140932082812714,125.3738524719591,1.3418449600968145,99.13040921388563,100.50566921112438,102.7955986700249,117.39542225730071,102.72054342136907,110.66666666666667,100.50566921112438,102.7955986700249,102.72054342136907,110.66666666666667,0.020271290763331985,0.1917847804421805,101.01726962382025,99.63500918981335
Portugal,PRT,1998,17671.313509604228,123946327916.29564,10160196.0,7167611.87016,70.546,0.624859988689423,609.86,87500.0,96.0,7.0,27462542645.050716,5.264026868013524,4.807963402388623,1.1,0.07,179544008835.02682,25049.348665557543,10.128603104800021,9.779697898125649,0.22156802147133334,12.207692266970751,9.4486366207896,1.0895055077045104,,,,,,,,,,,0.008612038586657187,0.22156802147133334,,
Portugal,PRT,1999,18258.091076488778,127470385557.18367,10217828.0,7240659.45564,70.863,0.681209981441498,726.83,82300.0,81.0,7.5,25869385352.535137,5.0468602180481,3.9065772444209586,2.2,0.075,186558034227.8972,25765.337449005514,10.156785357862876,9.812363607418465,0.20294427791567352,11.36636800891025,7.927320757405585,1.0847285546937933,102.85831297654636,103.32050906439774,109.0180190397953,94.05714285714286,83.8990965105304,107.14285714285714,103.32050906439774,109.0180190397953,83.8990965105304,107.14285714285714,0.00805454936215407,0.20294427791567352,101.01913422215438,100.5672331518014
Portugal,PRT,2000,18822.093287452808,118605192877.38849,10289898.0,7309017.448380001,71.031,0.721560001373291,826.66,82300.0,81.0,7.5,21284768550.518135,5.16384983062744,3.816177564231822,1.1,0.075,193677420074.37408,26498.42081267729,10.1848404182242,9.84278663370508,0.1794589936084997,11.260063419090796,7.871798146104072,1.0895887118476644,102.84523098182854,103.0890535522101,105.92328665625377,100.0,99.29960433038306,100.0,103.0890535522101,105.92328665625377,99.29960433038306,100.0,0.007998135647214384,0.1794589936084997,100.94408517841222,100.70533581109412
Portugal,PRT,2001,19053.089927176843,121604107164.9966,10362722.0,7440019.88712,71.796,0.764819979667664,926.479,98200.0,107.0,7.9,22036965938.77356,5.33713006973267,1.9436721536842896,1.1,0.079,197441874156.33386,26537.815375754697,10.18632599009557,9.854984568303374,0.18121892798302489,13.198889450551293,10.325472400012275,1.1120132355996581,100.14866758798908,101.22726328148646,105.99534040302116,119.31956257594167,131.17044172585372,105.33333333333334,101.22726328148646,105.99534040302116,131.17044172585372,105.33333333333334,0.009476274669917807,0.18121892798302489,101.79233993714209,100.70772324468133
Portugal,PRT,2002,19095.11024779481,134795565549.41945,10419631.0,7565173.08755,72.605,0.721830010414124,914.179,94600.0,130.0,8.1,23405584972.391205,5.25871992111206,0.7709248792894954,0.8,0.081,198964002686.3405,26299.993454713604,10.17732396929562,9.85718757329023,0.17363764807092358,12.504670931545922,12.476449501906545,1.1210113141027307,99.10383760805583,100.22054333852711,94.37907345566202,96.33401221995926,120.8317548928,102.53164556962024,100.22054333852711,94.37907345566202,120.8317548928,102.53164556962024,0.009079016329848916,0.17363764807092358,101.68216217602675,100.54917038206756
Portugal,PRT,2003,18846.541181577195,165226175536.7926,10458821.0,7615276.74652,72.812,0.698019981384277,901.88,88500.0,125.0,9.4,27119280728.379574,5.28152990341187,-0.9305210862764852,0.4,0.094,197112600687.2444,25883.839451707405,10.161374093550418,9.84408468434598,0.16413428828860502,11.621376733346215,11.951633936559388,1.1484060460032275,98.4176649940131,98.69825802002728,96.70143542297627,93.55179704016913,95.79355035848171,116.0493827160494,98.69825802002728,96.70143542297627,95.79355035848171,116.0493827160494,0.008461756827084046,0.16413428828860502,100.66229362355838,100.37611696613824
Portugal,PRT,2004,19137.83710650372,189382122532.16882,10483861.0,7612226.63349,72.609,0.729300022125244,982.318,90700.0,123.0,10.8,29413121345.51458,5.04638004302979,1.7887356595620076,2.2,0.10800000000000001,200638424065.2272,26357.38972648531,10.179503959680059,9.8594226547816,0.15531097102641464,11.915041993227742,11.732318847035458,1.1437368323451462,101.8295209861019,101.5456200802048,104.48125291183415,102.48587570621469,98.1649781888562,114.89361702127661,101.5456200802048,104.48125291183415,98.1649781888562,114.89361702127661,0.008651392840862731,0.15531097102641464,99.9599474433888,100.23941513101715
Portugal,PRT,2005,19251.714559540942,197253876704.9213,10503330.0,7687807.3602,73.194,0.757550001144409,1062.754,111000.0,158.0,11.1,27011429024.997414,5.07394981384277,0.7818477575989959,1.1,0.111,202207111084.66318,26302.31242935342,10.177412139371146,9.86535540377771,0.136937379767723,14.438447114927747,15.042848315724632,1.1554277636928951,99.79103660224537,100.5950382606116,103.87357440862843,122.38147739801543,128.21717950092778,102.77777777777777,100.5950382606116,103.87357440862843,128.21717950092778,102.77777777777777,0.010568076981300216,0.136937379767723,100.99288592351523,100.18570448425442
Portugal,PRT,2006,19529.312130647246,208756449275.84793,10522288.0,7745877.08832,73.614,0.954479992389679,1422.4920000000002,112600.0,184.0,11.7,26683653883.00452,4.90767002105713,1.625034638136441,1.9,0.11699999999999999,205493046680.56393,26529.34513903231,10.18600676303642,9.87967180208543,0.12782193783984658,14.536765651728379,17.48669110748537,1.1825181041920896,100.86316634816306,101.44193687397431,125.99564265695645,101.44144144144146,116.24587804429387,105.40540540540539,101.44193687397431,125.99564265695645,116.24587804429387,105.40540540540539,0.010701094666863328,0.12782193783984658,100.75534837697194,100.18049513820854
Portugal,PRT,2007,19979.57061263958,240496147317.38077,10542964.0,7787033.210399999,73.86,1.12416994571686,1782.23,105000.0,250.0,12.0,32304736561.75405,4.92147016525269,2.5065797150596723,1.6,0.12,210643893704.51706,27050.596551096107,10.205464337676407,9.902465561112733,0.1343253807684568,13.483954307497608,23.712496789327936,1.1940111196790006,101.96481070049816,102.30555218217721,117.77826195207481,93.25044404973357,135.60310892194775,102.56410256410258,102.30555218217721,117.77826195207481,135.60310892194775,102.56410256410258,0.009959248651517733,0.1343253807684568,100.5313293977006,100.19649718768389
Portugal,PRT,2008,20014.47488122353,263416394624.08353,10558177.0,7807455.146190001,73.947,1.44334995746613,2374.6809999999996,113200.0,381.0,12.6,30095330950.3658,4.69609022140503,0.3192471624353175,0.6,0.126,211316368358.01202,27065.97276593172,10.206032600426372,9.90421103482087,0.11425002985601662,14.498962578765635,36.08577503483793,1.1808590886689636,100.05684242418302,100.17469979340731,128.39250532940866,107.8095238095238,152.180410841758,105.0,100.17469979340731,128.39250532940866,152.180410841758,105.0,0.010721547858119825,0.11425002985601662,100.26225566577432,100.14429528546242
Portugal,PRT,2009,19371.131868075012,244667762835.54318,10568247.0,7759841.04222,73.426,1.58001005649567,2527.3349999999996,110400.0,571.0,13.1,26959692822.546688,5.56314992904663,-3.1220781229054637,-0.4,0.131,204718906251.38815,26381.84276424565,10.180431278427708,9.871539188771019,0.1101889865264678,14.227095555093465,54.0297742851771,1.1487871972944497,97.47236130176266,96.78561132896839,109.46825808409302,97.52650176678446,149.7259632999864,103.96825396825398,96.78561132896839,109.46825808409302,149.7259632999864,103.96825396825398,0.010446387182282928,0.1101889865264678,99.39014566105787,100.09537631354353
Portugal,PRT,2010,19698.68365417393,238443864993.21713,10573100.0,7790048.618,73.678,1.53529000282288,2479.208,109700.0,499.0,13.9,25189754717.182526,5.41248989105225,1.737624510454367,3.1,0.139,208276152143.94635,26736.181294516584,10.193773031726181,9.888307092908471,0.10564228489543685,14.082068723746186,47.19524075247563,1.1633034942129825,101.34311516233868,101.69092744982416,97.16963487106054,99.36594202898551,87.35043108522387,106.10687022900764,101.69092744982416,97.16963487106054,87.35043108522387,106.10687022900764,0.010375386594281714,0.10564228489543685,100.38928085788929,100.04592057698878
Portugal,PRT,2011,19389.639556331764,245426767676.00244,10557560.0,7774164.8816,73.636,1.4574099779129,2339.488,96400.0,571.0,15.5,32582130787.317257,5.12333011627197,-1.7135275032034514,1.5,0.155,204707282994.34598,26331.73930731132,10.178530308315128,9.872494158911351,0.1327570382637733,12.400045724288772,54.08446648657455,1.1846878409086639,98.48728588892307,98.43114340395694,94.92734110384455,87.87602552415679,114.59728910004034,111.51079136690647,98.43114340395694,94.92734110384455,114.59728910004034,111.51079136690647,0.009130897669537279,0.1327570382637733,99.79610221734305,99.85302323821774
Portugal,PRT,2012,18679.76265809479,216536676771.97272,10514844.0,7718526.38664,73.406,1.37861001491547,2123.5570000000002,96900.0,621.0,16.7,29668073078.00193,4.94940996170044,-4.050902618683551,1.0,0.16699999999999998,196414790306.89206,25447.187774970425,10.144360515871933,9.835196006032673,0.13701176872333895,12.554209851212562,59.05936407615748,1.2043917926898295,96.64074020322961,96.33888553639895,94.59315057590891,100.51867219917013,109.19838525321842,107.74193548387096,96.33888553639895,94.59315057590891,109.19838525321842,107.74193548387096,0.009215543283381094,0.13701176872333895,99.28431547558651,99.59539893687557
Portugal,PRT,2013,18597.721407072004,226677408291.74533,10457295.0,7636335.1008,73.024,1.32467997074127,2228.3260000000005,107200.0,647.0,17.6,35274866477.59876,5.2709698677063,-0.9841067581035361,1.4,0.17600000000000002,194481859081.56702,25467.957667440845,10.145176378949294,9.830794347200813,0.15561703631355367,14.038147695845547,61.87068453170729,1.2084226337760509,100.08161959841728,99.56080142706078,96.0880855651185,110.6295149638803,104.76016039035672,105.38922155688626,99.56080142706078,96.0880855651185,104.76016039035672,105.38922155688626,0.010251216973414252,0.15561703631355367,98.93514277566939,99.45268802846718
Portugal,PRT,2014,18836.896751180826,230078616299.67526,10401062.0,7614929.522059999,73.213,1.28991997241974,2193.824,124300.0,722.0,19.7,34320922389.084145,5.12400007247925,0.7413914705836788,-1.1,0.19699999999999998,195923730996.63034,25728.896167594317,10.155370003756788,9.843572818596142,0.14917041375275597,16.323197692100795,69.41598848271455,1.2012486192512277,101.02457567882274,101.2860464939424,97.37597011434552,115.95149253731343,112.19528118707088,111.93181818181816,101.2860464939424,97.37597011434552,112.19528118707088,111.93181818181816,0.011950702726317755,0.14917041375275597,99.7196878023627,99.46226055590857
Portugal,PRT,2015,19215.781301434683,199038523119.63934,10358076.0,7601377.65336,73.386,1.24329996109009,2199.011,124200.0,925.0,20.7,31658505277.00082,4.88554000854492,1.5897982889385531,-0.2,0.207,199038523119.63934,26184.53288288595,10.172924167443755,9.863487163188944,0.1590571753688673,16.33914346369838,89.30229899838541,1.1909841770351015,101.77091435374328,102.01139580079774,96.38582142098346,99.9195494770716,128.64802612531088,105.07614213197971,102.01139580079774,96.38582142098346,128.64802612531088,105.07614213197971,0.011990643822269696,0.1590571753688673,99.82203553347748,99.58671527965124
Portugal,PRT,2016,19662.82308547696,206305431241.63824,10325452.0,7610890.669199999,73.71,1.28075003623962,2350.133,126300.0,724.0,21.4,34288562554.284447,4.7709059715271,2.004141093604872,0.7,0.214,203027535953.58426,26675.92332855374,10.191516689574792,9.886484978787898,0.16620290773694402,16.5946412173696,70.11799580299245,1.1921398030053858,101.87664392512023,102.3264304325159,103.01215123635129,101.69082125603866,78.51757075622453,103.38164251207729,102.3264304325159,103.01215123635129,78.51757075622453,103.38164251207729,0.012231910041323131,0.16620290773694402,100.12514857534798,99.68503803215964
Portugal,PRT,2017,20364.196371144404,220862990767.2286,10300300.0,7689482.959000001,74.653,1.3192800283432,2544.8759999999997,134400.0,644.0,21.8,40931046897.162895,5.0156102180481,3.314720782334163,1.0,0.218,209757331881.6987,27278.47021706348,10.213853033297903,9.921533558029376,0.18532324838569647,17.47841834315976,62.52245080240381,1.174173215245844,102.25876675790553,103.5670019641558,103.00839281775131,106.41330166270784,89.1674813097489,101.86915887850468,103.5670019641558,103.00839281775131,89.1674813097489,101.86915887850468,0.013048163645719056,0.18532324838569647,101.03262933624906,99.75640775822696
Portugal,PRT,2018,20997.77449158857,242092894542.88766,10283822.0,7725515.60106,75.123,1.3495500087738,2724.337,145300.0,661.0,22.6,45547222432.972595,4.67515993118286,2.9462824162085326,0.2,0.226,215937375267.63736,27951.19269942437,10.238215150281896,9.952171734498624,0.18813944341065217,18.807806171547142,64.275713834798,1.14778254465193,102.46612979763097,103.11123556705597,102.29443179463682,108.11011904761905,102.80421354232452,103.6697247706422,103.11123556705597,102.29443179463682,102.80421354232452,103.6697247706422,0.01412898823025136,0.18813944341065217,100.46859642256993,99.84002407696863
Portugal,PRT,2019,21569.187447075255,240115970063.01923,10286263.0,7769111.58127,75.529,1.39561998844147,2934.732,159400.0,703.0,23.9,44896097561.29116,4.63002014160156,2.745684716195541,1.7,0.239,221866334776.91467,28557.491092262913,10.259674565685193,9.979021068162536,0.1869767244115751,20.51714643721763,68.34357628227083,1.1302322941717424,102.16913245655891,102.72130246810482,103.41372897396586,109.70406056434962,106.32877054921255,105.75221238938053,102.72130246810482,103.41372897396586,106.32877054921255,105.75221238938053,0.015496395532566104,0.1869767244115751,100.56431159370149,100.02373631126638
Portugal,PRT,2020,19778.713825577637,229618773422.5765,10297081.0,7638065.7733700005,74.177,1.61391997337341,3168.8100000000004,171600.0,695.0,24.8,41063329591.05133,4.87656021118164,-8.20463206255478,0.4,0.248,203663018337.79282,26664.21373953872,10.191077635989753,9.8923615790776,0.17883263192718507,22.466420831080136,67.49485606649108,1.1753630896825786,93.37029521743548,91.69892873391295,115.64179266131909,107.65370138017565,98.75815656430622,103.76569037656904,91.69892873391295,115.64179266131909,98.75815656430622,103.76569037656904,0.016664916979870315,0.17883263192718507,98.31324590296877,100.10516938950519
Portugal,PRT,2021,20747.699097903107,256055879091.13928,10361831.0,7796034.40778,75.238,1.6807199716568,3525.775,193500.0,711.0,26.2,50279029750.85861,4.78316020965576,5.5587575230543536,1.0,0.262,214984151691.32446,27576.09066947966,10.224704396176488,9.9401906326624,0.19635959904268607,24.82031118370873,68.61721639737225,1.1897050615362978,103.41985306166659,104.89913186909246,104.13899074213482,112.76223776223777,101.66288276809642,105.64516129032258,104.89913186909246,104.13899074213482,101.66288276809642,105.64516129032258,0.018674305728398774,0.19635959904268607,102.06817588506183,100.62881898277773
Portugal,PRT,2022,22042.868170270016,256898675068.92706,10434332.0,7976629.44072,76.446,1.72783005237579,4026.629,222100.0,886.2717391304323,26.8,49107379741.001724,4.806751978727192,6.98584193827881,0.8,0.268,230002604720.82986,28834.560565981235,10.26932996632809,10.000744389567298,0.19115466332329661,27.843840766401758,84.93804290781932,1.143130110425977,104.56362691719174,106.24247086992797,102.80297024569478,114.78036175710595,123.78532293693002,102.29007633587786,106.24247086992797,102.80297024569478,123.78532293693002,102.29007633587786,0.021285502512283488,0.19115466332329661,102.31649866449763,100.69969294036932
Portugal,PRT,2023,22292.42183688373,289114289663.54236,10578174.0,8214269.456220001,77.653,1.724990080776422,4403.925,223200.0,922.4734782608721,27.1,60256325553.56896,4.7876988583402635,2.5262811080676357,0.5,0.271,235813117071.9557,28707.74063704393,10.264922073990688,10.012002071751176,0.20841697455941194,27.172227693479023,87.20536060957895,1.1324766451229316,99.5601808161872,101.13212883498662,99.83563362638225,100.4952723998199,102.66937831875909,101.11940298507463,101.13212883498662,99.83563362638225,102.66937831875909,101.11940298507463,0.02110004997081727,0.20841697455941194,102.97920339995825,101.37854536351729
Romania,ROU,1998,4463.607918062118,41696091973.707634,22507344.0,12657455.045280002,56.237,0.495409995317459,183.61399999999998,221300.0,1299.0,6.9,4664941642.12367,3.558532051956629,-2.0298129057172076,1.1,0.069,100463958892.9479,7937.137326070234,8.979307950953322,8.40371266822836,0.11187958922062165,17.483767408877615,57.714495322060216,2.2388006615512097,,,,,,,,,,,0.009832346277730504,0.11187958922062165,,
Romania,ROU,1999,4453.781260461815,35953156753.73903,22472040.0,12711534.1464,56.566,0.398319989442825,134.341,190200.0,1061.0,7.0,4139526391.71869,3.5463928340317317,-0.3766607057589937,1.4,0.07,100085550636.34833,7873.601210023362,8.971270823792784,8.401508735803484,0.11513666018459397,14.962788740481496,47.21422710176735,2.270243088763886,99.19950841926116,99.7798494450971,80.40208982614114,85.9466787166742,81.80653203030027,101.44927536231884,99.7798494450971,80.40208982614114,81.80653203030027,101.44927536231884,0.008463851078940763,0.11513666018459397,100.42725098312843,99.84314453095843
Romania,ROU,2000,4569.309147684623,37253739511.12733,22442971.0,12747831.957710002,56.801,0.36625999212265,148.682,178900.0,1003.0,7.5,5962638478.915385,2.86862993240356,2.461216468821405,3.1,0.075,102548872691.5207,8044.416731544554,8.99273355605791,8.427117301275752,0.1600547638213448,14.03375888492158,44.69105271311896,2.2816955740139537,102.16947133801668,102.59392818072142,91.9511954785345,94.05888538380653,94.65590237618451,107.14285714285714,102.59392818072142,91.9511954785345,94.65590237618451,107.14285714285714,0.007971315384224308,0.1600547638213448,100.28555020103754,99.87064369767943
Romania,ROU,2001,4875.303106006347,40395116581.48316,22131970.0,12590213.7739,56.887,0.391290009021759,176.643,189500.0,1128.0,7.9,6992477870.353834,3.26628994941711,5.2181845115115095,6.4,0.079,107900062083.03929,8570.153296897968,9.05604089905121,8.491937557090171,0.17310205940980344,15.051372709241905,50.96699480434864,2.2422983266440184,106.53542180742383,106.69672259923095,106.83394786147626,105.92509782001119,114.04294978575744,105.33333333333334,106.69672259923095,106.83394786147626,114.04294978575744,105.33333333333334,0.008562274393106443,0.17310205940980344,98.763568704601,98.61426100849125
Romania,ROU,2002,5248.54994632668,46065502702.581696,21730496.0,12376821.301760001,56.956,0.37720999121666,183.685,186900.0,1478.0,8.0,8670168274.319832,3.5041298866272,5.70299165043771,16.7,0.08,114053593614.45213,9215.095769237094,9.128598262804895,8.56570711673555,0.18821390771089797,15.100807828050531,68.01501447550945,2.1697370205934554,107.52544849544951,107.65586943426133,96.40164137073175,98.62796833773088,133.4491365178671,101.26582278481013,107.65586943426133,96.40164137073175,133.4491365178671,101.26582278481013,0.008600816106544461,0.18821390771089797,98.30509254273053,98.18599970992189
Romania,ROU,2003,5410.308357962516,57806384143.16596,21574326.0,12323902.240980001,57.123,0.39708000421524,202.354,178000.0,881.0,7.9,9435464451.430374,3.54397010803223,2.341147329195209,4.1,0.079,116723756275.20802,9471.330913926993,9.156024716318711,8.596061367991172,0.1632253009989704,14.443477116209692,40.83557465480034,2.1537554232349336,102.78060208061312,103.08196384315724,105.26762637821201,95.23809523809523,60.03905897793235,98.75,103.08196384315724,105.26762637821201,60.03905897793235,98.75,0.008250547433092463,0.1632253009989704,99.5724341534084,99.28133255679023
Romania,ROU,2004,6008.640484614847,74973656851.80765,21451748.0,12261819.156799998,57.16,0.389420002698898,234.17400000000004,177400.0,937.0,8.7,11853230265.619213,3.31273007392883,10.428113018097648,12.0,0.087,128895841498.55557,10511.967257898614,9.260269625983868,8.700953793057444,0.15809860107328386,14.46767381996658,43.679424166273066,2.0629711660413363,110.98722400715016,111.05911321619493,98.07091733780938,99.6629213483146,106.96414715725918,110.126582278481,111.05911321619493,98.07091733780938,106.96414715725918,110.126582278481,0.008269722355492896,0.15809860107328386,99.49623842378786,99.4318339307564
Romania,ROU,2005,6328.090223241827,98454380120.07607,21319685.0,12197418.1822,57.212,0.412620007991791,318.924,158700.0,916.0,9.1,13999479954.554686,3.50039005279541,4.6681480508487,5.5,0.091,134912890211.09543,11060.774353705214,9.311160286522865,8.752753767127427,0.1421925559582089,13.010950155959637,42.964987522095186,2.021679616541176,105.22078391553427,105.3165061122384,105.95757925430229,89.45885005636978,98.36436340951232,104.59770114942528,105.3165061122384,105.95757925430229,98.36436340951232,104.59770114942528,0.007443824803227628,0.1421925559582089,99.47478450157794,99.38437184699353
Romania,ROU,2006,6876.778414179657,122023735992.70625,21193760.0,12152290.0464,57.339,0.456820011138916,437.655,178500.0,814.0,9.6,20733509403.572655,4.30650997161865,8.028811075991626,8.1,0.096,145744791283.30426,11993.195580982678,9.39209473302693,8.835905567509409,0.16991374042843568,14.688589501933336,38.40753127335593,1.9764301342015802,108.42998145934615,108.67067585292331,110.71203584194696,112.47637051039698,89.39262755192111,105.4945054945055,108.67067585292331,110.71203584194696,89.39262755192111,105.4945054945055,0.008422290334513555,0.16991374042843568,99.63001895051974,99.40934868409173
Romania,ROU,2007,7483.973758206105,174588782938.583,20882982.0,12010220.60784,57.512,0.51147997379303,650.74,179400.0,827.0,9.9,31075319332.93016,4.14953994750977,7.233807743628049,5.5,0.099,156287689281.09045,13012.890802277969,9.473695745308211,8.92051918100169,0.17799149985404195,14.937277661901708,39.60162394431983,1.9257797120471967,108.50228126782322,108.82964823723901,111.96531704419846,100.50420168067227,103.1090065707823,103.125,108.82964823723901,111.96531704419846,103.1090065707823,103.125,0.008590727128912911,0.17799149985404195,98.83092455810758,98.53363442824681
Romania,ROU,2008,8318.003427953878,214315932061.2754,20537875.0,11860828.19125,57.751,0.552150011062622,807.528,163100.0,995.0,10.7,46745414288.86071,4.0971999168396,9.307467170773378,11.1,0.107,170834114652.88824,14403.219732911772,9.575207053134317,9.026177532415526,0.21811450898338094,13.751147674520952,48.44707643804434,1.8116846359610186,110.68424343029466,111.14420890149792,107.95144274525381,90.91415830546265,122.33608527307183,108.08080808080807,111.14420890149792,107.95144274525381,122.33608527307183,108.08080808080807,0.007941425293512596,0.21811450898338094,98.75612262698588,98.34742471166234
Romania,ROU,2009,7924.870580702117,174110532658.86713,20367487.0,10991314.359550001,53.965,0.443949997425079,554.924,169900.0,1054.0,11.2,39230267810.10071,4.00213003158569,-5.516706158430111,-0.9,0.11199999999999999,161409698529.1328,14685.204448628028,9.594595765812144,8.977761268101363,0.2253181769707416,15.457659970609368,51.74914313189448,1.7346227099100133,101.95778944531348,95.2737114061461,80.4038736811197,104.16922133660331,106.81582241205602,104.67289719626167,95.2737114061461,80.4038736811197,106.81582241205602,104.67289719626167,0.008341726203139346,0.2253181769707416,92.66902936557618,99.17037181305271
Romania,ROU,2010,7660.706676305172,170064350671.8273,20246871.0,11592953.397179998,57.258,0.44666001200676,570.604,155100.0,1382.0,11.9,37103653298.5769,3.41717004776001,-3.905811573029723,-2.0,0.11900000000000001,155105339843.98956,13379.277439493473,9.50146232919661,8.94385951387169,0.21817419789627582,13.378816828309539,68.25746062194006,1.855614196742554,91.10719218310534,96.66664708644944,100.61043239044918,91.2889935256033,131.9006586214778,106.25000000000003,96.66664708644944,100.61043239044918,131.9006586214778,106.25000000000003,0.007660442939553475,0.21817419789627582,105.47376790390179,99.4078012667935
Romania,ROU,2011,8044.571949208916,192623977894.17334,20147528.0,11482479.15776,56.992,0.474590003490448,654.929,171100.0,1424.0,12.9,43961010729.80815,2.91375994682312,4.495589099463132,6.5,0.129,162078238594.7012,14115.265211273363,9.5550121298326,8.99275285095176,0.22822190264370987,14.900963254470053,70.67864603538459,1.8082060193911929,105.50095306049468,105.01083371448033,106.25307632939958,110.31592520954223,103.54713666664928,108.40336134453781,105.01083371448033,106.25307632939958,103.54713666664928,108.40336134453781,0.008492356977987572,0.22822190264370987,99.04705698681691,99.50934146812116
Romania,ROU,2012,8234.285534251936,179117323107.08725,20058035.0,11538585.214100001,57.526,0.462399989366531,641.656,188600.0,1022.0,13.5,39110485827.11002,2.82322001457214,1.9036169679960295,2.6,0.135,165163587446.01904,14314.024152995056,9.568995045665783,9.016061879194224,0.2183512189031956,16.34515813685141,50.95214959989849,1.7797572628959788,101.4081134059242,102.35828066727251,97.43146420399427,110.22793687901813,72.08987785984155,104.65116279069768,102.35828066727251,97.43146420399427,72.08987785984155,104.65116279069768,0.009402715669805143,0.2183512189031956,100.48862319338141,99.55581151196316
Romania,ROU,2013,8287.95844089676,189798603751.23538,19983693.0,11555570.477250002,57.825,0.390240013599396,555.565,200000.0,993.0,13.8,46145277145.52164,3.06800007820129,0.27877187747023413,1.5,0.138,165624017079.6395,14332.829123902739,9.570307927986716,9.022558950116128,0.24312759015868832,17.307669958289765,49.69051516153696,1.7832910847386287,100.13137445282115,100.65182226705114,84.39446854962276,106.04453870625663,97.52388378455372,102.22222222222221,100.65182226705114,84.39446854962276,97.52388378455372,102.22222222222221,0.01000816015338106,0.24312759015868832,100.14720403615208,99.6293654886932
Romania,ROU,2014,8661.47397274241,199722319675.74106,19908979.0,11709465.99885,58.815,0.382079988718033,572.986,206500.0,952.0,14.2,49854517747.021866,3.12508010864258,4.116001092678317,4.1,0.142,172441103432.3752,14726.641116624009,9.597413453353656,9.066640191777969,0.24961916038209006,17.635304634752824,47.817620381236026,1.7592051696543596,102.74762218482402,104.50672544401942,97.90897278674767,103.25,96.23088073405476,102.89855072463767,104.50672544401942,97.90897278674767,96.23088073405476,102.89855072463767,0.010372204420929874,0.24961916038209006,101.33178644795579,99.62612516115014
Romania,ROU,2015,8977.017481581965,177885131240.31528,19815616.0,11876885.76192,59.937,0.487960010766983,779.8040000000001,224400.0,975.0,15.0,43915923500.01333,3.10695004463196,3.157036054385401,4.9,0.15,177885131240.31528,14977.422095837237,9.614299152531583,9.102422977129413,0.24687798914842846,18.893841744228737,49.203617995019684,1.7496091919472736,101.7029068422815,103.64306941096363,127.7114806258768,108.6682808716707,102.8985081288728,105.63380281690142,103.64306941096363,127.7114806258768,102.8985081288728,105.63380281690142,0.011324401926238377,0.24687798914842846,101.42978136736929,99.53105078869187
Romania,ROU,2016,9286.87678236598,185290759248.84393,19702267.0,11880861.04634,60.302,0.488640010356903,816.5450000000001,225700.0,1005.0,15.1,40874084705.25885,3.02559995651245,2.8599325230208876,2.7,0.151,182972525962.27542,15400.61155909585,9.642162499242835,9.136357583933709,0.22059429661230595,18.996939625813468,51.00935846621102,1.7414939933373432,102.82551603707712,103.45169541464914,100.13935559777762,100.57932263814618,103.66993433567042,100.66666666666666,103.45169541464914,100.13935559777762,103.66993433567042,100.66666666666666,0.011455534533158037,0.22059429661230595,100.03347076413537,99.42798144655205
Romania,ROU,2017,10106.226955725268,210147385855.41934,19588715.0,12146962.1715,62.01,0.506929993629456,942.1709999999999,256800.0,1098.0,15.3,43862437896.886444,3.11820006370544,8.195478266412607,7.0,0.153,197967999561.0199,16297.737390300385,9.698781566748778,9.220907043122473,0.20872226279828027,21.141088312806396,56.052681352503214,1.6892446817949693,105.82526107980871,108.82266657090874,103.74303840964517,113.77935312361542,109.88705413661089,101.32450331125828,108.82266657090874,103.74303840964517,109.88705413661089,101.32450331125828,0.013109588862771243,0.20872226279828027,102.23974612717126,99.42366023158655
Romania,ROU,2018,10788.015091462963,243468683030.3401,19473970.0,12179215.5777,62.541,0.49728998541832,1022.5070000000001,259800.0,1100.0,15.5,44214350411.17206,3.31918001174927,6.120930007146001,6.0,0.155,210085482250.697,17249.508468785218,9.755538927490353,9.28619108317067,0.1816017972449551,21.33142305779452,56.485657521296375,1.6304587674434732,105.83989700957682,106.74621833375171,98.09835513142225,101.16822429906543,100.77244506122778,101.30718954248366,106.74621833375171,98.09835513142225,100.77244506122778,101.30718954248366,0.01334088529457527,0.1816017972449551,100.26552652214293,99.414229059946
Romania,ROU,2019,11270.475802015904,251677082534.49512,19371648.0,12287436.3264,63.43,0.476159989833832,1065.22,249600.0,881.0,16.0,48524343041.844475,3.56695008277893,3.9232638496349352,2.9,0.16,218327690029.1698,17768.367967863636,9.785175074942423,9.329941824600137,0.19280397942150207,20.313431815205046,45.47883587395352,1.604731784914513,103.00796686477965,104.47219165400254,95.75097102212638,96.07390300230946,80.51395322220861,103.2258064516129,104.47219165400254,95.75097102212638,80.51395322220861,103.2258064516129,0.012884809800384561,0.19280397942150207,100.88856912015049,99.4745704137369
Romania,ROU,2020,10916.312605649326,252033792712.14456,19265250.0,12356924.0025,64.141,0.465380012989044,1022.9509999999999,259700.0,817.0,16.2,48344232776.95115,3.58926010131836,-3.67438440910189,1.0,0.162,210305491425.98566,17019.242926754065,9.742099919748735,9.298013518799035,0.1918164713418671,21.016557190726317,42.407962523195906,1.6243408059235964,95.78394007561943,96.85760208718757,97.73605992209679,104.04647435897436,93.24768699166208,101.25,96.85760208718757,97.73605992209679,93.24768699166208,101.25,0.013480229947703768,0.1918164713418671,100.56551809713716,99.45075400915813
Romania,ROU,2021,11607.977117307484,286578196368.29675,19122059.0,12523036.4391,65.49,0.473019987344742,1137.316,262600.0,772.0,16.4,54661116676.65022,3.32452988624573,5.545709625905104,0.9,0.16399999999999998,221968423307.80362,17724.808546812466,9.782720550033812,9.359447823275682,0.19073717878523577,20.969355257970683,40.372221422389714,1.6316889076789742,104.1456933372122,106.33606362005624,101.6416636173582,101.11667308432808,95.19962530693923,101.23456790123456,106.33606362005624,101.6416636173582,95.19962530693923,101.23456790123456,0.013732830758444997,0.19073717878523577,101.34428630107617,99.2567394661372
Romania,ROU,2022,12114.871510994846,296354358293.4749,19048502.0,12676397.11096,66.548,0.48996130355458334,1299.772,262500.0,927.7101449275397,17.1,52026152248.89657,3.2671908217591117,3.965307663117173,4.4,0.171,230770154206.92834,18204.71165323503,9.809435721606594,9.402189027415998,0.17555386243847954,20.70777664207465,48.70252500314931,1.6030243551474737,102.70752208778507,104.36677630016675,103.58152227455335,99.96191926884997,120.63375084963684,104.26829268292686,104.36677630016675,103.58152227455335,120.63375084963684,104.26829268292686,0.013780611199767834,0.17555386243847954,101.22462848851235,99.61532908145509
Romania,ROU,2023,12399.000827838783,350775856415.1892,19059479.0,12718771.52628,66.732,0.49334700789572494,1662.123,246200.0,919.2136231884033,16.1,66125796042.53397,3.2550516038342145,2.404271779128095,2.6,0.161,236318495899.1759,18580.29255505422,9.82985675794108,9.425371169946416,0.1885129630024064,19.357215395472146,48.22868574678265,1.5675419611725392,102.06309722984517,102.34529368789487,100.69101464066222,93.7904761904762,99.027074558586,94.15204678362574,102.34529368789487,100.69101464066222,99.027074558586,94.15204678362574,0.012917456977706474,0.1885129630024064,100.33427806772765,100.05762657871995
Slovakia,SVK,1998,8966.219262553042,29976207629.488758,5390516.0,3698918.17404,68.619,0.765410006046295,255.943,83800.0,213.0,11.7,7529023240.021062,3.7888017501755726,3.826106504649914,4.8,0.11699999999999999,48332548394.30038,13066.671421258023,9.477820100982166,9.101219379307407,0.2511666363230841,22.65527271950239,39.51384245960869,1.7402885115223654,,,,,,,,,,,0.015545821587395344,0.2511666363230841,,
Slovakia,SVK,1999,8914.683229073158,30496272225.13366,5396020.0,3714026.6058,68.829,0.644749999046326,282.105,78400.0,213.0,12.5,7738974264.301825,4.1072998046875,-0.4732616097354594,2.4,0.125,48103808997.74334,12951.929025662377,9.469000015544927,9.095454997312968,0.25376787717430294,21.10916488254738,39.47353790386248,1.7725138970117431,99.12186974098873,99.42522001781596,84.23589892386761,93.55608591885442,99.89799889548223,106.83760683760684,99.42522001781596,84.23589892386761,99.89799889548223,106.83760683760684,0.014529227097008535,0.25376787717430294,100.40845541991263,100.1021052530036
Slovakia,SVK,2000,8997.212059838506,29215726004.77653,5388720.0,3733520.7648,69.284,0.638059973716736,293.868,84000.0,236.0,12.9,7476353573.97484,3.86468005180359,0.7892255961839112,2.8,0.129,48483456571.09296,12985.988193289224,9.471626223880373,9.104670037200314,0.25590168708292643,22.49887044742331,43.79518698317968,1.8028029061914914,100.26296598413535,100.92576290872792,98.9623845925575,107.14285714285714,110.94821824646819,103.2,100.92576290872792,98.9623845925575,110.94821824646819,103.2,0.015588117400792767,0.25590168708292643,100.5248793578796,99.86471510483653
Slovakia,SVK,2001,9277.357997667725,30726659550.971695,5378867.0,3759021.2029500003,69.885,0.624650001525879,335.538,84100.0,246.0,11.6,7670952352.14702,3.93569993972778,2.9251590337179465,3.2,0.11599999999999999,49901674780.841,13275.177788749696,9.493651238769964,9.135332086718742,0.24965136022748805,22.372845339100536,45.7345385189855,1.8046879869252646,102.22693561056768,103.11369717603662,97.89832104453393,100.11904761904762,104.42822983390998,89.92248062015503,103.11369717603662,97.89832104453393,104.42822983390998,89.92248062015503,0.01563526296523041,0.24965136022748805,100.68301315986832,99.81715509434522
Slovakia,SVK,2002,9690.684627963647,35243658398.75457,5376912.0,3739911.1416,69.555,0.563139975070953,354.245,92000.0,259.0,12.3,8791207482.407158,4.24539995193481,4.417253916132211,7.1,0.12300000000000001,52105958464.31327,13932.405474751846,9.541972734906185,9.178920355429627,0.24944083224679703,24.599514939448742,48.16891182150648,1.7563625484921648,104.95080138632215,104.45521915182997,90.15288140483938,109.3935790725327,105.32283342382564,106.03448275862071,104.45521915182997,90.15288140483938,105.32283342382564,106.03448275862071,0.01711019261613357,0.24944083224679703,99.49162134720062,99.96365405577048
Slovakia,SVK,2003,10168.022477563747,46616149116.74108,5373374.0,3758406.4442999996,69.945,0.561460018157959,326.69899999999996,80400.0,210.0,14.4,10435184696.9626,4.20956993103027,4.856698202330449,7.2,0.14400000000000002,54636587612.35662,14537.168457450494,9.584463990544537,9.227003023484839,0.2238534262199503,21.392045057270128,39.081590077295935,1.7253161490091085,104.34069324062231,104.925739180725,99.70168040143442,87.39130434782608,81.13446743849167,117.07317073170731,104.925739180725,99.70168040143442,81.13446743849167,117.07317073170731,0.014962665915307588,0.2238534262199503,100.49453855986768,99.9342001505697
Slovakia,SVK,2004,10718.210135728636,57215475076.29861,5372280.0,3742974.9215999995,69.672,0.50068998336792,378.405,83300.0,215.0,15.7,12830832629.097399,4.10157012939453,5.3894989864807314,2.9,0.157,57581225947.97224,15383.812917281888,9.64107112633156,9.279699455733907,0.22425458517974528,22.255024878550877,40.02025210897421,1.6821696656936442,105.82399841007192,105.41096028631827,89.17642702513109,103.60696517412936,102.40180102657487,109.02777777777777,105.41096028631827,89.17642702513109,102.40180102657487,109.02777777777777,0.015505520933383964,0.22425458517974528,99.58941314813347,99.97964035259783
Slovakia,SVK,2005,11412.159287465369,62547753148.46378,5372807.0,3706807.0054400004,68.992,0.493319988250732,411.966,97400.0,155.0,16.7,15367497765.159803,3.75995993614197,6.484932016228157,3.2,0.16699999999999998,61315329304.808945,16541.279115644375,9.713614300269757,9.342434670128144,0.24569224299206086,26.27598357752606,28.848979686037485,1.619225602794284,107.52392274000037,106.47448727865007,98.52803224310314,116.92677070828333,72.08595190125837,106.36942675159236,106.47448727865007,98.52803224310314,72.08595190125837,106.36942675159236,0.01812832658980678,0.24569224299206086,99.03371203607908,100.00980961528438
Slovakia,SVK,2006,12430.201456279196,70751813442.98813,5373054.0,3687795.6129,68.635,0.474880009889603,482.9649999999999,99900.0,193.0,17.8,16652158070.415365,3.70770001411438,8.92568695741896,6.4,0.17800000000000002,66788143655.46676,18110.58710028294,9.804251968920898,9.427884391636429,0.23536015912629135,27.0893537729009,35.91998144816709,1.5642728983076122,109.48722268493947,108.92067962924423,96.2620654341383,102.56673511293634,124.51040500940793,106.5868263473054,108.92067962924423,96.2620654341383,124.51040500940793,106.5868263473054,0.018592777962030533,0.23536015912629135,99.48712213740559,100.0045972245048
Slovakia,SVK,2007,13770.960368382717,86587749517.97243,5374622.0,3671296.79576,68.308,0.447459995746613,499.81,110000.0,239.0,18.5,22180620057.188564,3.52321004867554,10.818631131364981,7.5,0.185,74013706557.03786,20160.098917231826,9.911460628781988,9.53031733281889,0.25616348941584033,29.96216490234175,44.468243534149934,1.4880148285734194,111.3166503415942,110.78630074355094,94.22590684552831,110.11011011011011,123.7980693233878,103.93258426966293,110.78630074355094,94.22590684552831,123.7980693233878,103.93258426966293,0.020466555601491604,0.25616348941584033,99.55261031597612,100.02918265850296
Slovakia,SVK,2008,14497.111509918814,100830060552.90233,5379233.0,3703225.3741900004,68.843,0.46136999130249,616.333,88000.0,167.0,19.0,24680687121.45932,3.52165007591248,5.363376956048143,2.0,0.19,77983340638.83511,21058.221620090368,9.955046338631929,9.581704702351978,0.2447750897512369,23.76306897585138,31.04531817082473,1.4318453504634068,104.45495186579106,105.27306100744647,103.1086567934788,80.0,69.8145816058219,102.7027027027027,105.27306100744647,103.1086567934788,69.8145816058219,102.7027027027027,0.016359209575045365,0.2447750897512369,100.86968121092457,100.08579207988953
Slovakia,SVK,2009,13680.753701580677,89342984697.52455,5386406.0,3686186.9461000003,68.435,0.472719997167587,656.419,82100.0,176.0,19.6,16875525827.267927,4.00641012191772,-5.505338423500078,-2.9,0.196,73690093822.71637,19990.872655192044,9.903031081128507,9.523745284803645,0.1888847331931088,22.272337567377612,32.67484849823797,1.4261873945936507,94.93143825649535,94.36882438422585,102.46006590785302,93.29545454545455,105.24887623456414,103.15789473684211,94.36882438422585,102.46006590785302,105.24887623456414,103.15789473684211,0.015242074214234872,0.1888847331931088,99.53990302051959,100.1333461480475
Slovakia,SVK,2010,14596.147843002247,91112160800.76685,5391428.0,3704558.00736,68.712,0.605499982833862,745.509,88200.0,234.0,20.2,19674100648.354717,4.0447998046875,6.7905821401505335,6.9,0.20199999999999999,78694080172.90192,21242.50180900315,9.96375925603731,9.588512926513141,0.2159327632606111,23.808508282167367,43.402230355297334,1.3933172699018535,106.2610030857559,106.69110899435172,128.08850619010354,107.4299634591961,132.8307011358839,103.0612244897959,106.69110899435172,128.08850619010354,132.8307011358839,103.0612244897959,0.016359302210842842,0.2159327632606111,100.49837573429194,100.09323470974896
Slovakia,SVK,2011,14950.873559453734,99705104723.43405,5398384.0,3713440.3859200003,68.788,0.652549982070923,893.744,93800.0,224.0,21.6,22220939187.564972,3.89836001396179,2.5624245585508874,1.5,0.21600000000000003,80710556609.37808,21734.711809405322,9.986665884048367,9.61252500918223,0.22286661499631627,25.25959494479973,41.49389891493455,1.376552265175425,102.31709995756506,102.43026941263513,107.77043774912387,106.34920634920636,95.6031489056187,106.93069306930695,102.43026941263513,107.77043774912387,95.6031489056187,106.93069306930695,0.01737557017062884,0.22286661499631627,100.23976891554547,100.12901962151773
Slovakia,SVK,2012,15159.65710048225,94724394278.05197,5407579.0,3759186.69343,69.517,0.794610023498535,927.864,92600.0,168.0,23.0,21927296522.930676,3.8590099811554,1.5691711562839856,1.7,0.23,81977043383.7687,21807.122143478933,9.989991899250414,9.626393040238858,0.2314852123368111,24.63298781138982,31.06750728930636,1.3587604093113477,100.3331552527983,101.39646382666716,121.76998625864219,98.72068230277186,74.87247065646196,106.48148148148147,101.39646382666716,121.76998625864219,74.87247065646196,106.48148148148147,0.017124114136843862,0.2314852123368111,101.23191172486443,100.1703287502334
Slovakia,SVK,2013,15249.882523760318,99134277850.34184,5413393.0,3786939.07315,69.955,0.820050001144409,934.6320000000001,84900.0,184.0,24.4,24724281887.942677,4.06895017623901,0.7033236347383252,2.5,0.244,82553607304.94644,21799.560465671242,9.98964508644875,9.632327078645908,0.2494019467743308,22.41916185078194,33.98977314227879,1.3639539262765954,99.96532473309435,100.595167969038,103.20156767389692,91.68466522678186,109.40618063032788,106.08695652173911,100.595167969038,103.20156767389692,109.40618063032788,106.08695652173911,0.015683324672714508,0.2494019467743308,100.73825489349872,100.10751576629764
Slovakia,SVK,2014,15647.64911488553,101713075598.86238,5418649.0,3838625.1380899996,70.841,0.876999974250793,889.868,88400.0,211.0,25.1,25155449320.885,4.21589994430542,2.7079506235519375,2.0,0.251,84789118228.72536,22088.408005089612,10.002808225238086,9.658075968383457,0.24731775312835347,23.029078594526567,38.939595460049176,1.35381039776993,101.32501542805521,102.60832560844626,106.94469520479342,104.12249705535925,114.56268124253369,102.86885245901641,102.60832560844626,106.94469520479342,114.56268124253369,102.86885245901641,0.016314029567148565,0.24731775312835347,101.36485071297983,100.09709252588902
Slovakia,SVK,2015,16442.07608600175,89178548717.33238,5423801.0,3854641.13269,71.069,1.1572699546814,852.7309999999999,99200.0,228.0,26.6,21812620265.58587,4.57843017578125,5.176879510370895,3.5,0.266,89178548717.33238,23135.369972845758,10.049117893123572,9.707598943240708,0.2445949230988826,25.735210253093594,42.03694051459484,1.3147904513552842,104.73987064850895,105.07697332221291,131.95780942525536,112.21719457013575,107.95423018126485,105.97609561752988,105.07697332221291,131.95780942525536,107.95423018126485,105.97609561752988,0.01828975657477109,0.2445949230988826,100.4172325773902,100.095079050147
Slovakia,SVK,2016,16740.74149990508,90347173228.63564,5430798.0,3911749.4914199994,72.029,0.788569986820221,811.752,103300.0,220.0,27.2,20259878709.331226,3.90078997612,1.9478190258231223,0.4,0.272,90915585456.20152,23241.668633335303,10.053702008445804,9.725600638158351,0.22424474375153816,26.407621507097378,40.50970041603462,1.3299544841343742,100.45946384524783,101.81647020936488,68.14053917413908,104.13306451612902,96.36690948517061,102.25563909774435,101.81647020936488,68.14053917413908,96.36690948517061,102.25563909774435,0.019021145695347165,0.22424474375153816,101.48154800315083,100.12900547051782
Slovakia,SVK,2017,17195.288804832497,95978130734.97664,5439232.0,3930008.29696,72.253,0.884559988975525,800.542,111800.0,183.0,28.7,20628576721.09455,3.93220996856689,2.874732255388963,2.2,0.287,93529165116.48666,23798.71950622465,10.077387055952704,9.752390718586469,0.2149299695995957,28.447777091585593,33.64445568786182,1.3106391925910437,102.39677658982873,102.71521607886957,112.1726674562353,108.22846079380446,83.05283757305847,105.51470588235293,102.71521607886957,112.1726674562353,83.05283757305847,105.51470588235293,0.02055437238198334,0.2149299695995957,100.4667682728674,100.15529946059492
Slovakia,SVK,2018,17869.014941956542,106611673364.83679,5446771.0,3949344.7166799996,72.508,0.835550010204315,889.7420000000001,110600.0,217.0,28.7,23411043893.73187,3.95290994644165,4.062120369830183,2.6,0.287,97328432384.41557,24644.197801561957,10.112296768460064,9.790823483072645,0.219591749710341,28.004645817034536,39.84011811768845,1.2737009264737615,103.55262095137586,103.91808561502442,94.45939457108248,98.92665474060823,118.41510674836653,100.0,103.91808561502442,94.45939457108248,118.41510674836653,100.0,0.0203056085890154,0.219591749710341,100.49201981927003,100.13860412646491
Slovakia,SVK,2019,18250.98028720529,105843498304.09395,5454147.0,3965982.9910500003,72.715,0.822409987449646,984.63,117200.0,206.0,29.3,21582502564.366547,4.27311992645264,2.2758991816033642,1.9,0.293,99543529380.51987,25099.333407419774,10.130596567293903,9.811974071935486,0.20390957319228886,29.55131180957766,37.76942572321575,1.2593102925630326,101.84682662232557,102.1375847884703,98.42738045668196,105.96745027124774,94.80249433910855,102.09059233449477,102.1375847884703,98.42738045668196,94.80249433910855,102.09059233449477,0.021488236382334398,0.20390957319228886,100.4212920259842,100.13541968259727
Slovakia,SVK,2020,17763.8564029317,107732602896.44077,5458827.0,3954592.6318800002,72.444,0.897809982299805,1000.407,133900.0,206.0,31.5,20239259981.99012,4.76427984237671,-2.585512529131904,6.9,0.315,96969818956.44644,24520.811113317457,10.10727746916524,9.784921132779438,0.18786569188758342,33.85936617606663,37.73704497321494,1.259163256507092,97.69506908924005,97.33097139656063,109.1681759707199,114.24914675767918,99.91426729588609,107.5085324232082,97.33097139656063,109.1681759707199,99.91426729588609,107.5085324232082,0.024529079232589714,0.18786569188758342,99.71279858749509,100.08580626814789
Slovakia,SVK,2021,18821.116313516934,120592216208.38567,5447247.0,4061739.72555,74.565,0.915390014648438,1103.234,137300.0,146.0,35.4,20189417147.313534,4.79718017578125,5.726988540118924,5.7,0.354,102523269375.45618,25241.22083218257,10.136233684430836,9.84273472665749,0.16741890797019462,33.80324916841101,26.80252979165439,1.2781757732819496,102.93795223794149,105.95174767575102,101.95810168022419,102.53920836445107,71.0244530558191,112.38095238095238,105.95174767575102,101.95810168022419,71.0244530558191,112.38095238095238,0.02520539274242567,0.16741890797019462,102.70943441319929,99.7878665141797
Slovakia,SVK,2022,18959.68183630569,115928615553.28644,5431752.0,4130358.5383199994,76.041,0.9086211141252818,1183.504,135400.0,188.2572463768115,35.1,16844912974.775093,4.321553896538347,0.4496738750815723,-3.0,0.35100000000000003,102984289733.7171,24933.498818145068,10.123967512363814,9.850069994882649,0.1453041847725021,32.78165775290616,34.65866011128849,1.2884925643902534,98.78087507698852,100.7362237206368,99.26054464055348,98.61616897305171,129.31115227070953,99.15254237288137,100.7362237206368,99.26054464055348,129.31115227070953,99.15254237288137,0.024927500371887377,0.1453041847725021,101.68939462906397,99.71554438416324
Slovakia,SVK,2023,19238.762237276645,132908336234.29451,5426740.0,4149014.067,76.455,0.9256468704947451,1349.936,129100.0,186.82115942028986,29.8,23576968809.72004,4.343751902636797,1.3783372720944413,0.4,0.298,104403760583.51866,25163.51087211647,10.133150242896352,9.864682389368376,0.17739270144919958,31.115826052946474,34.42603836194287,1.2642484762172668,100.92250211512237,101.47196774387083,101.87380153342065,95.34711964549483,99.3288207085944,84.90028490028489,101.47196774387083,101.87380153342065,99.3288207085944,84.90028490028489,0.023789604808780226,0.17739270144919958,100.4516685054559,99.90772774603847
Slovenia,SVN,1998,14874.290293444528,22058635314.483555,1981629.0,1363856.15925,68.825,1.30515003204346,155.637,26700.0,288.0,8.1,5799779284.477784,5.88301364181406,3.0638223550300268,2.4,0.081,29475324999.908188,21611.75487605453,9.980992652869954,9.607389517910534,0.2629255709517845,19.576844536657468,145.33497440741937,1.2371159596345773,,,,,,,,,,,0.013473763252354502,0.2629255709517845,,
Slovenia,SVN,1999,15646.688950748912,22609669083.71787,1983045.0,1343413.83525,67.745,1.33687996864319,125.83000000000001,27800.0,261.0,7.7,5812065392.22149,5.8427209606418415,5.268010752839956,3.4,0.077,31028088290.337875,23096.448373679108,10.047434134631951,9.658014604942254,0.2570610551928419,20.69354897988423,131.61577271317597,1.1940797779247188,106.86984238965988,105.1928437731567,102.4311332659626,104.11985018726593,90.56028891174937,95.06172839506173,105.1928437731567,102.4311332659626,90.56028891174937,95.06172839506173,0.014018844756422573,0.2570610551928419,98.50113783177534,100.071456362417
Slovenia,SVN,2000,16146.12159587524,20159190701.678864,1988925.0,1342683.489,67.508,1.35982000827789,142.858,30400.0,307.0,8.2,5308308867.843306,6.13048267364502,3.497916450999199,3.2,0.08199999999999999,32113424895.07616,23917.345493682584,10.082359227562087,9.689435150948233,0.2633195422572806,22.641225760987965,154.35473936925726,1.1920699025097772,103.55421364671365,103.19193822219124,101.71593861623806,109.35251798561151,117.27677936111445,106.49350649350649,103.19193822219124,101.71593861623806,117.27677936111445,106.49350649350649,0.015284638686727754,0.2633195422572806,99.94563505073148,100.29651369484807
Slovenia,SVN,2001,16576.716090619204,20668868706.811455,1992060.0,1349799.9353999998,67.759,1.46766996383667,149.353,32800.0,301.0,8.6,5659374728.529122,5.7568302154541,2.828686642333224,3.1,0.086,33021813055.47889,24464.227764015413,10.10496723829618,9.715754344573684,0.27381153796114965,24.299897443897894,151.09986646988546,1.1933719873990487,102.2865508652592,102.66686022514513,107.93119345959352,107.89473684210526,97.89130355655274,104.8780487804878,102.66686022514513,107.93119345959352,97.89130355655274,104.8780487804878,0.016465367509010773,0.27381153796114965,100.53001667617882,100.15762283645688
Slovenia,SVN,2002,17099.658381083784,23214593516.209476,1994530.0,1372416.1476999999,68.809,1.44324994087219,148.311,29500.0,300.0,8.8,6326214713.216958,5.67286014556885,3.2825834654293544,0.4,0.08800000000000001,34105781630.82304,24850.903778697244,10.1206494002275,9.746813764576796,0.27251025131237855,21.494937996349254,150.4113751109284,1.1776858831708505,101.58057723469447,103.15467965793607,98.33613662702186,89.9390243902439,99.54434681178604,102.32558139534886,103.15467965793607,98.33613662702186,99.54434681178604,102.32558139534886,0.014790451885907958,0.27251025131237855,101.67552329103482,100.12399224922943
Slovenia,SVN,2003,17635.361024818514,29360575031.817657,1995733.0,1341631.50925,67.225,1.2479100227356,169.057,32000.0,310.0,9.6,7774629017.702188,5.70333003997803,3.1950311097291575,3.4,0.096,35195471964.14413,26233.337337030145,10.174786298356057,9.777661314522895,0.264798254437351,23.85155669002487,155.33139954092056,1.1349938411975877,105.56291059127578,103.1328265851635,86.46527447501286,108.47457627118644,103.27104544211743,109.09090909090908,103.1328265851635,86.46527447501286,103.27104544211743,109.09090909090908,0.01603420898486922,0.264798254437351,97.7569020517872,100.06031496141946
Slovenia,SVN,2004,18425.259837848716,34156553313.40309,1997012.0,1401403.1709999999,70.175,1.37026000022888,173.68,34300.0,342.0,10.4,9107262879.920279,5.64425992965698,4.546019547025338,3.2,0.10400000000000001,36795464999.30194,26256.159369930487,10.175655883159504,9.821477819419359,0.26663295902126555,24.475469093968538,171.25585624923636,1.147584908865701,100.08699630019291,104.47906233344793,109.80439096282528,107.18749999999999,110.25192379350233,108.33333333333334,104.47906233344793,109.80439096282528,110.25192379350233,108.33333333333334,0.017175660436692417,0.26663295902126555,104.45514743339723,100.06408672903639
Slovenia,SVN,2005,19102.27719614767,35947936823.77814,2000474.0,1411674.48758,70.567,1.41778004169464,194.228,40300.0,344.0,11.4,9882953102.847904,5.60408020019531,3.854126785491843,6.8,0.114,38213608871.68631,27069.70283014393,10.206170404718165,9.85756283185719,0.2749240700876809,28.547657660857308,171.95924565877885,1.1266694983458763,103.09848614472207,103.6743978877749,103.46795801218911,117.49271137026238,100.4107242957688,109.6153846153846,103.6743978877749,103.46795801218911,100.4107242957688,109.6153846153846,0.020145225581537175,0.2749240700876809,100.73293087903252,100.17335899834352
Slovenia,SVN,2006,20166.532412585795,39260368837.03425,2006868.0,1423812.6399599998,70.947,1.5370500087738,216.399,36600.0,287.0,11.9,11489227954.851349,5.59066009521484,5.908784238821042,6.1,0.11900000000000001,40471568569.78123,28424.785279977725,10.255016764675615,9.911779698101514,0.29264187513219636,25.70562935937149,143.00890741194738,1.1135081025528955,105.00590072353813,105.57135259587143,108.4124450599967,90.81885856079404,83.16441890872326,104.38596491228071,105.57135259587143,108.4124450599967,83.16441890872326,104.38596491228071,0.018237372861593288,0.29264187513219636,100.85984074138847,100.31962424905299
Slovenia,SVN,2007,21485.78115923975,47880266542.57702,2018122.0,1444228.6468600002,71.563,1.42702996730804,251.849,38900.0,331.0,11.9,14053505092.137661,5.11661005020142,7.139231754470217,4.4,0.11900000000000001,43360927644.64724,30023.58922800853,10.309738659266714,9.975146653902335,0.29351350998935505,26.934793243836594,164.01387032102122,1.089736798088694,105.6246825869851,106.54177287231899,92.84212999982155,106.28415300546447,114.68787034961923,100.0,106.54177287231899,92.84212999982155,114.68787034961923,100.0,0.019275346089086785,0.29351350998935505,101.4338970119393,100.56077430105019
Slovenia,SVN,2008,22175.236994254865,55509332322.3578,2021316.0,1457490.11496,72.106,1.62672996520996,304.781,44200.0,301.0,12.3,15616507864.07198,5.10951995849609,3.372238037929833,-0.3,0.12300000000000001,44823161340.27927,30753.66404218077,10.333764421979447,10.006731494572975,0.2813312142430874,30.326106191953862,148.91288645615035,1.0531272671158884,102.43167067277608,103.2088934998699,113.99409980707242,113.62467866323907,90.79286170412661,103.36134453781514,103.2088934998699,113.99409980707242,90.79286170412661,103.36134453781514,0.02186694213077025,0.2813312142430874,100.91823882103657,100.15826595220705
Slovenia,SVN,2009,20307.618584165215,49975540954.84645,2039669.0,1465277.81291,71.839,1.81184005737305,302.85,46800.0,373.0,13.4,12042837862.967068,5.55496978759766,-7.590587429798617,-6.4,0.134,41420820089.94568,28268.236729583114,10.249494076247984,9.918751394335128,0.2409746374501064,31.939335727097735,182.8728092646405,1.0797243994741734,91.91827253757886,91.57791003282847,111.37927597830893,105.88235294117648,122.80522768490567,108.9430894308943,91.57791003282847,111.37927597830893,122.80522768490567,108.9430894308943,0.022944899392989746,0.2409746374501064,100.5343225226755,100.9079728256245
Slovenia,SVN,2010,20444.119924835115,47793117240.90009,2048583.0,1467584.37537,71.639,2.05133008956909,415.07800000000003,48600.0,442.0,15.1,11078790063.04447,5.54546022415161,1.1121374155134873,3.2,0.151,41881476527.97849,28537.69584281622,10.258981153462466,9.92545058588716,0.23180722879409785,33.11564283160701,215.75889285423145,1.0980953724766973,100.95322221831798,100.6721681328816,113.21805593277763,103.84615384615385,117.9830362544497,112.68656716417908,100.6721681328816,113.21805593277763,117.9830362544497,112.68656716417908,0.02372371536813495,0.23180722879409785,100.15741468543902,100.43703169484853
Slovenia,SVN,2011,20535.415733588343,51199194599.30944,2052843.0,1447664.8835999998,70.52,2.41297006607056,467.43199999999996,46200.0,470.0,16.4,11620960248.932585,5.541259765625,0.6554399117825369,3.4,0.16399999999999998,42155984440.7867,29119.988277918812,10.279180099766544,9.929906271308122,0.22697545029525376,31.91346320780507,228.9507770443234,1.0840380494572486,102.04043255037062,100.44656267469026,117.62953599425032,95.06172839506173,106.11417866284867,108.6092715231788,100.44656267469026,117.62953599425032,106.11417866284867,108.6092715231788,0.02250537425414413,0.22697545029525376,98.64270210937765,100.20794861618982
Slovenia,SVN,2012,19894.869789388154,46167053954.33673,2057159.0,1455131.4186500001,70.735,2.56061005592346,584.626,42900.0,321.49999999999636,17.0,9951586874.866625,5.62023019790649,-2.9155386026986037,-0.9,0.17,40926910441.06795,28125.9203921512,10.244446864025534,9.89821717794834,0.21555603016622238,29.481873217884694,156.283495830899,1.1043054445362284,96.58630396317366,96.8807744020858,106.11860014050347,92.85714285714286,68.26074051744473,103.65853658536588,96.8807744020858,106.11860014050347,68.26074051744473,103.65853658536588,0.02085400302067074,0.21555603016622238,100.5157640510995,100.2102450114305
Slovenia,SVN,2013,19704.218430472254,47867056858.88915,2059953.0,1459414.9019099998,70.847,2.56487011909485,609.954,44800.0,310.3999999999942,17.7,11185604731.502153,5.4057297706604,-0.8237772383204884,-0.8,0.177,40589763868.506615,27812.353988838284,10.233235589055294,9.888588025329279,0.23368064521863183,30.697233488138494,150.68304956472025,1.1203634236700513,98.88513371672481,99.04170592251077,100.16636907136778,104.42890442890442,96.41648260015984,104.11764705882351,99.04170592251077,100.16636907136778,96.41648260015984,104.11764705882351,0.021748069009341474,0.23368064521863183,100.29437088671851,100.13581837864744
Slovenia,SVN,2014,20228.707702572843,49514466379.605705,2061980.0,1466170.879,71.105,2.36547994613647,666.904,46900.0,299.29999999999563,18.1,12801397178.278385,5.29169988632202,2.7628316431637074,1.1,0.18100000000000002,41711190708.55115,28449.065048270644,10.255870576036292,9.914858047872862,0.25853852650123876,31.988085885315147,145.1517473496327,1.1007480469717237,102.28931020972868,102.66181210866743,92.22611034087194,104.6875,96.32918086601919,102.25988700564974,102.66181210866743,92.22611034087194,96.32918086601919,102.25988700564974,0.022745128468753335,0.25853852650123876,100.46292367449163,100.0984003033079
Slovenia,SVN,2015,20697.27485306189,42709468274.81365,2063531.0,1483926.4127200001,71.912,2.19565010070801,923.599,54300.0,288.1999999999971,18.9,10449007054.038458,4.90953016281128,2.393308724360736,0.7,0.18899999999999997,42709468274.81365,28781.392330990497,10.267484357693347,9.937757320976353,0.24465317589075156,36.59211099320583,139.66351850299176,1.09642398678551,101.16814834566964,102.3163474275198,92.82049100835361,115.77825159914713,96.21897156124396,104.4198895027624,102.3163474275198,92.82049100835361,96.21897156124396,104.4198895027624,0.026314118857434173,0.24465317589075156,101.21101393939227,100.07521896429645
Slovenia,SVN,2016,21309.712025173656,44290685824.0682,2065042.0,1481729.5862599998,71.753,2.00763988494873,637.719,50300.0,277.09999999999854,19.7,11060043000.156607,4.79266977310181,3.0344139541518445,3.3,0.19699999999999998,44005450339.88866,29698.705315699215,10.29885873177663,9.966918211400868,0.2497148733277555,33.94681490227991,134.18613277599127,1.0847977608035482,103.18717376198995,102.95902323595594,91.43715040485485,92.63351749539595,96.07815570901347,104.23280423280423,102.95902323595594,91.43715040485485,96.07815570901347,104.23280423280423,0.0243578580968329,0.2497148733277555,99.85195853101814,100.07322400293477
Slovenia,SVN,2017,22397.763808119107,48153200134.66126,2066388.0,1534913.0064,74.28,1.86530005931854,745.909,54500.0,266.0,20.7,13320068636.77666,4.78053998947144,5.174404539564435,4.2,0.207,46282470359.931625,30153.155369034877,10.314044852368689,10.016716402865104,0.2766185549356399,35.50689828853873,128.72703480662878,1.0739813961750588,101.53020156436057,105.10589623013257,92.91009176011539,108.34990059642146,95.93169736959642,105.07614213197971,105.10589623013257,92.91009176011539,95.93169736959642,105.07614213197971,0.02637452404872657,0.2766185549356399,103.58927976016457,100.06518027236251
Slovenia,SVN,2018,23293.966594838654,53689067639.91761,2073894.0,1557452.91612,75.098,1.9459400177002,747.762,53700.0,255.0,22.0,15372521577.648733,4.93455982208252,4.379081716129221,2.3,0.22,48309217557.23631,31018.09181980699,10.342325920325443,10.055949661594369,0.2863249866946716,34.4793729840514,122.95710388284068,1.0436717746083826,102.86847741202017,104.00130474808684,104.32316280583407,98.53211009174312,95.51770074370502,106.28019323671498,104.00130474808684,104.32316280583407,95.51770074370502,106.28019323671498,0.02589331952356292,0.2863249866946716,101.46848125112089,100.3632425275408
Slovenia,SVN,2019,23943.179639603386,53909922735.54501,2088385.0,1572010.9249,75.274,2.04128003120422,776.3589999999999,56100.0,244.0,23.1,15007653105.312408,4.89153003692627,3.505251668401627,1.1,0.231,50002577211.653114,31808.0341679775,10.367474183650188,10.083438787318604,0.2783838733906634,35.686774889028634,116.83669438345899,1.0224326762067477,102.54671484229112,102.78704376998884,104.89943228654587,104.46927374301676,95.02232135752521,105.0,102.78704376998884,104.89943228654587,95.02232135752521,105.0,0.026862862929967413,0.2783838733906634,100.9347318708207,100.69873387935931
Slovenia,SVN,2020,22811.805285300226,53384760135.15813,2102419.0,1572483.2668599999,74.794,2.14265990257263,838.717,68000.0,232.0,23.9,15037539697.55558,5.38373994827271,-4.0849981529781445,0.9,0.239,47959972856.115616,30499.512374388625,10.325465974742734,10.035033456614025,0.28168225649949413,43.24370340409742,110.34907884679504,1.040974750929598,95.8861909331504,95.27475309740481,104.96648523566864,121.21212121212122,94.44727910961642,103.46320346320346,95.27475309740481,104.96648523566864,94.44727910961642,103.46320346320346,0.03234369552406062,0.28168225649949413,100.03004698965626,100.67200252826945
Slovenia,SVN,2021,24659.24990133845,61529280461.09203,2108079.0,1592316.39186,75.534,2.13088011741638,917.931,65900.0,222.0,24.7,15915986011.887436,5.36526012420654,8.389650320944611,2.9,0.247,51983646872.763664,32646.556386976,10.393494658605446,10.112907358629531,0.25867336482102843,41.386247316729296,105.30914638398276,1.0209147991073397,107.0396011130667,108.0986339876779,99.4502260885124,96.91176470588235,95.43273716873564,103.34728033472804,108.0986339876779,99.4502260885124,95.43273716873564,103.34728033472804,0.031260688048218306,0.25867336482102843,101.26126143393589,100.26921370097968
Slovenia,SVN,2022,25276.935580247078,59927702746.28428,2112076.0,1620891.60544,76.744,2.395710325327471,1074.574,63500.0,278.1358695652161,26.0,13966666098.565004,4.915989293680553,2.6992375568737543,-1.2,0.26,53386808992.58593,32936.69287533498,10.40234260024981,10.137647621777365,0.23305859324686004,39.17596943983344,131.68838127284062,1.0101174765042575,100.88872003809482,102.50488429850861,112.42820775071047,96.35811836115326,125.04932932669755,105.26315789473684,102.50488429850861,112.42820775071047,125.04932932669755,105.26315789473684,0.030065205986905773,0.23305859324686004,101.79456882602464,100.1896039000436
Slovenia,SVN,2023,25708.869139636485,69148468417.32083,2120461.0,1626414.7916099997,76.701,2.441913883461467,1278.7540000000001,55000.0,275.8117391304331,25.8,18286131451.343346,4.875696612508321,2.112591843189989,1.9,0.258,54514654364.70272,33518.29720555989,10.419846753948883,10.154591314058658,0.2644473821312129,33.81671163083502,130.07159251239855,0.9775519651647357,101.76582491881099,101.70880508049775,101.92859535835915,86.61417322834646,98.77226164919418,99.23076923076923,101.70880508049775,101.92859535835915,98.77226164919418,99.23076923076923,0.025937755987966767,0.2644473821312129,100.34074987812033,100.3970027593704
Spain,ESP,1998,22135.404496060644,618731484575.1198,40223509.0,25281682.11177,62.853,0.848039984703064,4640.887000000001,354400.0,2271.0,18.5,141149627109.5332,4.28785991668701,4.301977405039452,-0.6,0.185,890363641965.9358,35217.7374127896,10.469305138441749,10.004933619047641,0.22812743593686693,14.018054591193815,56.459519730116035,0.7488034740627825,,,,,,,,,,,0.008810767852203048,0.22812743593686693,,
Spain,ESP,1999,23017.83877816842,634394904386.874,40386875.0,25709880.75625,63.659,0.838540017604828,4944.9619999999995,404900.0,2439.0,19.7,142066161394.5157,4.2604398727417,4.408865511559924,-0.5,0.19699999999999998,929618577504.0408,36158.02758159635,10.495654266049245,10.044024793340576,0.22393963194237648,15.748808943875398,60.390906699268015,0.7458596465074248,102.66993349909322,103.98652883106256,98.87977368171357,114.2494356659142,106.96319591088364,106.48648648648648,103.98652883106256,98.87977368171357,106.96319591088364,106.48648648648648,0.01002553428558164,0.22393963194237648,101.693711053667,100.40614557024352
Spain,ESP,2000,24106.881844138912,598102854756.0797,40567864.0,26468502.866800003,65.245,0.882759988307953,5667.65,447500.0,2710.0,21.2,134070338016.30252,4.16604995727539,5.200641185857279,0.4,0.212,977964704117.0966,36948.24407102293,10.51727340348864,10.090252632414758,0.22415933472007843,16.906887490085758,66.80164378385808,0.7571557265832247,102.18545242171557,104.73130026005487,105.27344787067325,110.52111632501854,110.61540128303417,107.61421319796955,104.73130026005487,105.27344787067325,110.61540128303417,107.61421319796955,0.011030898742906454,0.22415933472007843,102.95070256350986,100.44813816369798
Spain,ESP,2001,24878.37844114612,627798682378.741,40850412.0,26336669.12052,64.471,0.888329982757568,6175.441,523799.99999999994,2528.0,22.0,138892330414.36447,4.1112699508667,3.9190887906575256,0.30000000000000004,0.22,1016292009212.7368,38588.47922499437,10.560709045229457,10.12175436953403,0.2212370530758345,19.888619840383893,61.8843207750267,0.7376301804657714,104.43927768480292,103.20031683066793,100.63097495620428,117.05027932960891,92.63891914884346,103.77358490566037,103.20031683066793,100.63097495620428,92.63891914884346,103.77358490566037,0.0128223920972939,0.2212370530758345,99.50192216407765,100.69648231910855
Spain,ESP,2002,25205.315472721402,708938227243.9229,41431558.0,27565658.48414,66.533,0.959710001945496,7176.105,502700.0,2763.0,23.0,162900023653.4579,4.13457012176514,2.755456153326463,0.2,0.23,1044295489916.3542,37883.93048971398,10.542282303525228,10.134810182713801,0.2297802790050553,18.236458972646354,66.68829591201953,0.7560529798731217,98.17419927027328,101.31414124256011,108.03530451222068,95.97174494081712,107.76283083797125,104.54545454545455,101.31414124256011,108.03530451222068,107.76283083797125,104.54545454545455,0.012133263248270798,0.2297802790050553,104.66645709066695,101.42261967884193
Spain,ESP,2003,25481.165381707455,907963217057.6451,42187645.0,28622629.6267,67.846,1.02373003959656,8197.16,500200.0,2813.0,23.6,214318807466.87238,4.1734299659729,2.939289663682061,0.3,0.23600000000000002,1074990359309.7635,37557.35840242233,10.53362460077497,10.145694845755866,0.23604349101431232,17.475682930732518,66.67828934276848,0.7761555387786743,99.13796672343615,101.09441165013226,106.6707690366136,99.50268549830913,99.98499501432117,102.60869565217392,101.09441165013226,106.6707690366136,99.98499501432117,102.60869565217392,0.011856551841184783,0.23604349101431232,103.83437654198657,101.82490602936052
Spain,ESP,2004,25825.31065221351,1069829382514.6746,42921895.0,29520391.72415,68.777,1.04088997840881,8934.087,555900.0,2871.0,24.5,243402252097.34866,4.15785980224609,3.1145314520237832,0.3,0.245,1108471272156.6897,37549.34157089362,10.533411122308681,10.159110323042828,0.22751501882031172,18.83105092894923,66.88893861745852,0.7898296697165232,99.97865443186177,101.35058685641243,101.67621718114401,111.13554578168731,100.3159188347007,103.81355932203388,101.35058685641243,101.67621718114401,100.3159188347007,103.81355932203388,0.012951431897403411,0.22751501882031172,103.13654653383956,101.74043846249299
Spain,ESP,2005,26294.447372797942,1154667551775.875,43653155.0,30578162.0144,70.048,1.09956002235413,10183.015,620800.0,3040.0,26.1,254550583979.17032,4.14432001113892,3.5512255153724084,0.3,0.261,1147835586804.0913,37537.756071262476,10.533102534013572,10.177113069365934,0.22045357002339966,20.302070468056588,69.63986909995394,0.7997373690504688,99.96914593133604,101.81657725981398,105.63652693006114,111.67476164777838,104.11268371027404,106.53061224489797,101.81657725981398,105.63652693006114,104.11268371027404,106.53061224489797,0.014221194321464278,0.22045357002339966,103.58318514244058,101.70369924254277
Spain,ESP,2006,26899.092151077795,1261846683275.2922,44397319.0,31615774.83309,71.211,1.17701995372772,11794.092,644800.0,3111.0,26.4,272573837585.5074,4.1848201751709,4.043435207208574,0.6,0.264,1194247575041.797,37773.78796966451,10.53937070111102,10.199847815989854,0.2160118508835047,20.394882093009258,70.07179870478215,0.8291541661174904,100.62878531671937,102.29951506379773,107.04462965175384,103.86597938144331,100.62023322331102,101.14942528735634,102.29951506379773,107.04462965175384,100.62023322331102,101.14942528735634,0.014523399487252822,0.2160118508835047,103.3933132351165,101.70471985358218
Spain,ESP,2007,27338.795416554734,1476746276854.5144,45226803.0,32451135.688559998,71.752,1.24053001403809,13321.34,666900.0,3267.0,26.8,307886258310.8898,4.25404977798462,3.533500121911487,1.0,0.268,1236446314561.824,38101.78868401541,10.548016507099831,10.21606204992744,0.2084896120183156,20.550898631110233,72.2359261166437,0.8514589502555765,100.86832889149034,101.63463979753429,105.39583548343666,103.4274193548387,103.0884427856336,101.51515151515152,101.63463979753429,105.39583548343666,103.0884427856336,101.51515151515152,0.014745680785794212,0.2084896120183156,102.64222800130676,101.86832002175628
Spain,ESP,2008,27112.526299881538,1636115447612.4995,45954106.0,33405877.815640002,72.694,1.32500004768372,14678.222,674600.0,3632.0,27.0,316406808660.51794,4.52805995941162,0.7671657749314704,0.1,0.27,1245931907512.544,37296.786942363244,10.526662460966152,10.207751125162563,0.19338904789526581,20.194050990756033,79.03537498912502,0.8602292281291835,97.8872337245682,99.1723515494169,106.80918903128098,101.154595891438,109.41283546569589,100.74626865671641,99.1723515494169,106.80918903128098,109.41283546569589,100.74626865671641,0.014679863427220193,0.19338904789526581,102.94209156882168,101.60812383753944
Spain,ESP,2009,25860.8142643369,1496587590847.6553,46362946.0,33881113.677880004,73.078,1.36363995075226,14552.688,622400.0,3596.0,27.4,283567570588.4555,4.91200017929077,-3.768133071797891,2.3,0.27399999999999997,1198983535253.4814,35387.96117071745,10.474126961358339,10.160484139236816,0.18947609369649063,18.370116340253208,77.56193922620879,0.8550915143638189,94.88206376974078,95.38327036846394,102.9162189945644,92.26208123332346,98.13572623256489,101.48148148148147,95.38327036846394,102.9162189945644,98.13572623256489,101.48148148148147,0.013424513619130243,0.18947609369649063,101.42261150825831,100.88967022881481
Spain,ESP,2010,25766.251588922572,1427989078916.6694,46576897.0,34277335.80921,73.593,1.35995995998383,14560.155,635300.0,3566.0,28.4,261682596012.41046,4.85608005523682,0.09412231666826187,2.4,0.284,1200112046333.333,35011.823935595196,10.46344111015224,10.15682083668021,0.18325251913756477,18.534112555775142,76.56156226980943,0.8936354157869228,98.93710396790676,99.63433991502451,99.73013472020969,102.07262210796915,98.71022183511712,103.64963503649636,99.63433991502451,99.73013472020969,98.71022183511712,103.64963503649636,0.013639809453171602,0.18325251913756477,101.16944836907378,100.46146981255247
Spain,ESP,2011,25510.55796010688,1487568659241.248,46742697.0,34552669.049370006,73.921,1.33341002464294,14160.778,658200.0,3430.0,29.3,260892905127.7866,4.7408299446106,-0.6399206912873723,1.5,0.293,1192432281030.2139,34510.569337680594,10.44902091371547,10.146847683107831,0.17538209312695394,19.049179646861486,73.38044700330406,0.9141972355083219,98.56832766314412,99.00764134071554,98.04774139518007,103.60459625373839,95.8450230478646,103.16901408450705,99.00764134071554,98.04774139518007,95.8450230478646,103.16901408450705,0.014081344086756483,0.17538209312695394,100.80325157618005,100.3559704717985
Spain,ESP,2012,24763.568270368833,1330994811670.3127,46773055.0,34731331.99025,74.255,1.29876005649567,13366.5,652900.0,3266.0,30.0,242192048872.44717,4.48113012313843,-2.865113672910695,2.0,0.3,1158267740706.2163,33349.36134990079,10.414793901232395,10.117128830727212,0.1819631802835593,18.798587977659086,69.82652726019286,0.9339584073293672,96.63521057442559,97.07184103575398,97.40140185637584,99.19477362503798,95.15685732610599,102.38907849829353,97.07184103575398,97.40140185637584,95.15685732610599,102.38907849829353,0.013958891502810752,0.1819631802835593,100.51707421103913,100.064947044027
Spain,ESP,2013,24490.227930977722,1362186923157.651,46620045.0,34650814.646699995,74.326,1.27481997013092,12990.247,636800.0,3026.0,30.9,258706960314.5426,4.34961986541748,-1.4273221918188028,1.5,0.309,1141735528202.4382,32949.74562195964,10.402738819778232,10.106029457006933,0.18992030823114978,18.377634306518285,64.90770225554265,0.950860192947113,98.80172899340293,98.89619970592777,98.15669674740802,97.5340787256854,92.95564995474955,103.0,98.89619970592777,98.15669674740802,92.95564995474955,103.0,0.013659360474662777,0.18992030823114978,99.76817087357142,99.67286720955045
Spain,ESP,2014,24937.036611834126,1380244561361.956,46480882.0,34525534.34078,74.279,1.24159002304077,12799.177,629100.0,2953.0,31.7,266311414122.99017,4.30150985717773,1.520485922798187,0.5,0.317,1159095456184.3418,33572.122150047966,10.421451303646235,10.124109391477983,0.1929450921800463,18.221296556645484,63.53149666996423,0.9351673193617813,101.88886595735518,101.82443659616266,97.3933615829114,98.79082914572864,97.87974995608337,102.58899676375404,101.82443659616266,97.3933615829114,97.87974995608337,102.58899676375404,0.0135345968693107,0.1929450921800463,99.63844917587838,99.70149535462697
Spain,ESP,2015,25969.838313832726,1206164777553.1243,46444832.0,34556812.80128,74.404,1.22178995609283,13144.0,656000.0,2799.0,32.1,248981666720.5768,4.28457021713257,4.060866697185688,1.0,0.321,1206164777553.1243,34903.8201089091,10.460351560908348,10.164691078754961,0.206424255917729,18.983232156632845,60.265047357690946,0.9035567835705081,103.96667792673104,104.14163766960374,98.40526529848816,104.275949769512,94.85853555561275,101.26182965299684,104.14163766960374,98.40526529848816,94.85853555561275,101.26182965299684,0.014124284053821101,0.206424255917729,100.09059515253628,99.92244123078387
Spain,ESP,2016,26704.34358285132,1243015667917.1238,46484062.0,34557181.37204,74.342,1.18985998630524,13228.0,656600.0,2745.0,32.7,267657271151.01843,4.22544002532959,2.9151560280817392,0.4,0.327,1241326362774.563,35920.937804809284,10.48907563022703,10.192581512162889,0.21532896009229072,19.0003922174987,59.05249846710901,0.8945808623531484,102.91405838308387,102.82830127836169,97.3866236476768,100.09146341463415,97.98797322204842,101.86915887850468,102.82830127836169,97.3866236476768,97.98797322204842,101.86915887850468,0.014125271582332887,0.21532896009229072,100.00106656468037,100.08446580235236
Spain,ESP,2017,27413.328763015747,1321754088818.826,46593236.0,34521860.41712,74.092,1.20976996421814,14033.0,706200.0,2167.0,33.2,288143459086.3397,4.20552015304565,2.8960420808163008,0.7,0.332,1277275696600.7808,36999.04006237616,10.5186472470297,10.218784625302085,0.21800080780823355,20.45660319192366,46.5088966990831,0.8693790015140479,103.00131990825288,102.65494329776266,101.67330426622084,107.55406640268048,78.7585587508843,101.52905198776759,102.65494329776266,101.67330426622084,78.7585587508843,101.52905198776759,0.015156706436960076,0.21800080780823355,99.89778982683876,100.23486329572489
Spain,ESP,2018,27947.31776526194,1431642809327.0579,46797754.0,34508663.7996,73.74,1.24151003360748,14906.0,699000.0,1525.0,34.0,314901965128.6186,4.1794900894165,2.3954112036424675,-0.1,0.34,1307871701738.558,37899.807113184084,10.542701301695669,10.238076508513576,0.21995847223696666,20.255782839325768,32.58703398457969,0.8432963932381572,102.43456870580788,101.94791740493265,102.62364501749333,98.98045879354291,70.06623742425205,102.40963855421687,101.94791740493265,102.62364501749333,70.06623742425205,102.40963855421687,0.014936614265718821,0.21995847223696666,99.9617731566012,100.43894354107536
Spain,ESP,2019,28291.630684387324,1403496387686.2722,47134837.0,34768541.16468,73.764,1.25024998188019,15530.0,732200.0,1288.0,35.1,315249349397.53925,4.23021984100342,1.9611785315134966,0.2,0.35100000000000003,1333521400772.795,38354.25232415179,10.554620682634154,10.250321304358936,0.22461714341655142,21.059267241957606,27.32586091259847,0.8352861772227822,101.19906998368238,101.2320070284289,100.70397725641524,104.74964234620887,83.85501093940974,103.23529411764707,101.2320070284289,100.70397725641524,83.85501093940974,103.23529411764707,0.015534157888357608,0.22461714341655142,100.75307860828563,100.72029738863108
Spain,ESP,2020,25073.720975100536,1289783836971.2097,47365655.0,34229737.898849994,72.267,1.41039001941681,15722.0,746500.0,1431.0,36.0,265568142580.89957,4.89540004730225,-10.940070659186645,-0.15,0.36,1187633217272.8755,34695.94832371696,10.454378196112346,10.129575603557123,0.2059012797094212,21.80852223309253,30.2117641991861,0.9120625295599858,90.46180337575976,88.6259305969854,112.80864146030967,101.95301830101064,110.5610699542758,102.56410256410255,88.6259305969854,112.80864146030967,110.5610699542758,102.56410256410255,0.015760364762188974,0.2059012797094212,98.45031385332511,100.4896972487674
Spain,ESP,2021,26721.148180545268,1461244901852.6897,47415794.0,34922206.43894,73.651,1.42929005622864,17193.168,806600.0,1308.0,36.2,316729449951.4781,4.86506986618042,6.683144185002803,-0.5,0.36200000000000004,1267004457572.2092,36280.767648158566,10.499043062995263,10.193210597556153,0.21675315995963562,23.097051482422962,27.58574495240974,0.9153663947175232,104.56773600668028,106.57033396471434,101.34005747003549,108.0509042196919,91.30795795484494,100.55555555555557,106.57033396471434,101.34005747003549,91.30795795484494,100.55555555555557,0.01701120938731934,0.21675315995963562,102.02300275315072,100.10585518135451
Spain,ESP,2022,28168.367041539685,1446498147749.033,47759127.0,35475957.12687001,74.281,1.4366857679425777,19257.444,903600.0,2145.7826086956484,36.5,304490770974.34827,4.31587886810303,6.179312225729632,1.4,0.365,1345296618919.508,37921.36218082643,10.54326987821391,10.245954891193747,0.2105020123587309,25.47077156420398,44.92926783807519,0.8691901985401582,104.5219399671416,105.4160055219786,100.51743952752685,112.02578725514505,162.87132327071853,100.82872928176793,105.4160055219786,100.51743952752685,162.87132327071853,100.82872928176793,0.01891994382560636,0.2105020123587309,101.58566924715429,100.72408995196834
Spain,ESP,2023,28569.843648233837,1620090734956.8914,48347910.0,36060772.1526,74.586,1.4577901293315776,22316.643,924700.0,2102.2952173913072,37.1,377753609551.4871,4.585773579279582,2.675663492582288,0.6,0.371,1381292229418.881,38304.56606901273,10.553324386574857,10.2601070226244,0.23316818089299096,25.642823067872904,43.482649351157214,0.8440743325387619,101.01052247637892,101.42527469236005,101.468961540506,102.33510402833113,96.78023133577075,101.64383561643835,101.42527469236005,101.468961540506,96.78023133577075,101.64383561643835,0.01912595601340368,0.23316818089299096,101.64848272772053,101.23281776067641
Sweden,SWE,1998,38211.11862203989,270889570937.9992,8850974.0,6880216.12916,77.734,3.5472600040699653,8250.868500579774,247100.0,3972.0,25.1,64829469302.25246,7.06125020980835,4.2457253710946645,2.6,0.251,338205617434.5909,49156.24903136322,10.802759259535426,10.550881815648117,0.2393206540870875,35.91456944974899,448.76416990943596,0.41534935296910547,,,,,,,,,,,0.027917831416067882,0.2393206540870875,,
Sweden,SWE,1999,39785.38015720287,274320415375.6778,8857874.0,6933057.9798,78.27,3.38131999969482,8683.794,264300.0,4142.0,25.9,69417327540.07706,6.84873008728027,4.20107363910364,1.4,0.259,352413884474.6032,50830.94436847179,10.836260589227082,10.591254791055738,0.25305199193800815,38.121706290364,467.60656112290604,0.4052533233295872,103.40688187180447,104.1199043418084,95.32202307739627,106.96074463779846,104.19872897100333,103.18725099601593,104.1199043418084,95.32202307739627,104.19872897100333,103.18725099601593,0.029837859513467905,0.25305199193800815,100.76802602778776,100.07795752196311
Sweden,SWE,2000,41561.09671687488,262905197441.66248,8872109.0,6863995.848940001,77.366,3.6275600194931004,9576.7505,273000.0,4224.0,26.8,68687931358.87807,6.740149974823,4.631115990615584,3.3,0.268,368734580231.6561,53720.10536524427,10.891542612013588,10.63491983362521,0.2612650188253491,39.77275132562312,476.0987494630645,0.38288651805827634,105.68386252246083,104.46323888990297,107.2823636869774,103.29171396140748,101.81609691698196,103.47490347490347,104.46323888990297,107.2823636869774,101.81609691698196,103.47490347490347,0.030770586790581585,0.2612650188253491,99.0038720134576,100.1607044760402
Sweden,SWE,2001,42013.70042648007,242499249692.616,8895960.0,6949612.911599999,78.121,3.87380003929138,10469.707,299500.0,3926.0,22.5,64395932405.80989,6.61764001846313,1.360766926481702,0.7,0.225,373752198445.94965,53780.29009674745,10.892662323946416,10.645751044704125,0.26555105835352494,43.09592545796145,441.3239268162177,0.4056769017488122,100.11203390442735,101.08900809978245,106.78803433919994,109.70695970695972,92.69588027986522,83.955223880597,101.08900809978245,106.78803433919994,92.69588027986522,83.955223880597,0.03366696792701406,0.26555105835352494,101.24733558329906,100.26883123279933
Sweden,SWE,2002,42831.01886195751,267373345246.5313,8924958.0,6956915.511419999,77.949,3.7266399860382053,10517.3445,290800.0,3358.0,23.2,69204314042.1762,6.92434978485107,2.2776711493939246,3.7,0.23199999999999998,382265044440.1786,54947.48984843618,10.914133278141172,10.665017858838207,0.2588302658904403,41.80013391317495,376.24826917953004,0.38420200525717796,102.17031137167353,101.94536169673431,96.20114482522195,97.09515859766277,85.25444606954488,103.11111111111111,101.94536169673431,96.20114482522195,85.25444606954488,103.11111111111111,0.032582786383980746,0.2588302658904403,100.10507923121604,100.32596819230302
Sweden,SWE,2003,43474.579217835024,334074051172.97156,8958229.0,6980520.78367,77.923,3.57947993278503,10564.982,258300.0,3025.0,23.9,90335620931.4456,6.79142999649048,1.880944118853023,3.3,0.239,389455236312.007,55791.71646091016,10.92938068682821,10.679931660459946,0.2704059791961306,37.00296983632776,337.67835137949703,0.38039945272543463,101.53642434768658,101.5025567286916,96.05113309027682,88.8239339752407,89.74881189908437,103.01724137931035,101.5025567286916,96.05113309027682,89.74881189908437,103.01724137931035,0.028833824185561678,0.2704059791961306,100.33930658222386,100.37278606801287
Sweden,SWE,2004,45113.83085137614,384547211147.2465,8993531.0,6986624.55735,77.685,3.36128997802734,10384.468,251400.0,2768.0,24.7,103926654214.7698,6.66310977935791,4.179530395518995,3.2,0.247,405732636290.60767,58072.76932660891,10.96945214668325,10.716944149239124,0.2702572043227623,35.98304130075583,307.7767786645757,0.35378864534195387,104.08851530369556,103.77059804380724,93.90442302080665,97.32868757259001,91.14495418709366,103.34728033472804,103.77059804380724,93.90442302080665,91.14495418709366,103.34728033472804,0.02795342563449217,0.2702572043227623,100.08744009034798,100.39407342679006
Sweden,SWE,2005,46188.8411079246,391690329314.4746,9029572.0,7104015.771000001,78.675,3.35958003997803,10575.617999999999,263700.0,2522.0,25.9,108171621846.93747,6.5064001083374,2.7931768549769913,2.9,0.259,417065466380.56494,58708.40941585586,10.980338256472798,10.740493513435178,0.2761661796354697,37.119850025738344,279.30448973661214,0.35250164659124295,101.09455790832365,102.3828839986788,99.94912851731067,104.89260143198092,90.74904576898132,104.8582995951417,102.3828839986788,99.94912851731067,90.74904576898132,104.8582995951417,0.029204042007749648,0.2761661796354697,101.6802278795202,100.40074360115065
Sweden,SWE,2006,48077.44086956246,422530427475.5361,9080505.0,7150534.467299999,78.746,3.47499990463257,11696.795999999998,263800.0,2446.0,25.9,128676274802.8668,6.36429023742676,4.675998708774912,2.8,0.259,436567442203.26624,61053.81971092178,11.019511044509088,10.780568341285903,0.30453729822881687,36.89234716738725,269.3682785263595,0.3490138227194226,103.99501590726537,104.08886587395637,103.43554442165619,100.03792188092528,96.44251647382302,100.0,104.08886587395637,103.43554442165619,96.44251647382302,100.0,0.029051247700430757,0.30453729822881687,100.65482253699234,100.56406881743676
Sweden,SWE,2007,49261.23994530511,490050156832.57385,9148092.0,7239434.08512,79.136,3.23382997512817,11588.307,269200.0,2527.0,26.4,155067883532.12766,6.17158985137939,3.224911317116664,0.1,0.264,450646355053.72614,62248.83737528446,11.038895137450284,10.804892842801198,0.3164326781046348,37.185227026697596,276.2324646494592,0.3605803199051234,101.95731842826683,102.46227555862298,93.05985795329394,102.0470053070508,102.54825332836211,101.93050193050193,102.46227555862298,93.05985795329394,102.54825332836211,101.93050193050193,0.02942690125984741,0.3164326781046348,101.24325836378452,100.74430882423388
Sweden,SWE,2008,48427.75637780001,514616528348.83405,9219637.0,7315413.174020001,79.346,3.46999001502991,12290.227,223600.0,2549.0,26.9,159959991793.05844,6.34455013275146,-0.9231230829503119,-2.3,0.26899999999999996,446486334527.751,61033.64552441208,11.019180557072815,10.787828407208718,0.3108333739421389,30.565600968936966,276.47509332525783,0.3677111320225208,98.04784811715236,98.30803372300308,107.30279704616751,83.06092124814265,100.08783496034998,101.89393939393938,98.30803372300308,107.30279704616751,100.08783496034998,101.89393939393938,0.02425258174481273,0.3108333739421389,101.0495169650922,100.78207565031047
Sweden,SWE,2009,45973.55376754172,434313804907.3663,9298515.0,7338666.99345,78.923,3.39527988433838,10675.01,225900.0,2186.0,27.6,114579933447.92772,6.74971008300781,-4.255573742711448,-1.3,0.276,427485779310.7932,58251.148293326056,10.97251908442379,10.735821592045534,0.2638183086820512,30.782157059534534,235.0913022133104,0.3566993912983669,95.44104369454207,94.93223970337942,97.84696410168529,101.02862254025044,85.0316386137316,102.6022304832714,94.93223970337942,97.84696410168529,85.0316386137316,102.6022304832714,0.024294201816096442,0.2638183086820512,100.3178743138198,100.85554344493173
Sweden,SWE,2010,48204.658078417626,492753255885.71826,9378126.0,7416690.9470999995,79.085,3.1678900718689,11865.832,218400.0,2196.0,28.2,139812342203.6104,6.52268981933594,5.750735843227247,3.3,0.282,452069357246.31836,60952.9722177627,11.017857898572997,10.783210936000359,0.2837370236190512,29.447094608330225,234.16192104904542,0.3392186273661668,104.63823289942971,104.85301684998542,93.30276677577083,96.67994687915007,99.60467224626554,102.17391304347825,104.85301684998542,93.30276677577083,99.60467224626554,102.17391304347825,0.023288234770997958,0.2837370236190512,101.06318972804786,100.85616896891601
Sweden,SWE,2011,49355.68994197374,570541353128.7235,9449213.0,7552661.458769999,79.929,3.18702006340027,13115.684000000001,225900.0,2004.0,29.1,161665733540.47934,6.36691999435425,3.163910481452035,0.8,0.29100000000000004,466372427023.6675,61749.41503330924,11.030839781300564,10.806808335925059,0.28335497971170703,29.90998619932705,212.08115427178964,0.33237836792322817,101.3066513191533,102.38780215323517,100.60387169685103,103.43406593406594,90.57029995383795,103.19148936170215,102.38780215323517,100.60387169685103,90.57029995383795,103.19148936170215,0.02390675286926012,0.28335497971170703,101.83330426789814,100.75800858295143
Sweden,SWE,2012,48788.86712310369,549742183874.3553,9519374.0,7644342.903220001,80.303,3.23024988174438,13850.599999999999,229600.0,2288.0,30.1,146954485100.7696,7.5369701385498,-0.41446572107088286,-0.3,0.301,464439473181.1281,60755.97066498598,11.01462063892459,10.795257433091725,0.2673152787095493,30.035282679860735,240.35193910860104,0.33413166963717167,98.39116796849432,98.85155527247933,101.3564338311064,101.63789287295263,113.33017303394217,103.43642611683848,98.85155527247933,101.3564338311064,113.33017303394217,103.43642611683848,0.024119233050408567,0.2673152787095493,101.2138958557919,100.7425062806818
Sweden,SWE,2013,48927.59730533542,584128116410.29,9600379.0,7785907.369,81.1,3.26042008399963,14373.692,229200.0,2332.0,31.4,153542242043.2713,7.61120986938477,1.1377164979708567,0.7,0.314,469723477690.59875,60329.959685986956,11.007584103209604,10.79809687834288,0.26285713310095765,29.437802061783046,242.90707689769332,0.3460149095157412,99.29881627379787,100.28434802940123,100.93398973329448,99.82578397212544,101.06308182849224,104.31893687707641,100.28434802940123,100.93398973329448,101.06308182849224,104.31893687707641,0.02387405747210605,0.26285713310095765,101.85188534282481,100.85094881239039
Sweden,SWE,2014,49556.70050076988,577730245154.1624,9696110.0,7902135.7278,81.498,3.10184001922607,13579.161000000002,230300.0,1984.0,32.8,151852124686.62347,7.57372999191284,2.2957638087283954,0.8,0.32799999999999996,480507219292.51984,60807.259688298946,11.01546446359439,10.810872757674707,0.2628426085708963,29.144019785663293,204.6181406770344,0.3411541594136267,100.79114921474554,101.28578395441843,95.13620758405384,100.47993019197207,84.23720843802946,104.45859872611463,101.28578395441843,95.13620758405384,84.23720843802946,104.45859872611463,0.02375179324491987,0.2628426085708963,101.49280428460747,100.9971585496781
Sweden,SWE,2015,51197.95293411751,501698263620.6632,9799186.0,8011128.53058,81.753,3.21902990341187,14635.377,235500.0,2038.0,34.0,131287802956.82497,7.4439001083374,4.410140675793414,2.8,0.34,501698263620.6632,62625.167191561784,11.04492250810914,10.84345482847279,0.26168677963791476,29.396607369492543,207.97645845277353,0.3189858363697162,102.98962247695673,103.31186785391841,103.7780763501478,102.25792444637429,101.64126101655857,103.65853658536588,103.31186785391841,103.7780763501478,101.64126101655857,103.65853658536588,0.024032608422781238,0.26168677963791476,101.3792828487691,101.0630654974005
Sweden,SWE,2016,51746.696963247814,514218206628.3252,9923085.0,8143478.9361000005,82.066,3.24735999107361,15111.998,236800.0,2032.0,35.3,132937669974.87178,7.61861991882324,2.3497408043253927,-0.4,0.353,513486872435.5499,63054.97643755978,11.051762266709147,10.854115882293454,0.25852384894445907,29.07848130487166,204.77502712110194,0.33189422587103046,100.68632031701132,101.07180853468192,100.88008153113807,100.55201698513801,98.46067609983918,103.8235294117647,101.07180853468192,100.88008153113807,98.46067609983918,103.8235294117647,0.023863546467655976,0.25852384894445907,101.65208191348813,101.26438053119922
Sweden,SWE,2017,51985.93246424495,536083940228.68365,10057698.0,8299411.235640001,82.518,3.36279010772705,16123.028999999999,252700.0,1992.0,36.0,144065647803.60678,7.56883001327515,1.8251560149471686,0.2,0.36,522858808973.7715,62999.506125021144,11.050882166057564,10.858728431430098,0.26873710811435797,30.44794297152493,198.05724928308646,0.33714408248618355,99.9120286523403,100.4623203316089,103.5545833221674,106.71452702702702,96.7194350148748,101.98300283286119,100.4623203316089,103.5545833221674,96.7194350148748,101.98300283286119,0.025125033581242944,0.26873710811435797,101.91481184839508,101.35656401209907
Sweden,SWE,2018,52363.382918129566,551312498430.1636,10175214.0,8418565.05504,82.736,3.32105994224548,15613.698000000002,265900.0,1838.0,37.1,149709833059.21118,7.64084005355835,1.9029645884077269,0.3,0.371,532808626955.91284,63289.720216265676,11.055478197097006,10.86596282676278,0.2715516762008895,31.58495518672886,180.63502153369944,0.33051949783681955,100.460660898942,100.72606267886842,98.75906125137926,105.22358527898695,91.20343849445008,103.05555555555557,100.72606267886842,98.75906125137926,91.20343849445008,103.05555555555557,0.02613212852329199,0.2715516762008895,101.43569002688191,101.16841845917426
Sweden,SWE,2019,53156.861309127285,532169294165.9397,10278887.0,8524075.41136,82.928,3.38757991790771,16135.555,275000.0,1802.0,37.8,156428579023.61334,7.63851022720337,2.5496478525304838,2.8,0.37799999999999995,546393370671.1914,64100.016049015154,11.068199893283381,10.881002468742642,0.2939451425298435,32.261563480950514,175.31080942907533,0.32170696657355435,101.28029612072962,101.51533065050118,102.00297425578093,103.42233922527267,97.05250285386612,101.88679245283016,101.51533065050118,102.00297425578093,97.05250285386612,101.88679245283016,0.026753869363482643,0.2939451425298435,101.25330570744752,101.01887783392074
Sweden,SWE,2020,51715.78104095996,545147614972.1406,10353442.0,8543556.80398,82.519,3.48959994316101,16749.962,290700.0,1764.0,38.3,163699169520.51602,7.92561006546021,-2.005337503537632,1.3,0.38299999999999995,535436339492.2786,62671.36179662861,11.04565987262407,10.853518256491244,0.3002841157598786,34.02564138914345,170.37812159473148,0.3207808530482623,97.77121077271791,97.28900421756113,103.01159021264688,105.7090909090909,97.18631848748639,101.32275132275133,97.28900421756113,103.01159021264688,97.18631848748639,101.32275132275133,0.02807761901790728,0.3002841157598786,100.22854552171181,100.72532172014344
Sweden,SWE,2021,54458.35356008173,637186904843.6361,10415811.0,8627207.93508,82.828,3.41742992401123,18375.627,311700.0,1771.0,39.6,203033628424.58362,7.57219982147217,5.937508573074396,3.3,0.396,567227918052.9884,65748.72453769465,11.093595551185613,10.9051915336753,0.3186406168758404,36.12988145707765,170.02996694160447,0.3208139065271727,104.91031733290275,105.30316368411721,97.93185407137514,107.22394220846235,99.79565765259747,103.39425587467366,105.30316368411721,97.93185407137514,99.79565765259747,103.39425587467366,0.029925658213268272,0.3186406168758404,100.97911365277083,100.60239869987197
Sweden,SWE,2022,54878.291951187624,579895717343.956,10486941.0,8749569.48453,83.433,3.224569528470397,19125.716,348400.0,1309.5760869565129,41.1,181770974594.17783,7.701078413189336,1.459288507572694,-1.6,0.41100000000000003,575505409872.8795,65775.28310283416,11.093999410009214,10.912873138577007,0.31345459046796725,39.819102027362774,124.87684320494535,0.31846066674485307,100.04039403855552,100.77111841187522,94.35656619655094,111.77414180301572,73.4440201637123,103.78787878787878,100.77111841187522,94.35656619655094,73.4440201637123,103.78787878787878,0.033222271394489584,0.31345459046796725,101.41832155166277,100.68290409647409
Sweden,SWE,2023,54449.79820429526,584960475767.3202,10536632.0,8849506.48416,83.988,3.211124091987081,19286.068,363100.0,1208.7221739130327,41.9,181634053172.0059,7.754487251958992,-0.31067018472589325,-1.2,0.419,573717486152.9199,64830.449831279766,11.079530676773379,10.90503442228069,0.3105065396662022,41.030536635000345,114.71618007661583,0.31786804234024046,98.5635435881329,99.21919263217322,99.58303158407337,104.21928817451204,91.86345292885564,101.94647201946472,99.21919263217322,99.58303158407337,91.86345292885564,101.94647201946472,0.034460727109004094,0.3105065396662022,101.14219333656014,100.47383693681505
